{
	"__comment": "Made by Cloe with Cubik Studio - https://www.planetminecraft.com/member/clo/",
	"textures": {
		"voxels_atlas": "./frosty_costume"
	},
	"elements": [ 	 
		{
			"__comment": "Voxels",
			"from": [ -1, 13.5, 0.5 ],
			"to": [ 17, 15.5, 3.5 ],
			"faces": {
				"down": { "uv": [ 6.75, 12.5, 11.25, 13.25 ], "texture": "#voxels_atlas" },
				"up": { "uv": [ 2.25, 13.25, 6.75, 12.5 ], "texture": "#voxels_atlas" },
				"north": { "uv": [ 11.25, 12, 6.75, 12.5 ], "texture": "#voxels_atlas" },
				"south": { "uv": [ 11.25, 12, 15.75, 12.5 ], "texture": "#voxels_atlas" },
				"west": { "uv": [ 2.25, 0.5, 3, 1 ], "texture": "#voxels_atlas" },
				"east": { "uv": [ 3, 1, 2.25, 1.5 ], "texture": "#voxels_atlas" }
			}
		},
		{
			"__comment": "Voxels",
			"from": [ -1, 13.5, 3.5 ],
			"to": [ 3.5, 15.5, 4 ],
			"faces": {
				"down": { "uv": [ 1, 0.125, 2.125, 0.25 ], "texture": "#voxels_atlas" },
				"up": { "uv": [ 1, 0.125, 2.125, 0 ], "texture": "#voxels_atlas" },
				"north": { "uv": [ 15.75, 14, 14.625, 14.5 ], "texture": "#voxels_atlas" },
				"south": { "uv": [ 13.5, 13.5, 14.625, 14 ], "texture": "#voxels_atlas" },
				"west": { "uv": [ 15.875, 12.75, 16, 13.25 ], "texture": "#voxels_atlas" },
				"east": { "uv": [ 3.125, 1, 3, 1.5 ], "texture": "#voxels_atlas" }
			}
		},
		{
			"__comment": "Voxels",
			"from": [ -1, 13.5, 4 ],
			"to": [ 3, 15.5, 15.5 ],
			"faces": {
				"down": { "uv": [ 2.25, 9.625, 3.25, 12.5 ], "texture": "#voxels_atlas" },
				"up": { "uv": [ 2.25, 9.625, 3.25, 6.75 ], "texture": "#voxels_atlas" },
				"north": { "uv": [ 3.25, 5.25, 2.25, 5.75 ], "texture": "#voxels_atlas" },
				"south": { "uv": [ 2.25, 5.75, 3.25, 6.25 ], "texture": "#voxels_atlas" },
				"west": { "uv": [ 6.75, 9.75, 9.625, 10.25 ], "texture": "#voxels_atlas" },
				"east": { "uv": [ 12.5, 9.75, 9.625, 10.25 ], "texture": "#voxels_atlas" }
			}
		},
		{
			"__comment": "Voxels",
			"from": [ -0.5, 13.5, 0 ],
			"to": [ 16.5, 15.5, 0.5 ],
			"faces": {
				"down": { "uv": [ 11.25, 11.875, 15.5, 12 ], "texture": "#voxels_atlas" },
				"up": { "uv": [ 6.75, 11.875, 11, 11.75 ], "texture": "#voxels_atlas" },
				"north": { "uv": [ 7.5, 11.25, 3.25, 11.75 ], "texture": "#voxels_atlas" },
				"south": { "uv": [ 7.5, 11.25, 11.75, 11.75 ], "texture": "#voxels_atlas" },
				"west": { "uv": [ 3.125, 1, 3.25, 1.5 ], "texture": "#voxels_atlas" },
				"east": { "uv": [ 3.125, 0.5, 3, 1 ], "texture": "#voxels_atlas" }
			}
		},
		{
			"__comment": "Voxels",
			"from": [ -0.5, 13.5, 15.5 ],
			"to": [ 16.5, 15.5, 16 ],
			"faces": {
				"down": { "uv": [ 6.75, 11.875, 11, 12 ], "texture": "#voxels_atlas" },
				"up": { "uv": [ 11.25, 11.875, 15.5, 11.75 ], "texture": "#voxels_atlas" },
				"north": { "uv": [ 16, 11.25, 11.75, 11.75 ], "texture": "#voxels_atlas" },
				"south": { "uv": [ 3.25, 10.75, 7.5, 11.25 ], "texture": "#voxels_atlas" },
				"west": { "uv": [ 3.875, 5.25, 4, 5.75 ], "texture": "#voxels_atlas" },
				"east": { "uv": [ 3.25, 0.5, 3.125, 1 ], "texture": "#voxels_atlas" }
			}
		},
		{
			"__comment": "Voxels",
			"from": [ 0, 13.5, -0.5 ],
			"to": [ 16, 15.5, 0 ],
			"faces": {
				"down": { "uv": [ 9.875, 9.5, 13.875, 9.625 ], "texture": "#voxels_atlas" },
				"up": { "uv": [ 5.875, 9.625, 9.875, 9.5 ], "texture": "#voxels_atlas" },
				"north": { "uv": [ 11.25, 10.25, 7.25, 10.75 ], "texture": "#voxels_atlas" },
				"south": { "uv": [ 3.25, 10.25, 7.25, 10.75 ], "texture": "#voxels_atlas" },
				"west": { "uv": [ 3, 0, 3.125, 0.5 ], "texture": "#voxels_atlas" },
				"east": { "uv": [ 15.875, 12, 15.75, 12.5 ], "texture": "#voxels_atlas" }
			}
		},
		{
			"__comment": "Voxels",
			"from": [ 0, 13.5, 16 ],
			"to": [ 16, 15.5, 16.5 ],
			"faces": {
				"down": { "uv": [ 5.875, 9.625, 9.875, 9.75 ], "texture": "#voxels_atlas" },
				"up": { "uv": [ 9.875, 9.75, 13.875, 9.625 ], "texture": "#voxels_atlas" },
				"north": { "uv": [ 15.5, 10.75, 11.5, 11.25 ], "texture": "#voxels_atlas" },
				"south": { "uv": [ 7.5, 10.75, 11.5, 11.25 ], "texture": "#voxels_atlas" },
				"west": { "uv": [ 3.125, 0, 3.25, 0.5 ], "texture": "#voxels_atlas" },
				"east": { "uv": [ 4.125, 5.25, 4, 5.75 ], "texture": "#voxels_atlas" }
			}
		},
		{
			"__comment": "Voxels",
			"from": [ 2.5, 15.5, 4 ],
			"to": [ 3, 26.5, 12 ],
			"faces": {
				"down": { "uv": [ 5, 7.375, 5.125, 9.375 ], "texture": "#voxels_atlas" },
				"up": { "uv": [ 2.125, 2.25, 2.25, 0.25 ], "texture": "#voxels_atlas" },
				"north": { "uv": [ 2.875, 2, 2.75, 4.75 ], "texture": "#voxels_atlas" },
				"south": { "uv": [ 3.5, 6.625, 3.625, 9.375 ], "texture": "#voxels_atlas" },
				"west": { "uv": [ 2.25, 13.25, 4.25, 16 ], "texture": "#voxels_atlas" },
				"east": { "uv": [ 2, 2.25, 0, 5 ], "texture": "#voxels_atlas" }
			}
		},
		{
			"__comment": "Voxels",
			"from": [ 3, 13.5, 12 ],
			"to": [ 3.5, 26.5, 12.5 ],
			"faces": {
				"down": { "uv": [ 5.25, 6.625, 5.375, 6.75 ], "texture": "#voxels_atlas" },
				"up": { "uv": [ 5.25, 6.875, 5.375, 6.75 ], "texture": "#voxels_atlas" },
				"north": { "uv": [ 2.625, 1.5, 2.5, 4.75 ], "texture": "#voxels_atlas" },
				"south": { "uv": [ 2.625, 1.5, 2.75, 4.75 ], "texture": "#voxels_atlas" },
				"west": { "uv": [ 2.25, 1.5, 2.375, 4.75 ], "texture": "#voxels_atlas" },
				"east": { "uv": [ 2.5, 1.5, 2.375, 4.75 ], "texture": "#voxels_atlas" }
			}
		},
		{
			"__comment": "Voxels",
			"from": [ 3, 13.5, 12.5 ],
			"to": [ 17, 15.5, 15.5 ],
			"faces": {
				"down": { "uv": [ 3.25, 11.75, 6.75, 12.5 ], "texture": "#voxels_atlas" },
				"up": { "uv": [ 11.25, 13.25, 14.75, 12.5 ], "texture": "#voxels_atlas" },
				"north": { "uv": [ 6.75, 9.75, 3.25, 10.25 ], "texture": "#voxels_atlas" },
				"south": { "uv": [ 11.25, 10.25, 14.75, 10.75 ], "texture": "#voxels_atlas" },
				"west": { "uv": [ 15.125, 9.75, 15.875, 10.25 ], "texture": "#voxels_atlas" },
				"east": { "uv": [ 3, 0, 2.25, 0.5 ], "texture": "#voxels_atlas" }
			}
		},
		{
			"__comment": "Voxels",
			"from": [ 3, 15.5, 3.5 ],
			"to": [ 3.5, 26.5, 4 ],
			"faces": {
				"down": { "uv": [ 5.75, 8, 5.875, 8.125 ], "texture": "#voxels_atlas" },
				"up": { "uv": [ 5.75, 8.25, 5.875, 8.125 ], "texture": "#voxels_atlas" },
				"north": { "uv": [ 3, 2, 2.875, 4.75 ], "texture": "#voxels_atlas" },
				"south": { "uv": [ 3.125, 2, 3.25, 4.75 ], "texture": "#voxels_atlas" },
				"west": { "uv": [ 2, 2.25, 2.125, 5 ], "texture": "#voxels_atlas" },
				"east": { "uv": [ 2.25, 2.25, 2.125, 5 ], "texture": "#voxels_atlas" }
			}
		},
		{
			"__comment": "Voxels",
			"from": [ 3, 25, 4 ],
			"to": [ 13.5, 26.5, 12 ],
			"faces": {
				"down": { "uv": [ 4.25, 14, 6.875, 16 ], "texture": "#voxels_atlas" },
				"up": { "uv": [ 6.875, 16, 9.5, 14 ], "texture": "#voxels_atlas" },
				"north": { "uv": [ 5.875, 9.375, 3.25, 9.75 ], "texture": "#voxels_atlas" },
				"south": { "uv": [ 12.5, 9.875, 15.125, 10.25 ], "texture": "#voxels_atlas" },
				"west": { "uv": [ 9.5, 13.25, 11.5, 13.625 ], "texture": "#voxels_atlas" },
				"east": { "uv": [ 13.5, 13.25, 11.5, 13.625 ], "texture": "#voxels_atlas" }
			}
		},
		{
			"__comment": "Voxels",
			"from": [ 3.5, 15.5, 3 ],
			"to": [ 12.5, 26.5, 3.5 ],
			"faces": {
				"down": { "uv": [ 3.25, 6.125, 5.5, 6.25 ], "texture": "#voxels_atlas" },
				"up": { "uv": [ 3.25, 6.125, 5.5, 6 ], "texture": "#voxels_atlas" },
				"north": { "uv": [ 2.25, 5, 0, 7.75 ], "texture": "#voxels_atlas" },
				"south": { "uv": [ 0, 13.25, 2.25, 16 ], "texture": "#voxels_atlas" },
				"west": { "uv": [ 3, 2, 3.125, 4.75 ], "texture": "#voxels_atlas" },
				"east": { "uv": [ 3.75, 6.625, 3.625, 9.375 ], "texture": "#voxels_atlas" }
			}
		},
		{
			"__comment": "Voxels",
			"from": [ 3.5, 15.5, 12.5 ],
			"to": [ 12.5, 26.5, 13 ],
			"faces": {
				"down": { "uv": [ 3.25, 5.75, 5.5, 5.875 ], "texture": "#voxels_atlas" },
				"up": { "uv": [ 3.25, 6, 5.5, 5.875 ], "texture": "#voxels_atlas" },
				"north": { "uv": [ 2.25, 7.75, 0, 10.5 ], "texture": "#voxels_atlas" },
				"south": { "uv": [ 0, 10.5, 2.25, 13.25 ], "texture": "#voxels_atlas" },
				"west": { "uv": [ 3.25, 6.625, 3.375, 9.375 ], "texture": "#voxels_atlas" },
				"east": { "uv": [ 3.5, 6.625, 3.375, 9.375 ], "texture": "#voxels_atlas" }
			}
		},
		{
			"__comment": "Voxels",
			"from": [ 3.5, 25, 3.5 ],
			"to": [ 13, 26.5, 4 ],
			"faces": {
				"down": { "uv": [ 3.25, 6.25, 5.625, 6.375 ], "texture": "#voxels_atlas" },
				"up": { "uv": [ 12.5, 9.875, 14.875, 9.75 ], "texture": "#voxels_atlas" },
				"north": { "uv": [ 15.875, 15.625, 13.5, 16 ], "texture": "#voxels_atlas" },
				"south": { "uv": [ 13.5, 15.25, 15.875, 15.625 ], "texture": "#voxels_atlas" },
				"west": { "uv": [ 4.125, 6.625, 4.25, 7 ], "texture": "#voxels_atlas" },
				"east": { "uv": [ 4.125, 6.625, 4, 7 ], "texture": "#voxels_atlas" }
			}
		},
		{
			"__comment": "Voxels",
			"from": [ 3.5, 25, 12 ],
			"to": [ 13, 26.5, 12.5 ],
			"faces": {
				"down": { "uv": [ 3.25, 6.5, 5.625, 6.625 ], "texture": "#voxels_atlas" },
				"up": { "uv": [ 3.25, 6.5, 5.625, 6.375 ], "texture": "#voxels_atlas" },
				"north": { "uv": [ 15.875, 14.875, 13.5, 15.25 ], "texture": "#voxels_atlas" },
				"south": { "uv": [ 13.5, 14.5, 15.875, 14.875 ], "texture": "#voxels_atlas" },
				"west": { "uv": [ 3.875, 6.625, 4, 7 ], "texture": "#voxels_atlas" },
				"east": { "uv": [ 3.875, 6.625, 3.75, 7 ], "texture": "#voxels_atlas" }
			}
		},
		{
			"__comment": "Voxels",
			"from": [ 7, 4, -1 ],
			"to": [ 9, 5.5, 0.5 ],
			"faces": {
				"down": { "uv": [ 5.25, 9, 5.75, 9.375 ], "texture": "#voxels_atlas" },
				"up": { "uv": [ 5.25, 9, 5.75, 8.625 ], "texture": "#voxels_atlas" },
				"north": { "uv": [ 5.75, 8.25, 5.25, 8.625 ], "texture": "#voxels_atlas" },
				"south": { "uv": [ 5.25, 7.875, 5.75, 8.25 ], "texture": "#voxels_atlas" },
				"west": { "uv": [ 5.25, 7.5, 5.625, 7.875 ], "texture": "#voxels_atlas" },
				"east": { "uv": [ 5.375, 7, 5, 7.375 ], "texture": "#voxels_atlas" }
			}
		},
		{
			"__comment": "Voxels",
			"from": [ 7, 4.5, -3.5 ],
			"to": [ 9, 5, -1 ],
			"faces": {
				"down": { "uv": [ 8.875, 13.375, 9.375, 14 ], "texture": "#voxels_atlas" },
				"up": { "uv": [ 6.25, 14, 6.75, 13.375 ], "texture": "#voxels_atlas" },
				"north": { "uv": [ 15.75, 12.5, 15.25, 12.625 ], "texture": "#voxels_atlas" },
				"south": { "uv": [ 3.375, 5.5, 3.875, 5.625 ], "texture": "#voxels_atlas" },
				"west": { "uv": [ 13.5, 13.375, 14.125, 13.5 ], "texture": "#voxels_atlas" },
				"east": { "uv": [ 14.125, 13.25, 13.5, 13.375 ], "texture": "#voxels_atlas" }
			}
		},
		{
			"__comment": "Voxels",
			"from": [ 7, 4.5, 0.5 ],
			"to": [ 9, 5.5, 1 ],
			"faces": {
				"down": { "uv": [ 3.375, 5.625, 3.875, 5.75 ], "texture": "#voxels_atlas" },
				"up": { "uv": [ 15.5, 11.875, 16, 11.75 ], "texture": "#voxels_atlas" },
				"north": { "uv": [ 8.5, 13.25, 8, 13.5 ], "texture": "#voxels_atlas" },
				"south": { "uv": [ 0, 0, 0.5, 0.25 ], "texture": "#voxels_atlas" },
				"west": { "uv": [ 4.25, 6.75, 4.375, 7 ], "texture": "#voxels_atlas" },
				"east": { "uv": [ 4.5, 6.75, 4.375, 7 ], "texture": "#voxels_atlas" }
			}
		},
		{
			"__comment": "Voxels",
			"from": [ 7, 5, -2.5 ],
			"to": [ 9, 5.5, -1 ],
			"faces": {
				"down": { "uv": [ 2.75, 1.625, 3.25, 2 ], "texture": "#voxels_atlas" },
				"up": { "uv": [ 15.5, 11.25, 16, 10.875 ], "texture": "#voxels_atlas" },
				"north": { "uv": [ 14.625, 13.375, 14.125, 13.5 ], "texture": "#voxels_atlas" },
				"south": { "uv": [ 14.125, 13.25, 14.625, 13.375 ], "texture": "#voxels_atlas" },
				"west": { "uv": [ 5.875, 13.375, 6.25, 13.5 ], "texture": "#voxels_atlas" },
				"east": { "uv": [ 6.25, 13.25, 5.875, 13.375 ], "texture": "#voxels_atlas" }
			}
		},
		{
			"__comment": "Voxels",
			"from": [ 7, 5.5, -0.5 ],
			"to": [ 9, 6, 0.5 ],
			"faces": {
				"down": { "uv": [ 0.5, 0, 1, 0.25 ], "texture": "#voxels_atlas" },
				"up": { "uv": [ 5.375, 13.5, 5.875, 13.25 ], "texture": "#voxels_atlas" },
				"north": { "uv": [ 15.75, 12.625, 15.25, 12.75 ], "texture": "#voxels_atlas" },
				"south": { "uv": [ 15.5, 10.75, 16, 10.875 ], "texture": "#voxels_atlas" },
				"west": { "uv": [ 15.75, 12.625, 16, 12.75 ], "texture": "#voxels_atlas" },
				"east": { "uv": [ 16, 12.5, 15.75, 12.625 ], "texture": "#voxels_atlas" }
			}
		},
		{
			"__comment": "Voxels",
			"from": [ 7.5, 4, -3.5 ],
			"to": [ 8, 4.5, -1 ],
			"faces": {
				"down": { "uv": [ 5.625, 6.75, 5.75, 7.375 ], "texture": "#voxels_atlas" },
				"up": { "uv": [ 5.75, 7.375, 5.875, 6.75 ], "texture": "#voxels_atlas" },
				"north": { "uv": [ 4.5, 6.625, 4.375, 6.75 ], "texture": "#voxels_atlas" },
				"south": { "uv": [ 4.5, 6.75, 4.625, 6.875 ], "texture": "#voxels_atlas" },
				"west": { "uv": [ 15.25, 13.375, 15.875, 13.5 ], "texture": "#voxels_atlas" },
				"east": { "uv": [ 15.875, 13.25, 15.25, 13.375 ], "texture": "#voxels_atlas" }
			}
		},
		{
			"__comment": "Voxels",
			"from": [ 7.5, 4, 0.5 ],
			"to": [ 8.5, 4.5, 1 ],
			"faces": {
				"down": { "uv": [ 11, 11.75, 11.25, 11.875 ], "texture": "#voxels_atlas" },
				"up": { "uv": [ 14.875, 9.875, 15.125, 9.75 ], "texture": "#voxels_atlas" },
				"north": { "uv": [ 5.25, 6.75, 5, 6.875 ], "texture": "#voxels_atlas" },
				"south": { "uv": [ 5, 6.625, 5.25, 6.75 ], "texture": "#voxels_atlas" },
				"west": { "uv": [ 4.5, 6.625, 4.625, 6.75 ], "texture": "#voxels_atlas" },
				"east": { "uv": [ 4.875, 6.625, 4.75, 6.75 ], "texture": "#voxels_atlas" }
			}
		},
		{
			"__comment": "Voxels",
			"from": [ 7.5, 4.5, -6 ],
			"to": [ 8, 5, -3.5 ],
			"faces": {
				"down": { "uv": [ 5.5, 6.75, 5.625, 7.375 ], "texture": "#voxels_atlas" },
				"up": { "uv": [ 6.75, 14, 6.875, 13.375 ], "texture": "#voxels_atlas" },
				"north": { "uv": [ 5, 6.625, 4.875, 6.75 ], "texture": "#voxels_atlas" },
				"south": { "uv": [ 5.75, 9, 5.875, 9.125 ], "texture": "#voxels_atlas" },
				"west": { "uv": [ 6.25, 13.25, 6.875, 13.375 ], "texture": "#voxels_atlas" },
				"east": { "uv": [ 9.5, 13.25, 8.875, 13.375 ], "texture": "#voxels_atlas" }
			}
		},
		{
			"__comment": "Voxels",
			"from": [ 7.5, 5, -5 ],
			"to": [ 8, 5.5, -2.5 ],
			"faces": {
				"down": { "uv": [ 9.375, 13.375, 9.5, 14 ], "texture": "#voxels_atlas" },
				"up": { "uv": [ 5.375, 7.375, 5.5, 6.75 ], "texture": "#voxels_atlas" },
				"north": { "uv": [ 5.875, 8.875, 5.75, 9 ], "texture": "#voxels_atlas" },
				"south": { "uv": [ 5.75, 8.75, 5.875, 8.875 ], "texture": "#voxels_atlas" },
				"west": { "uv": [ 14.625, 13.375, 15.25, 13.5 ], "texture": "#voxels_atlas" },
				"east": { "uv": [ 15.25, 13.25, 14.625, 13.375 ], "texture": "#voxels_atlas" }
			}
		},
		{
			"__comment": "Voxels",
			"from": [ 7.5, 5.5, -2.5 ],
			"to": [ 8.5, 6, -0.5 ],
			"faces": {
				"down": { "uv": [ 15.75, 14, 16, 14.5 ], "texture": "#voxels_atlas" },
				"up": { "uv": [ 15.75, 14, 16, 13.5 ], "texture": "#voxels_atlas" },
				"north": { "uv": [ 11.25, 11.875, 11, 12 ], "texture": "#voxels_atlas" },
				"south": { "uv": [ 5.625, 6.375, 5.875, 6.5 ], "texture": "#voxels_atlas" },
				"west": { "uv": [ 14.75, 12.625, 15.25, 12.75 ], "texture": "#voxels_atlas" },
				"east": { "uv": [ 15.25, 12.5, 14.75, 12.625 ], "texture": "#voxels_atlas" }
			}
		},
		{
			"__comment": "Voxels",
			"from": [ 7.5, 5.5, 0.5 ],
			"to": [ 8.5, 6, 1 ],
			"faces": {
				"down": { "uv": [ 5.625, 6.625, 5.875, 6.75 ], "texture": "#voxels_atlas" },
				"up": { "uv": [ 5.625, 6.625, 5.875, 6.5 ], "texture": "#voxels_atlas" },
				"north": { "uv": [ 5.75, 6.125, 5.5, 6.25 ], "texture": "#voxels_atlas" },
				"south": { "uv": [ 5.625, 6.25, 5.875, 6.375 ], "texture": "#voxels_atlas" },
				"west": { "uv": [ 4.875, 6.75, 5, 6.875 ], "texture": "#voxels_atlas" },
				"east": { "uv": [ 5, 6.875, 4.875, 7 ], "texture": "#voxels_atlas" }
			}
		},
		{
			"__comment": "Voxels",
			"from": [ 8, 4, -2.5 ],
			"to": [ 8.5, 4.5, -1 ],
			"faces": {
				"down": { "uv": [ 15.875, 14.5, 16, 14.875 ], "texture": "#voxels_atlas" },
				"up": { "uv": [ 15.875, 15.25, 16, 14.875 ], "texture": "#voxels_atlas" },
				"north": { "uv": [ 4.625, 6.875, 4.5, 7 ], "texture": "#voxels_atlas" },
				"south": { "uv": [ 15.875, 13.25, 16, 13.375 ], "texture": "#voxels_atlas" },
				"west": { "uv": [ 5.25, 7.375, 5.625, 7.5 ], "texture": "#voxels_atlas" },
				"east": { "uv": [ 8.875, 13.25, 8.5, 13.375 ], "texture": "#voxels_atlas" }
			}
		},
		{
			"__comment": "Voxels",
			"from": [ 8, 4.5, -5 ],
			"to": [ 8.5, 5, -3.5 ],
			"faces": {
				"down": { "uv": [ 15.875, 15.625, 16, 16 ], "texture": "#voxels_atlas" },
				"up": { "uv": [ 15.875, 15.625, 16, 15.25 ], "texture": "#voxels_atlas" },
				"north": { "uv": [ 4.75, 6.875, 4.625, 7 ], "texture": "#voxels_atlas" },
				"south": { "uv": [ 5.5, 6, 5.625, 6.125 ], "texture": "#voxels_atlas" },
				"west": { "uv": [ 5, 6.875, 5.375, 7 ], "texture": "#voxels_atlas" },
				"east": { "uv": [ 8.875, 13.375, 8.5, 13.5 ], "texture": "#voxels_atlas" }
			}
		},
		{
			"__comment": "Voxels",
			"from": [ 8, 5, -4.5 ],
			"to": [ 8.5, 5.5, -2.5 ],
			"faces": {
				"down": { "uv": [ 15.875, 12, 16, 12.5 ], "texture": "#voxels_atlas" },
				"up": { "uv": [ 15.875, 10.75, 16, 10.25 ], "texture": "#voxels_atlas" },
				"north": { "uv": [ 4.75, 6.75, 4.625, 6.875 ], "texture": "#voxels_atlas" },
				"south": { "uv": [ 4.625, 6.625, 4.75, 6.75 ], "texture": "#voxels_atlas" },
				"west": { "uv": [ 2.75, 1.5, 3.25, 1.625 ], "texture": "#voxels_atlas" },
				"east": { "uv": [ 16, 11.875, 15.5, 12 ], "texture": "#voxels_atlas" }
			}
		},
		{
			"__comment": "Voxels",
			"from": [ 8.5, 4, -1.5 ],
			"to": [ 9, 4.5, -1 ],
			"faces": {
				"down": { "uv": [ 5.75, 7.875, 5.875, 8 ], "texture": "#voxels_atlas" },
				"up": { "uv": [ 5.375, 6.75, 5.5, 6.625 ], "texture": "#voxels_atlas" },
				"north": { "uv": [ 5.625, 6.625, 5.5, 6.75 ], "texture": "#voxels_atlas" },
				"south": { "uv": [ 5.75, 6.125, 5.875, 6.25 ], "texture": "#voxels_atlas" },
				"west": { "uv": [ 5.75, 8.625, 5.875, 8.75 ], "texture": "#voxels_atlas" },
				"east": { "uv": [ 5.875, 8.5, 5.75, 8.625 ], "texture": "#voxels_atlas" }
			}
		},
		{
			"__comment": "Voxels",
			"from": [ 8.5, 5.5, -1 ],
			"to": [ 9, 6, -0.5 ],
			"faces": {
				"down": { "uv": [ 5.75, 8.375, 5.875, 8.5 ], "texture": "#voxels_atlas" },
				"up": { "uv": [ 5.75, 8.375, 5.875, 8.25 ], "texture": "#voxels_atlas" },
				"north": { "uv": [ 4.375, 6.625, 4.25, 6.75 ], "texture": "#voxels_atlas" },
				"south": { "uv": [ 2.125, 0.125, 2.25, 0.25 ], "texture": "#voxels_atlas" },
				"west": { "uv": [ 2.125, 0, 2.25, 0.125 ], "texture": "#voxels_atlas" },
				"east": { "uv": [ 16, 13.375, 15.875, 13.5 ], "texture": "#voxels_atlas" }
			}
		},
		{
			"__comment": "Voxels",
			"from": [ 12.5, 13.5, 3.5 ],
			"to": [ 17, 15.5, 4 ],
			"faces": {
				"down": { "uv": [ 4.25, 13.25, 5.375, 13.375 ], "texture": "#voxels_atlas" },
				"up": { "uv": [ 4.25, 13.5, 5.375, 13.375 ], "texture": "#voxels_atlas" },
				"north": { "uv": [ 15.875, 10.25, 14.75, 10.75 ], "texture": "#voxels_atlas" },
				"south": { "uv": [ 14.75, 12.75, 15.875, 13.25 ], "texture": "#voxels_atlas" },
				"west": { "uv": [ 15.875, 9.75, 16, 10.25 ], "texture": "#voxels_atlas" },
				"east": { "uv": [ 5.75, 7.375, 5.625, 7.875 ], "texture": "#voxels_atlas" }
			}
		},
		{
			"__comment": "Voxels",
			"from": [ 12.5, 13.5, 12 ],
			"to": [ 17, 15.5, 12.5 ],
			"faces": {
				"down": { "uv": [ 6.875, 13.25, 8, 13.375 ], "texture": "#voxels_atlas" },
				"up": { "uv": [ 6.875, 13.5, 8, 13.375 ], "texture": "#voxels_atlas" },
				"north": { "uv": [ 15.75, 13.5, 14.625, 14 ], "texture": "#voxels_atlas" },
				"south": { "uv": [ 13.5, 14, 14.625, 14.5 ], "texture": "#voxels_atlas" },
				"west": { "uv": [ 5.75, 7.375, 5.875, 7.875 ], "texture": "#voxels_atlas" },
				"east": { "uv": [ 3.375, 5.25, 3.25, 5.75 ], "texture": "#voxels_atlas" }
			}
		},
		{
			"__comment": "Voxels",
			"from": [ 12.5, 15.5, 3.5 ],
			"to": [ 13, 25, 4 ],
			"faces": {
				"down": { "uv": [ 4.75, 6.875, 4.875, 7 ], "texture": "#voxels_atlas" },
				"up": { "uv": [ 4.75, 6.875, 4.875, 6.75 ], "texture": "#voxels_atlas" },
				"north": { "uv": [ 4.125, 7, 4, 9.375 ], "texture": "#voxels_atlas" },
				"south": { "uv": [ 4.125, 7, 4.25, 9.375 ], "texture": "#voxels_atlas" },
				"west": { "uv": [ 4.25, 7, 4.375, 9.375 ], "texture": "#voxels_atlas" },
				"east": { "uv": [ 4.5, 7, 4.375, 9.375 ], "texture": "#voxels_atlas" }
			}
		},
		{
			"__comment": "Voxels",
			"from": [ 12.5, 15.5, 12 ],
			"to": [ 13, 25, 12.5 ],
			"faces": {
				"down": { "uv": [ 5.75, 9.25, 5.875, 9.375 ], "texture": "#voxels_atlas" },
				"up": { "uv": [ 5.75, 9.25, 5.875, 9.125 ], "texture": "#voxels_atlas" },
				"north": { "uv": [ 4.625, 7, 4.5, 9.375 ], "texture": "#voxels_atlas" },
				"south": { "uv": [ 4.875, 7, 5, 9.375 ], "texture": "#voxels_atlas" },
				"west": { "uv": [ 4.75, 7, 4.875, 9.375 ], "texture": "#voxels_atlas" },
				"east": { "uv": [ 4.75, 7, 4.625, 9.375 ], "texture": "#voxels_atlas" }
			}
		},
		{
			"__comment": "Voxels",
			"from": [ 13, 13.5, 4 ],
			"to": [ 17, 15.5, 12 ],
			"faces": {
				"down": { "uv": [ 1, 0.25, 2, 2.25 ], "texture": "#voxels_atlas" },
				"up": { "uv": [ 0, 2.25, 1, 0.25 ], "texture": "#voxels_atlas" },
				"north": { "uv": [ 3.25, 4.75, 2.25, 5.25 ], "texture": "#voxels_atlas" },
				"south": { "uv": [ 2.25, 6.25, 3.25, 6.75 ], "texture": "#voxels_atlas" },
				"west": { "uv": [ 6.875, 13.5, 8.875, 14 ], "texture": "#voxels_atlas" },
				"east": { "uv": [ 6.25, 13.5, 4.25, 14 ], "texture": "#voxels_atlas" }
			}
		},
		{
			"__comment": "Voxels",
			"from": [ 13, 15.5, 4 ],
			"to": [ 13.5, 25, 12 ],
			"faces": {
				"down": { "uv": [ 2, 0.25, 2.125, 2.25 ], "texture": "#voxels_atlas" },
				"up": { "uv": [ 5.125, 9.375, 5.25, 7.375 ], "texture": "#voxels_atlas" },
				"north": { "uv": [ 3.875, 7, 3.75, 9.375 ], "texture": "#voxels_atlas" },
				"south": { "uv": [ 3.875, 7, 4, 9.375 ], "texture": "#voxels_atlas" },
				"west": { "uv": [ 11.5, 13.625, 13.5, 16 ], "texture": "#voxels_atlas" },
				"east": { "uv": [ 11.5, 13.625, 9.5, 16 ], "texture": "#voxels_atlas" }
			}
		}
	],
	"display": {
		"thirdperson_righthand": {
			"rotation":  [ 5, 15, 10 ],
			"translation":  [ 1, -2, -1 ],
			"scale":  [ -0.4, 0.4, 0.4 ]
		},
		"thirdperson_lefthand": {
			"rotation":  [ 5, 15, 10 ],
			"translation":  [ 1, -2, -1 ],
			"scale":  [ -0.4, 0.4, 0.4 ]
		},
		"firstperson_righthand": {
			"translation":  [ 1, 0, 0 ],
			"scale":  [ 0.4, 0.4, 0.4 ]
		},
		"firstperson_lefthand": {
			"translation":  [ 1, 0, 0 ],
			"scale":  [ 0.4, 0.4, 0.4 ]
		},
		"gui": {
			"rotation":  [ 30, 135, 0 ],
			"translation":  [ 0, -3, 0 ],
			"scale":  [ 0.55, 0.55, 0.55 ]
		},
		"ground": {
			"translation":  [ 0, 3, 0 ],
			"scale":  [ 0.5, 0.5, 0.5 ]
		},
		"fixed": {
			"rotation":  [ -90, 0, 0 ],
			"translation":  [ 0, 0, 10 ],
			"scale":  [ 1.5, 1.5, 1.5 ]
		}
	}
}