{
    "music.summer_natures_crescendo": {
        "sounds": [{
            "name": "dasmp:music/summer_natures_crescendo",
            "stream": true
        }]
    },
    "music.train_rush": {
        "sounds": [{
            "name": "dasmp:music/train_rush",
            "stream": true
        }]
    },
    "music.click_clock_wood_spring": {
        "sounds": [{
            "name": "dasmp:music/click_clock_wood_spring",
            "stream": true
        }]
    },
    "music.freezeezy_peak": {
        "sounds": [{
            "name": "dasmp:music/freezeezy_peak",
            "stream": true
        }]
    },
    "music.your_contract_has_expired": {
        "sounds": [{
            "name": "dasmp:music/your_contract_has_expired",
            "stream": true
        }]
    },
    "music.welcome_to_mafia_town": {
        "sounds": [{
            "name": "dasmp:music/welcome_to_mafia_town",
            "stream": true
        }]
    }
}
