{
    "persona5.treasure_pickup":
    {
        "sounds":
        [
            {
                "name": "dasmp:persona5/treasure_pickup"
            }
        ]
    },
    "persona5.treasure_drop":
    {
        "sounds":
        [
            {
                "name": "dasmp:persona5/treasure_drop"
            }
        ]
    },
    "persona5.heal":
    {
        "sounds":
        [
            {
                "name": "dasmp:persona5/heal"
            }
        ]
    }
}
