{
	"__comment": "Made by Cloe with Cubik Studio - https://www.planetminecraft.com/member/clo/",
	"textures": {
		"voxels_atlas": "./striped_elf_hat"
	},
	"elements": [ 	 
		{
			"__comment": "Voxels",
			"from": [ -1, 11, 0.5 ],
			"to": [ -0.5, 15, 15.5 ],
			"faces": {
				"down": { "uv": [ 2, 10.375, 2.0625, 12.25 ], "texture": "#voxels_atlas", "cullface": "west" },
				"up": { "uv": [ 2.0625, 12.25, 2.125, 10.375 ], "texture": "#voxels_atlas", "cullface": "west" },
				"north": { "uv": [ 8.875, 12.1875, 8.8125, 12.6875 ], "texture": "#voxels_atlas", "cullface": "west" },
				"south": { "uv": [ 10.6875, 11.625, 10.75, 12.125 ], "texture": "#voxels_atlas", "cullface": "west" },
				"west": { "uv": [ 10, 14.375, 11.875, 14.875 ], "texture": "#voxels_atlas", "cullface": "west" },
				"east": { "uv": [ 13.75, 14.375, 11.875, 14.875 ], "texture": "#voxels_atlas", "cullface": "west" }
			}
		},
		{
			"__comment": "Voxels",
			"from": [ -1, 11.5, 0 ],
			"to": [ -0.5, 14.5, 0.5 ],
			"faces": {
				"down": { "uv": [ 8.75, 9.75, 8.8125, 9.8125 ], "texture": "#voxels_atlas", "cullface": "west" },
				"up": { "uv": [ 12.3125, 9.625, 12.375, 9.5625 ], "texture": "#voxels_atlas", "cullface": "west" },
				"north": { "uv": [ 10.75, 10.5, 10.6875, 10.875 ], "texture": "#voxels_atlas", "cullface": "west" },
				"west": { "uv": [ 10.6875, 11.125, 10.75, 11.5 ], "texture": "#voxels_atlas", "cullface": "west" },
				"east": { "uv": [ 10.6875, 11.125, 10.625, 11.5 ], "texture": "#voxels_atlas", "cullface": "west" }
			}
		},
		{
			"__comment": "Voxels",
			"from": [ -1, 11.5, 15.5 ],
			"to": [ -0.5, 14.5, 16 ],
			"faces": {
				"down": { "uv": [ 12.4375, 11.25, 12.5, 11.3125 ], "texture": "#voxels_atlas", "cullface": "west" },
				"up": { "uv": [ 12.25, 9.625, 12.3125, 9.5625 ], "texture": "#voxels_atlas", "cullface": "west" },
				"south": { "uv": [ 15.875, 14.5, 15.9375, 14.875 ], "texture": "#voxels_atlas", "cullface": "west" },
				"west": { "uv": [ 8.8125, 8.6875, 8.875, 9.0625 ], "texture": "#voxels_atlas", "cullface": "west" },
				"east": { "uv": [ 8.8125, 8.6875, 8.75, 9.0625 ], "texture": "#voxels_atlas", "cullface": "west" }
			}
		},
		{
			"__comment": "Voxels",
			"from": [ -0.5, 10.5, 0.5 ],
			"to": [ 0, 11, 15.5 ],
			"faces": {
				"down": { "uv": [ 10.8125, 8.4375, 10.875, 10.3125 ], "texture": "#voxels_atlas", "cullface": "west" },
				"up": { "uv": [ 10.8125, 12.1875, 10.875, 10.3125 ], "texture": "#voxels_atlas", "cullface": "west" },
				"north": { "uv": [ 12.5, 9.625, 12.4375, 9.6875 ], "texture": "#voxels_atlas", "cullface": "west" },
				"south": { "uv": [ 12.375, 9.625, 12.4375, 9.6875 ], "texture": "#voxels_atlas", "cullface": "west" },
				"west": { "uv": [ 12.625, 12.1875, 14.5, 12.25 ], "texture": "#voxels_atlas", "cullface": "west" },
				"east": { "uv": [ 12.625, 12.5625, 10.75, 12.625 ], "texture": "#voxels_atlas", "cullface": "west" }
			}
		},
		{
			"__comment": "Voxels",
			"from": [ -0.5, 11, 0 ],
			"to": [ 0, 11.5, 0.5 ],
			"faces": {
				"down": { "uv": [ 12.4375, 9.6875, 12.5, 9.75 ], "texture": "#voxels_atlas" },
				"up": { "uv": [ 12.375, 9.75, 12.4375, 9.6875 ], "texture": "#voxels_atlas" },
				"north": { "uv": [ 12.375, 9.6875, 12.3125, 9.75 ], "texture": "#voxels_atlas" },
				"south": { "uv": [ 12.25, 9.6875, 12.3125, 9.75 ], "texture": "#voxels_atlas" },
				"west": { "uv": [ 12.4375, 10.0625, 12.5, 10.125 ], "texture": "#voxels_atlas" },
				"east": { "uv": [ 12.4375, 10.0625, 12.375, 10.125 ], "texture": "#voxels_atlas" }
			}
		},
		{
			"__comment": "Voxels",
			"from": [ -0.5, 11, 15.5 ],
			"to": [ 0, 11.5, 16 ],
			"faces": {
				"down": { "uv": [ 12.4375, 10.125, 12.5, 10.1875 ], "texture": "#voxels_atlas" },
				"up": { "uv": [ 12.375, 10.1875, 12.4375, 10.125 ], "texture": "#voxels_atlas" },
				"north": { "uv": [ 12.5, 10.25, 12.4375, 10.3125 ], "texture": "#voxels_atlas" },
				"south": { "uv": [ 12.375, 10.25, 12.4375, 10.3125 ], "texture": "#voxels_atlas" },
				"west": { "uv": [ 12.4375, 10.3125, 12.5, 10.375 ], "texture": "#voxels_atlas" },
				"east": { "uv": [ 12.4375, 10.3125, 12.375, 10.375 ], "texture": "#voxels_atlas" }
			}
		},
		{
			"__comment": "Voxels",
			"from": [ -0.5, 11.5, -0.5 ],
			"to": [ 16.5, 14.5, 0 ],
			"faces": {
				"down": { "uv": [ 13.75, 14.375, 15.875, 14.4375 ], "texture": "#voxels_atlas" },
				"up": { "uv": [ 12.125, 13.9375, 14.25, 13.875 ], "texture": "#voxels_atlas" },
				"north": { "uv": [ 12.125, 13.625, 10, 14 ], "texture": "#voxels_atlas" },
				"south": { "uv": [ 12.125, 14, 14.25, 14.375 ], "texture": "#voxels_atlas" },
				"west": { "uv": [ 7.3125, 8.375, 7.375, 8.75 ], "texture": "#voxels_atlas" },
				"east": { "uv": [ 7.3125, 8.375, 7.25, 8.75 ], "texture": "#voxels_atlas" }
			}
		},
		{
			"__comment": "Voxels",
			"from": [ -0.5, 11.5, 16 ],
			"to": [ 16.5, 14.5, 16.5 ],
			"faces": {
				"down": { "uv": [ 13.75, 14.4375, 15.875, 14.5 ], "texture": "#voxels_atlas" },
				"up": { "uv": [ 12.125, 13.8125, 14.25, 13.75 ], "texture": "#voxels_atlas" },
				"north": { "uv": [ 15.875, 14.5, 13.75, 14.875 ], "texture": "#voxels_atlas" },
				"south": { "uv": [ 10, 14, 12.125, 14.375 ], "texture": "#voxels_atlas" },
				"west": { "uv": [ 5.6875, 8, 5.75, 8.375 ], "texture": "#voxels_atlas" },
				"east": { "uv": [ 5.6875, 8, 5.625, 8.375 ], "texture": "#voxels_atlas" }
			}
		},
		{
			"__comment": "Voxels",
			"from": [ -0.5, 14.5, 0 ],
			"to": [ 0, 15, 0.5 ],
			"faces": {
				"down": { "uv": [ 12.4375, 10.4375, 12.5, 10.5 ], "texture": "#voxels_atlas" },
				"up": { "uv": [ 12.375, 10.5, 12.4375, 10.4375 ], "texture": "#voxels_atlas" },
				"north": { "uv": [ 12.5, 10.5, 12.4375, 10.5625 ], "texture": "#voxels_atlas" },
				"south": { "uv": [ 12.375, 10.5, 12.4375, 10.5625 ], "texture": "#voxels_atlas" },
				"west": { "uv": [ 12.4375, 10.625, 12.5, 10.6875 ], "texture": "#voxels_atlas" },
				"east": { "uv": [ 12.4375, 10.625, 12.375, 10.6875 ], "texture": "#voxels_atlas" }
			}
		},
		{
			"__comment": "Voxels",
			"from": [ -0.5, 14.5, 15.5 ],
			"to": [ 0, 15, 16 ],
			"faces": {
				"down": { "uv": [ 12.4375, 10.6875, 12.5, 10.75 ], "texture": "#voxels_atlas" },
				"up": { "uv": [ 12.375, 10.75, 12.4375, 10.6875 ], "texture": "#voxels_atlas" },
				"north": { "uv": [ 12.5, 10.8125, 12.4375, 10.875 ], "texture": "#voxels_atlas" },
				"south": { "uv": [ 12.375, 10.8125, 12.4375, 10.875 ], "texture": "#voxels_atlas" },
				"west": { "uv": [ 12.4375, 10.875, 12.5, 10.9375 ], "texture": "#voxels_atlas" },
				"east": { "uv": [ 12.5, 11.1875, 12.4375, 11.25 ], "texture": "#voxels_atlas" }
			}
		},
		{
			"__comment": "Voxels",
			"from": [ -0.5, 15, 0.5 ],
			"to": [ 16.5, 15.5, 15.5 ],
			"faces": {
				"down": { "uv": [ 0, 12.25, 2.125, 14.125 ], "texture": "#voxels_atlas", "cullface": "east" },
				"up": { "uv": [ 0, 16, 2.125, 14.125 ], "texture": "#voxels_atlas", "cullface": "east" },
				"north": { "uv": [ 14.25, 13.8125, 12.125, 13.875 ], "texture": "#voxels_atlas", "cullface": "east" },
				"south": { "uv": [ 12.125, 13.9375, 14.25, 14 ], "texture": "#voxels_atlas", "cullface": "east" },
				"west": { "uv": [ 12.625, 12.25, 14.5, 12.3125 ], "texture": "#voxels_atlas", "cullface": "east" },
				"east": { "uv": [ 14.5, 12.3125, 12.625, 12.375 ], "texture": "#voxels_atlas", "cullface": "east" }
			}
		},
		{
			"__comment": "Voxels",
			"from": [ 0, 10.5, 0 ],
			"to": [ 16, 11, 0.5 ],
			"faces": {
				"down": { "uv": [ 10.75, 12.625, 12.75, 12.6875 ], "texture": "#voxels_atlas" },
				"up": { "uv": [ 12.75, 12.6875, 14.75, 12.625 ], "texture": "#voxels_atlas" },
				"north": { "uv": [ 14.125, 13.6875, 12.125, 13.75 ], "texture": "#voxels_atlas", "cullface": "north" },
				"south": { "uv": [ 12.125, 13.625, 14.125, 13.6875 ], "texture": "#voxels_atlas" },
				"west": { "uv": [ 12.375, 11.1875, 12.4375, 11.25 ], "texture": "#voxels_atlas", "cullface": "west" },
				"east": { "uv": [ 12.5, 11.3125, 12.4375, 11.375 ], "texture": "#voxels_atlas", "cullface": "east" }
			}
		},
		{
			"__comment": "Voxels",
			"from": [ 0, 10.5, 15.5 ],
			"to": [ 16, 11, 16 ],
			"faces": {
				"down": { "uv": [ 12.75, 13.5625, 14.75, 13.625 ], "texture": "#voxels_atlas" },
				"up": { "uv": [ 10.75, 13.5625, 12.75, 13.5 ], "texture": "#voxels_atlas" },
				"north": { "uv": [ 12.75, 13.4375, 10.75, 13.5 ], "texture": "#voxels_atlas" },
				"south": { "uv": [ 12.75, 13.4375, 14.75, 13.5 ], "texture": "#voxels_atlas", "cullface": "south" },
				"west": { "uv": [ 12.375, 11.3125, 12.4375, 11.375 ], "texture": "#voxels_atlas", "cullface": "west" },
				"east": { "uv": [ 11.25, 8.75, 11.1875, 8.8125 ], "texture": "#voxels_atlas", "cullface": "east" }
			}
		},
		{
			"__comment": "Voxels",
			"from": [ 0, 11, -0.5 ],
			"to": [ 16, 11.5, 0 ],
			"faces": {
				"down": { "uv": [ 12.75, 13.375, 14.75, 13.4375 ], "texture": "#voxels_atlas" },
				"north": { "uv": [ 14.75, 13.3125, 12.75, 13.375 ], "texture": "#voxels_atlas" },
				"south": { "uv": [ 10.75, 13.25, 12.75, 13.3125 ], "texture": "#voxels_atlas" },
				"west": { "uv": [ 11.125, 8.75, 11.1875, 8.8125 ], "texture": "#voxels_atlas" },
				"east": { "uv": [ 11.25, 9.0625, 11.1875, 9.125 ], "texture": "#voxels_atlas" }
			}
		},
		{
			"__comment": "Voxels",
			"from": [ 0, 11, 16 ],
			"to": [ 16, 11.5, 16.5 ],
			"faces": {
				"down": { "uv": [ 12.75, 13.25, 14.75, 13.3125 ], "texture": "#voxels_atlas" },
				"north": { "uv": [ 12.75, 13.375, 10.75, 13.4375 ], "texture": "#voxels_atlas" },
				"south": { "uv": [ 12.75, 13.1875, 14.75, 13.25 ], "texture": "#voxels_atlas", "cullface": "south" },
				"west": { "uv": [ 11.125, 9.0625, 11.1875, 9.125 ], "texture": "#voxels_atlas", "cullface": "west" },
				"east": { "uv": [ 16, 14.4375, 15.9375, 14.5 ], "texture": "#voxels_atlas", "cullface": "east" }
			}
		},
		{
			"__comment": "Voxels",
			"from": [ 0, 14.5, -0.5 ],
			"to": [ 16, 15, 0 ],
			"faces": {
				"up": { "uv": [ 10.75, 13, 12.75, 12.9375 ], "texture": "#voxels_atlas" },
				"north": { "uv": [ 14.75, 12.9375, 12.75, 13 ], "texture": "#voxels_atlas" },
				"south": { "uv": [ 12.75, 13.5, 14.75, 13.5625 ], "texture": "#voxels_atlas" },
				"west": { "uv": [ 15.875, 14.4375, 15.9375, 14.5 ], "texture": "#voxels_atlas" },
				"east": { "uv": [ 8.875, 9.75, 8.8125, 9.8125 ], "texture": "#voxels_atlas" }
			}
		},
		{
			"__comment": "Voxels",
			"from": [ 0, 14.5, 16 ],
			"to": [ 16, 15, 16.5 ],
			"faces": {
				"up": { "uv": [ 10.75, 13.625, 12.75, 13.5625 ], "texture": "#voxels_atlas" },
				"north": { "uv": [ 14.75, 12.6875, 12.75, 12.75 ], "texture": "#voxels_atlas" },
				"south": { "uv": [ 10.75, 12.6875, 12.75, 12.75 ], "texture": "#voxels_atlas", "cullface": "south" },
				"west": { "uv": [ 11.1875, 9.1875, 11.25, 9.25 ], "texture": "#voxels_atlas", "cullface": "west" },
				"east": { "uv": [ 11.25, 9.4375, 11.1875, 9.5 ], "texture": "#voxels_atlas", "cullface": "east" }
			}
		},
		{
			"__comment": "Voxels",
			"from": [ 0, 15, 0 ],
			"to": [ 16, 15.5, 0.5 ],
			"faces": {
				"down": { "uv": [ 12.75, 12.75, 14.75, 12.8125 ], "texture": "#voxels_atlas" },
				"up": { "uv": [ 10.75, 12.8125, 12.75, 12.75 ], "texture": "#voxels_atlas" },
				"north": { "uv": [ 14.75, 12.8125, 12.75, 12.875 ], "texture": "#voxels_atlas", "cullface": "north" },
				"west": { "uv": [ 11.125, 9.4375, 11.1875, 9.5 ], "texture": "#voxels_atlas", "cullface": "west" },
				"east": { "uv": [ 10.75, 10.4375, 10.6875, 10.5 ], "texture": "#voxels_atlas", "cullface": "east" }
			}
		},
		{
			"__comment": "Voxels",
			"from": [ 0, 15, 15.5 ],
			"to": [ 16, 15.5, 16 ],
			"faces": {
				"down": { "uv": [ 12.75, 12.875, 14.75, 12.9375 ], "texture": "#voxels_atlas" },
				"up": { "uv": [ 10.75, 12.9375, 12.75, 12.875 ], "texture": "#voxels_atlas" },
				"south": { "uv": [ 10.75, 13, 12.75, 13.0625 ], "texture": "#voxels_atlas", "cullface": "south" },
				"west": { "uv": [ 10.625, 10.4375, 10.6875, 10.5 ], "texture": "#voxels_atlas", "cullface": "west" },
				"east": { "uv": [ 14.25, 13.6875, 14.1875, 13.75 ], "texture": "#voxels_atlas", "cullface": "east" }
			}
		},
		{
			"__comment": "Voxels",
			"from": [ 0, 15.5, 0.5 ],
			"to": [ 16, 16, 15.5 ],
			"faces": {
				"up": { "uv": [ 0, 10.375, 2, 8.5 ], "texture": "#voxels_atlas", "cullface": "up" },
				"north": { "uv": [ 14.75, 13.0625, 12.75, 13.125 ], "texture": "#voxels_atlas" },
				"south": { "uv": [ 10.75, 13.0625, 12.75, 13.125 ], "texture": "#voxels_atlas" },
				"west": { "uv": [ 10.75, 12.3125, 12.625, 12.375 ], "texture": "#voxels_atlas", "cullface": "west" },
				"east": { "uv": [ 14.5, 12.375, 12.625, 12.4375 ], "texture": "#voxels_atlas", "cullface": "east" }
			}
		},
		{
			"__comment": "Voxels",
			"from": [ 0.5, 16, 0.5 ],
			"to": [ 15.5, 16.5, 15.5 ],
			"faces": {
				"up": { "uv": [ 2.125, 16, 4, 14.125 ], "texture": "#voxels_atlas", "cullface": "up" },
				"north": { "uv": [ 12.625, 12.375, 10.75, 12.4375 ], "texture": "#voxels_atlas", "cullface": "up" },
				"south": { "uv": [ 12.625, 12.4375, 14.5, 12.5 ], "texture": "#voxels_atlas", "cullface": "up" },
				"west": { "uv": [ 10.75, 12.4375, 12.625, 12.5 ], "texture": "#voxels_atlas", "cullface": "up" },
				"east": { "uv": [ 14.5, 12.5, 12.625, 12.5625 ], "texture": "#voxels_atlas", "cullface": "up" }
			}
		},
		{
			"__comment": "Voxels",
			"from": [ 0.5, 16.5, 1 ],
			"to": [ 15.5, 17, 15 ],
			"faces": {
				"up": { "uv": [ 2.125, 12.25, 4, 10.5 ], "texture": "#voxels_atlas", "cullface": "up" },
				"north": { "uv": [ 12.625, 12.5, 10.75, 12.5625 ], "texture": "#voxels_atlas", "cullface": "up" },
				"south": { "uv": [ 12.625, 12.5625, 14.5, 12.625 ], "texture": "#voxels_atlas", "cullface": "up" },
				"west": { "uv": [ 10.875, 12.125, 12.625, 12.1875 ], "texture": "#voxels_atlas", "cullface": "up" },
				"east": { "uv": [ 16, 13.625, 14.25, 13.6875 ], "texture": "#voxels_atlas", "cullface": "up" }
			}
		},
		{
			"__comment": "Voxels",
			"from": [ 1, 17, 1 ],
			"to": [ 15, 17.5, 15 ],
			"faces": {
				"up": { "uv": [ 4, 14.25, 5.75, 12.5 ], "texture": "#voxels_atlas", "cullface": "up" },
				"north": { "uv": [ 16, 13.6875, 14.25, 13.75 ], "texture": "#voxels_atlas", "cullface": "up" },
				"south": { "uv": [ 12.625, 12.125, 14.375, 12.1875 ], "texture": "#voxels_atlas", "cullface": "up" },
				"west": { "uv": [ 14.25, 13.75, 16, 13.8125 ], "texture": "#voxels_atlas", "cullface": "up" },
				"east": { "uv": [ 16, 13.8125, 14.25, 13.875 ], "texture": "#voxels_atlas", "cullface": "up" }
			}
		},
		{
			"__comment": "Voxels",
			"from": [ 1, 17.5, 1.5 ],
			"to": [ 15, 18, 14.5 ],
			"faces": {
				"up": { "uv": [ 4, 10.875, 5.75, 9.25 ], "texture": "#voxels_atlas", "cullface": "up" },
				"north": { "uv": [ 16, 13.875, 14.25, 13.9375 ], "texture": "#voxels_atlas", "cullface": "up" },
				"south": { "uv": [ 14.25, 13.9375, 16, 14 ], "texture": "#voxels_atlas", "cullface": "up" },
				"west": { "uv": [ 14.125, 12, 15.75, 12.0625 ], "texture": "#voxels_atlas", "cullface": "up" },
				"east": { "uv": [ 12.5, 11.9375, 10.875, 12 ], "texture": "#voxels_atlas", "cullface": "up" }
			}
		},
		{
			"__comment": "Voxels",
			"from": [ 1.5, 18, 1.5 ],
			"to": [ 14.5, 18.5, 14.5 ],
			"faces": {
				"up": { "uv": [ 5.75, 16, 7.375, 14.375 ], "texture": "#voxels_atlas", "cullface": "up" },
				"north": { "uv": [ 16, 12.125, 14.375, 12.1875 ], "texture": "#voxels_atlas", "cullface": "up" },
				"south": { "uv": [ 14.125, 12.0625, 15.75, 12.125 ], "texture": "#voxels_atlas", "cullface": "up" },
				"west": { "uv": [ 10.875, 12.0625, 12.5, 12.125 ], "texture": "#voxels_atlas", "cullface": "up" },
				"east": { "uv": [ 14.125, 12.0625, 12.5, 12.125 ], "texture": "#voxels_atlas", "cullface": "up" }
			}
		},
		{
			"__comment": "Voxels",
			"from": [ 1.5, 18.5, 2 ],
			"to": [ 14.5, 19, 14 ],
			"faces": {
				"up": { "uv": [ 5.75, 12.75, 7.375, 11.25 ], "texture": "#voxels_atlas", "cullface": "up" },
				"north": { "uv": [ 12.5, 12, 10.875, 12.0625 ], "texture": "#voxels_atlas", "cullface": "up" },
				"south": { "uv": [ 12.5, 12, 14.125, 12.0625 ], "texture": "#voxels_atlas", "cullface": "up" },
				"west": { "uv": [ 14.5, 12.25, 16, 12.3125 ], "texture": "#voxels_atlas", "cullface": "up" },
				"east": { "uv": [ 16, 12.3125, 14.5, 12.375 ], "texture": "#voxels_atlas", "cullface": "up" }
			}
		},
		{
			"__comment": "Voxels",
			"from": [ 2, 19, 2.5 ],
			"to": [ 14, 19.5, 13.5 ],
			"faces": {
				"up": { "uv": [ 5.75, 9.75, 7.25, 8.375 ], "texture": "#voxels_atlas", "cullface": "up" },
				"north": { "uv": [ 16, 12.5625, 14.5, 12.625 ], "texture": "#voxels_atlas", "cullface": "up" },
				"south": { "uv": [ 14.5, 12.4375, 16, 12.5 ], "texture": "#voxels_atlas", "cullface": "up" },
				"west": { "uv": [ 12.5, 11.9375, 13.875, 12 ], "texture": "#voxels_atlas", "cullface": "up" },
				"east": { "uv": [ 15.25, 11.9375, 13.875, 12 ], "texture": "#voxels_atlas", "cullface": "up" }
			}
		},
		{
			"__comment": "Voxels",
			"from": [ 2, 19.5, 3 ],
			"to": [ 14, 20, 13 ],
			"faces": {
				"up": { "uv": [ 7.375, 14.625, 8.875, 13.375 ], "texture": "#voxels_atlas", "cullface": "up" },
				"north": { "uv": [ 16, 12.5, 14.5, 12.5625 ], "texture": "#voxels_atlas", "cullface": "up" },
				"south": { "uv": [ 14.5, 12.375, 16, 12.4375 ], "texture": "#voxels_atlas", "cullface": "up" },
				"west": { "uv": [ 11.375, 14.875, 12.625, 14.9375 ], "texture": "#voxels_atlas", "cullface": "up" },
				"east": { "uv": [ 13.875, 14.875, 12.625, 14.9375 ], "texture": "#voxels_atlas", "cullface": "up" }
			}
		},
		{
			"__comment": "Voxels",
			"from": [ 2.5, 19, 2 ],
			"to": [ 13.5, 19.5, 2.5 ],
			"faces": {
				"up": { "uv": [ 12.625, 11.625, 14, 11.5625 ], "texture": "#voxels_atlas", "cullface": "up" },
				"north": { "uv": [ 12.625, 11.5625, 11.25, 11.625 ], "texture": "#voxels_atlas", "cullface": "up" },
				"west": { "uv": [ 10.625, 9.875, 10.6875, 9.9375 ], "texture": "#voxels_atlas", "cullface": "up" },
				"east": { "uv": [ 10.75, 9.875, 10.6875, 9.9375 ], "texture": "#voxels_atlas", "cullface": "up" }
			}
		},
		{
			"__comment": "Voxels",
			"from": [ 2.5, 19, 13.5 ],
			"to": [ 13.5, 19.5, 14 ],
			"faces": {
				"up": { "uv": [ 11.25, 11.5625, 12.625, 11.5 ], "texture": "#voxels_atlas", "cullface": "up" },
				"south": { "uv": [ 12.625, 11.6875, 14, 11.75 ], "texture": "#voxels_atlas", "cullface": "up" },
				"west": { "uv": [ 11.125, 9.375, 11.1875, 9.4375 ], "texture": "#voxels_atlas", "cullface": "up" },
				"east": { "uv": [ 11.1875, 9.25, 11.125, 9.3125 ], "texture": "#voxels_atlas", "cullface": "up" }
			}
		},
		{
			"__comment": "Voxels",
			"from": [ 2.5, 19.5, 2.5 ],
			"to": [ 13.5, 20, 3 ],
			"faces": {
				"up": { "uv": [ 14, 11.8125, 15.375, 11.75 ], "texture": "#voxels_atlas", "cullface": "up" },
				"north": { "uv": [ 12.625, 11.625, 11.25, 11.6875 ], "texture": "#voxels_atlas", "cullface": "up" },
				"west": { "uv": [ 14.125, 13.625, 14.1875, 13.6875 ], "texture": "#voxels_atlas", "cullface": "up" },
				"east": { "uv": [ 14.25, 13.625, 14.1875, 13.6875 ], "texture": "#voxels_atlas", "cullface": "up" }
			}
		},
		{
			"__comment": "Voxels",
			"from": [ 2.5, 19.5, 13 ],
			"to": [ 13.5, 20, 13.5 ],
			"faces": {
				"up": { "uv": [ 14, 11.875, 15.375, 11.8125 ], "texture": "#voxels_atlas", "cullface": "up" },
				"south": { "uv": [ 11.25, 11.8125, 12.625, 11.875 ], "texture": "#voxels_atlas", "cullface": "up" },
				"west": { "uv": [ 10.625, 11.5625, 10.6875, 11.625 ], "texture": "#voxels_atlas", "cullface": "up" },
				"east": { "uv": [ 10.75, 11.5625, 10.6875, 11.625 ], "texture": "#voxels_atlas", "cullface": "up" }
			}
		},
		{
			"__comment": "Voxels",
			"from": [ 2.5, 20, 3 ],
			"to": [ 13.5, 20.5, 13 ],
			"faces": {
				"up": { "uv": [ 7.375, 12.125, 8.75, 10.875 ], "texture": "#voxels_atlas", "cullface": "up" },
				"north": { "uv": [ 15.375, 11.875, 14, 11.9375 ], "texture": "#voxels_atlas", "cullface": "up" },
				"south": { "uv": [ 14.5, 12.1875, 15.875, 12.25 ], "texture": "#voxels_atlas", "cullface": "up" },
				"west": { "uv": [ 14.75, 13.125, 16, 13.1875 ], "texture": "#voxels_atlas", "cullface": "up" },
				"east": { "uv": [ 16, 13.0625, 14.75, 13.125 ], "texture": "#voxels_atlas", "cullface": "up" }
			}
		},
		{
			"__comment": "Voxels",
			"from": [ 2.5, 20.5, 3.5 ],
			"to": [ 13.5, 21, 12.5 ],
			"faces": {
				"up": { "uv": [ 7.375, 9.75, 8.75, 8.625 ], "texture": "#voxels_atlas", "cullface": "up" },
				"north": { "uv": [ 14, 11.875, 12.625, 11.9375 ], "texture": "#voxels_atlas", "cullface": "up" },
				"south": { "uv": [ 11.25, 11.875, 12.625, 11.9375 ], "texture": "#voxels_atlas", "cullface": "up" },
				"west": { "uv": [ 11.25, 10.6875, 12.375, 10.75 ], "texture": "#voxels_atlas", "cullface": "up" },
				"east": { "uv": [ 12.375, 10.625, 11.25, 10.6875 ], "texture": "#voxels_atlas", "cullface": "up" }
			}
		},
		{
			"__comment": "Voxels",
			"from": [ 3, 20, 2.5 ],
			"to": [ 13, 20.5, 3 ],
			"faces": {
				"up": { "uv": [ 14.75, 13.25, 16, 13.1875 ], "texture": "#voxels_atlas", "cullface": "up" },
				"north": { "uv": [ 16, 12.75, 14.75, 12.8125 ], "texture": "#voxels_atlas", "cullface": "up" },
				"west": { "uv": [ 10.625, 10.375, 10.6875, 10.4375 ], "texture": "#voxels_atlas", "cullface": "up" },
				"east": { "uv": [ 10.75, 10.375, 10.6875, 10.4375 ], "texture": "#voxels_atlas", "cullface": "up" }
			}
		},
		{
			"__comment": "Voxels",
			"from": [ 3, 20, 13 ],
			"to": [ 13, 20.5, 13.5 ],
			"faces": {
				"up": { "uv": [ 14.75, 12.875, 16, 12.8125 ], "texture": "#voxels_atlas", "cullface": "up" },
				"south": { "uv": [ 14.75, 12.9375, 16, 13 ], "texture": "#voxels_atlas", "cullface": "up" },
				"west": { "uv": [ 10.5, 9.4375, 10.5625, 9.5 ], "texture": "#voxels_atlas", "cullface": "up" },
				"east": { "uv": [ 10.5625, 9.375, 10.5, 9.4375 ], "texture": "#voxels_atlas", "cullface": "up" }
			}
		},
		{
			"__comment": "Voxels",
			"from": [ 3, 20.5, 3 ],
			"to": [ 13, 21, 3.5 ],
			"faces": {
				"up": { "uv": [ 14.75, 13.4375, 16, 13.375 ], "texture": "#voxels_atlas", "cullface": "up" },
				"north": { "uv": [ 15.125, 11.5, 13.875, 11.5625 ], "texture": "#voxels_atlas", "cullface": "up" },
				"west": { "uv": [ 10.625, 9.4375, 10.6875, 9.5 ], "texture": "#voxels_atlas", "cullface": "up" },
				"east": { "uv": [ 10.75, 9.4375, 10.6875, 9.5 ], "texture": "#voxels_atlas", "cullface": "up" }
			}
		},
		{
			"__comment": "Voxels",
			"from": [ 3, 20.5, 12.5 ],
			"to": [ 13, 21, 13 ],
			"faces": {
				"up": { "uv": [ 12.625, 15, 13.875, 14.9375 ], "texture": "#voxels_atlas", "cullface": "up" },
				"south": { "uv": [ 14.75, 12.625, 16, 12.6875 ], "texture": "#voxels_atlas", "cullface": "up" },
				"west": { "uv": [ 10.625, 8.9375, 10.6875, 9 ], "texture": "#voxels_atlas", "cullface": "up" },
				"east": { "uv": [ 10.75, 8.9375, 10.6875, 9 ], "texture": "#voxels_atlas", "cullface": "up" }
			}
		},
		{
			"__comment": "Voxels",
			"from": [ 3, 21, 3.5 ],
			"to": [ 13, 21.5, 12.5 ],
			"faces": {
				"up": { "uv": [ 10.125, 16, 11.375, 14.875 ], "texture": "#voxels_atlas", "cullface": "up" },
				"north": { "uv": [ 16, 13.5625, 14.75, 13.625 ], "texture": "#voxels_atlas", "cullface": "up" },
				"south": { "uv": [ 14.75, 13.5, 16, 13.5625 ], "texture": "#voxels_atlas", "cullface": "up" },
				"west": { "uv": [ 11.25, 10.5625, 12.375, 10.625 ], "texture": "#voxels_atlas", "cullface": "up" },
				"east": { "uv": [ 12.375, 10.5, 11.25, 10.5625 ], "texture": "#voxels_atlas", "cullface": "up" }
			}
		},
		{
			"__comment": "Voxels",
			"from": [ 3, 21.5, 4 ],
			"to": [ 13, 22, 12 ],
			"faces": {
				"up": { "uv": [ 11.375, 16, 12.625, 15 ], "texture": "#voxels_atlas", "cullface": "up" },
				"north": { "uv": [ 16, 13.25, 14.75, 13.3125 ], "texture": "#voxels_atlas", "cullface": "up" },
				"south": { "uv": [ 14.75, 13.4375, 16, 13.5 ], "texture": "#voxels_atlas", "cullface": "up" },
				"west": { "uv": [ 11.25, 8.9375, 12.25, 9 ], "texture": "#voxels_atlas", "cullface": "up" },
				"east": { "uv": [ 12.25, 8.875, 11.25, 8.9375 ], "texture": "#voxels_atlas", "cullface": "up" }
			}
		},
		{
			"__comment": "Voxels",
			"from": [ 3.5, 21, 3 ],
			"to": [ 12.5, 21.5, 3.5 ],
			"faces": {
				"up": { "uv": [ 11.25, 10.4375, 12.375, 10.375 ], "texture": "#voxels_atlas", "cullface": "up" },
				"north": { "uv": [ 12.375, 10.3125, 11.25, 10.375 ], "texture": "#voxels_atlas", "cullface": "up" },
				"west": { "uv": [ 10.75, 8, 10.8125, 8.0625 ], "texture": "#voxels_atlas", "cullface": "up" },
				"east": { "uv": [ 11.25, 9.25, 11.1875, 9.3125 ], "texture": "#voxels_atlas", "cullface": "up" }
			}
		},
		{
			"__comment": "Voxels",
			"from": [ 3.5, 21, 12.5 ],
			"to": [ 12.5, 21.5, 13 ],
			"faces": {
				"up": { "uv": [ 11.25, 10.1875, 12.375, 10.125 ], "texture": "#voxels_atlas", "cullface": "up" },
				"south": { "uv": [ 11.25, 10, 12.375, 10.0625 ], "texture": "#voxels_atlas", "cullface": "up" },
				"west": { "uv": [ 11.125, 9.1875, 11.1875, 9.25 ], "texture": "#voxels_atlas", "cullface": "up" },
				"east": { "uv": [ 9.8125, 8.0625, 9.75, 8.125 ], "texture": "#voxels_atlas", "cullface": "up" }
			}
		},
		{
			"__comment": "Voxels",
			"from": [ 3.5, 21.5, 3.5 ],
			"to": [ 12.5, 22, 4 ],
			"faces": {
				"up": { "uv": [ 13.875, 14.9375, 15, 14.875 ], "texture": "#voxels_atlas", "cullface": "up" },
				"north": { "uv": [ 12.375, 11.3125, 11.25, 11.375 ], "texture": "#voxels_atlas", "cullface": "up" },
				"west": { "uv": [ 9.9375, 8.1875, 10, 8.25 ], "texture": "#voxels_atlas", "cullface": "up" },
				"east": { "uv": [ 9.875, 8, 9.8125, 8.0625 ], "texture": "#voxels_atlas", "cullface": "up" }
			}
		},
		{
			"__comment": "Voxels",
			"from": [ 3.5, 21.5, 12 ],
			"to": [ 12.5, 22, 12.5 ],
			"faces": {
				"up": { "uv": [ 11.25, 11.1875, 12.375, 11.125 ], "texture": "#voxels_atlas", "cullface": "up" },
				"south": { "uv": [ 11.25, 11, 12.375, 11.0625 ], "texture": "#voxels_atlas", "cullface": "up" },
				"west": { "uv": [ 9.875, 8.0625, 9.9375, 8.125 ], "texture": "#voxels_atlas", "cullface": "up" },
				"east": { "uv": [ 10, 8.0625, 9.9375, 8.125 ], "texture": "#voxels_atlas", "cullface": "up" }
			}
		},
		{
			"__comment": "Voxels",
			"from": [ 3.5, 22, 4 ],
			"to": [ 12.5, 22.5, 12 ],
			"faces": {
				"up": { "uv": [ 8.875, 14.875, 10, 13.875 ], "texture": "#voxels_atlas", "cullface": "up" },
				"north": { "uv": [ 12.375, 10.9375, 11.25, 11 ], "texture": "#voxels_atlas", "cullface": "up" },
				"south": { "uv": [ 11.25, 10.875, 12.375, 10.9375 ], "texture": "#voxels_atlas", "cullface": "up" },
				"west": { "uv": [ 11.25, 9.625, 12.25, 9.6875 ], "texture": "#voxels_atlas", "cullface": "up" },
				"east": { "uv": [ 12.25, 9.6875, 11.25, 9.75 ], "texture": "#voxels_atlas", "cullface": "up" }
			}
		},
		{
			"__comment": "Voxels",
			"from": [ 3.5, 22.5, 4.5 ],
			"to": [ 12.5, 23, 11.5 ],
			"faces": {
				"up": { "uv": [ 8.875, 13, 10, 12.125 ], "texture": "#voxels_atlas", "cullface": "up" },
				"north": { "uv": [ 12.375, 10.8125, 11.25, 10.875 ], "texture": "#voxels_atlas", "cullface": "up" },
				"south": { "uv": [ 11.25, 10.75, 12.375, 10.8125 ], "texture": "#voxels_atlas", "cullface": "up" },
				"west": { "uv": [ 11.25, 8.1875, 12.125, 8.25 ], "texture": "#voxels_atlas", "cullface": "up" },
				"east": { "uv": [ 12.125, 8.75, 11.25, 8.8125 ], "texture": "#voxels_atlas", "cullface": "up" }
			}
		},
		{
			"__comment": "Voxels",
			"from": [ 4, 22, 3.5 ],
			"to": [ 12, 22.5, 4 ],
			"faces": {
				"up": { "uv": [ 11.25, 9.5625, 12.25, 9.5 ], "texture": "#voxels_atlas", "cullface": "up" },
				"north": { "uv": [ 12.25, 9.4375, 11.25, 9.5 ], "texture": "#voxels_atlas", "cullface": "up" },
				"west": { "uv": [ 12.375, 10.875, 12.4375, 10.9375 ], "texture": "#voxels_atlas", "cullface": "up" },
				"east": { "uv": [ 12.5, 11, 12.4375, 11.0625 ], "texture": "#voxels_atlas", "cullface": "up" }
			}
		},
		{
			"__comment": "Voxels",
			"from": [ 4, 22.5, 4 ],
			"to": [ 12, 23, 4.5 ],
			"faces": {
				"up": { "uv": [ 11.25, 9.125, 12.25, 9.0625 ], "texture": "#voxels_atlas", "cullface": "up" },
				"north": { "uv": [ 12.25, 9.125, 11.25, 9.1875 ], "texture": "#voxels_atlas", "cullface": "up" },
				"west": { "uv": [ 12.4375, 11.0625, 12.5, 11.125 ], "texture": "#voxels_atlas", "cullface": "up" },
				"east": { "uv": [ 12.4375, 11.0625, 12.375, 11.125 ], "texture": "#voxels_atlas", "cullface": "up" }
			}
		},
		{
			"__comment": "Voxels",
			"from": [ 4, 22.5, 11.5 ],
			"to": [ 12, 23, 12 ],
			"faces": {
				"up": { "uv": [ 11.25, 9.3125, 12.25, 9.25 ], "texture": "#voxels_atlas", "cullface": "up" },
				"south": { "uv": [ 11.25, 9.8125, 12.25, 9.875 ], "texture": "#voxels_atlas", "cullface": "up" },
				"west": { "uv": [ 12.375, 11.25, 12.4375, 11.3125 ], "texture": "#voxels_atlas", "cullface": "up" },
				"east": { "uv": [ 11.25, 9.375, 11.1875, 9.4375 ], "texture": "#voxels_atlas", "cullface": "up" }
			}
		},
		{
			"__comment": "Voxels",
			"from": [ 4, 23, 4.5 ],
			"to": [ 12, 23.5, 11.5 ],
			"faces": {
				"up": { "uv": [ 15, 16, 16, 15.125 ], "texture": "#voxels_atlas", "cullface": "up" },
				"north": { "uv": [ 12.25, 9.375, 11.25, 9.4375 ], "texture": "#voxels_atlas", "cullface": "up" },
				"south": { "uv": [ 11.25, 9.3125, 12.25, 9.375 ], "texture": "#voxels_atlas", "cullface": "up" },
				"west": { "uv": [ 11.25, 8.625, 12.125, 8.6875 ], "texture": "#voxels_atlas", "cullface": "up" },
				"east": { "uv": [ 12.125, 8.6875, 11.25, 8.75 ], "texture": "#voxels_atlas", "cullface": "up" }
			}
		},
		{
			"__comment": "Voxels",
			"from": [ 4.5, 23, 4 ],
			"to": [ 11.5, 23.5, 4.5 ],
			"faces": {
				"up": { "uv": [ 11.25, 8.875, 12.125, 8.8125 ], "texture": "#voxels_atlas", "cullface": "up" },
				"north": { "uv": [ 16, 11.5, 15.125, 11.5625 ], "texture": "#voxels_atlas", "cullface": "up" },
				"west": { "uv": [ 15.9375, 14.375, 16, 14.4375 ], "texture": "#voxels_atlas", "cullface": "up" },
				"east": { "uv": [ 15.9375, 14.375, 15.875, 14.4375 ], "texture": "#voxels_atlas", "cullface": "up" }
			}
		},
		{
			"__comment": "Voxels",
			"from": [ 4.5, 23.5, 4.5 ],
			"to": [ 11.5, 24, 11.5 ],
			"faces": {
				"up": { "uv": [ 8.875, 10.375, 9.75, 9.5 ], "texture": "#voxels_atlas", "cullface": "up" },
				"north": { "uv": [ 12.125, 8.125, 11.25, 8.1875 ], "texture": "#voxels_atlas", "cullface": "up" },
				"south": { "uv": [ 11.25, 8.5, 12.125, 8.5625 ], "texture": "#voxels_atlas", "cullface": "up" },
				"west": { "uv": [ 11.25, 8.25, 12.125, 8.3125 ], "texture": "#voxels_atlas", "cullface": "up" },
				"east": { "uv": [ 12.125, 8.3125, 11.25, 8.375 ], "texture": "#voxels_atlas", "cullface": "up" }
			}
		},
		{
			"__comment": "Voxels",
			"from": [ 4.5, 24, 5 ],
			"to": [ 11.5, 24.5, 11 ],
			"faces": {
				"up": { "uv": [ 8.875, 9.5, 9.75, 8.75 ], "texture": "#voxels_atlas", "cullface": "up" },
				"north": { "uv": [ 12.125, 8.375, 11.25, 8.4375 ], "texture": "#voxels_atlas", "cullface": "up" },
				"south": { "uv": [ 11.25, 8.4375, 12.125, 8.5 ], "texture": "#voxels_atlas", "cullface": "up" },
				"west": { "uv": [ 11.25, 8, 12, 8.0625 ], "texture": "#voxels_atlas", "cullface": "up" },
				"east": { "uv": [ 14, 11.375, 13.25, 11.4375 ], "texture": "#voxels_atlas", "cullface": "up" }
			}
		},
		{
			"__comment": "Voxels",
			"from": [ 5, 24, 4.5 ],
			"to": [ 11, 24.5, 5 ],
			"faces": {
				"up": { "uv": [ 14.75, 11.5, 15.5, 11.4375 ], "texture": "#voxels_atlas", "cullface": "up" },
				"north": { "uv": [ 13.25, 11.4375, 12.5, 11.5 ], "texture": "#voxels_atlas", "cullface": "up" },
				"west": { "uv": [ 9.875, 8.1875, 9.9375, 8.25 ], "texture": "#voxels_atlas", "cullface": "up" },
				"east": { "uv": [ 9.8125, 8, 9.75, 8.0625 ], "texture": "#voxels_atlas", "cullface": "up" }
			}
		},
		{
			"__comment": "Voxels",
			"from": [ 5, 24.5, 5 ],
			"to": [ 11, 25, 11 ],
			"faces": {
				"up": { "uv": [ 10, 13.625, 10.75, 12.875 ], "texture": "#voxels_atlas", "cullface": "up" },
				"north": { "uv": [ 14.75, 11.4375, 14, 11.5 ], "texture": "#voxels_atlas", "cullface": "up" },
				"south": { "uv": [ 12.5, 11.375, 13.25, 11.4375 ], "texture": "#voxels_atlas", "cullface": "up" },
				"west": { "uv": [ 13.25, 11.3125, 14, 11.375 ], "texture": "#voxels_atlas", "cullface": "up" },
				"east": { "uv": [ 13.25, 11.3125, 12.5, 11.375 ], "texture": "#voxels_atlas", "cullface": "up" }
			}
		},
		{
			"__comment": "Voxels",
			"from": [ 5, 25, 5.5 ],
			"to": [ 11, 25.5, 10.5 ],
			"faces": {
				"up": { "uv": [ 7.375, 8.625, 8.125, 8 ], "texture": "#voxels_atlas", "cullface": "up" },
				"north": { "uv": [ 15.5, 11.375, 14.75, 11.4375 ], "texture": "#voxels_atlas", "cullface": "up" },
				"south": { "uv": [ 14, 11.375, 14.75, 11.4375 ], "texture": "#voxels_atlas", "cullface": "up" },
				"west": { "uv": [ 12.5, 11.25, 13.125, 11.3125 ], "texture": "#voxels_atlas", "cullface": "up" },
				"east": { "uv": [ 15.875, 11.3125, 15.25, 11.375 ], "texture": "#voxels_atlas", "cullface": "up" }
			}
		},
		{
			"__comment": "Voxels",
			"from": [ 5.5, 25, 5 ],
			"to": [ 10.5, 25.5, 5.5 ],
			"faces": {
				"up": { "uv": [ 15.375, 11.875, 16, 11.8125 ], "texture": "#voxels_atlas", "cullface": "up" },
				"north": { "uv": [ 16, 11.75, 15.375, 11.8125 ], "texture": "#voxels_atlas", "cullface": "up" },
				"west": { "uv": [ 9.8125, 8.0625, 9.875, 8.125 ], "texture": "#voxels_atlas", "cullface": "up" },
				"east": { "uv": [ 10.8125, 8.0625, 10.75, 8.125 ], "texture": "#voxels_atlas", "cullface": "up" }
			}
		},
		{
			"__comment": "Voxels",
			"from": [ 5.5, 25.5, 5.5 ],
			"to": [ 10.5, 26, 10.5 ],
			"faces": {
				"up": { "uv": [ 10, 12.125, 10.625, 11.5 ], "texture": "#voxels_atlas", "cullface": "up" },
				"north": { "uv": [ 16, 11.625, 15.375, 11.6875 ], "texture": "#voxels_atlas", "cullface": "up" },
				"south": { "uv": [ 13.75, 11.25, 14.375, 11.3125 ], "texture": "#voxels_atlas", "cullface": "up" },
				"west": { "uv": [ 15.375, 11.5625, 16, 11.625 ], "texture": "#voxels_atlas", "cullface": "up" },
				"east": { "uv": [ 14.625, 11.3125, 14, 11.375 ], "texture": "#voxels_atlas", "cullface": "up" }
			}
		},
		{
			"__comment": "Voxels",
			"from": [ 5.5, 26, 6 ],
			"to": [ 10.5, 26.5, 10 ],
			"faces": {
				"up": { "uv": [ 10, 10.875, 10.625, 10.375 ], "texture": "#voxels_atlas", "cullface": "up" },
				"north": { "uv": [ 15.25, 11.3125, 14.625, 11.375 ], "texture": "#voxels_atlas", "cullface": "up" },
				"south": { "uv": [ 13.125, 11.25, 13.75, 11.3125 ], "texture": "#voxels_atlas", "cullface": "up" },
				"west": { "uv": [ 15.5, 11.4375, 16, 11.5 ], "texture": "#voxels_atlas", "cullface": "up" },
				"east": { "uv": [ 13, 11.1875, 12.5, 11.25 ], "texture": "#voxels_atlas", "cullface": "up" }
			}
		},
		{
			"__comment": "Voxels",
			"from": [ 6, 26, 5.5 ],
			"to": [ 10, 26.5, 6 ],
			"faces": {
				"up": { "uv": [ 13.5, 11.25, 14, 11.1875 ], "texture": "#voxels_atlas", "cullface": "up" },
				"north": { "uv": [ 14.5, 11.1875, 14, 11.25 ], "texture": "#voxels_atlas", "cullface": "up" },
				"west": { "uv": [ 10.5625, 8.875, 10.625, 8.9375 ], "texture": "#voxels_atlas", "cullface": "up" },
				"east": { "uv": [ 10.625, 8.9375, 10.5625, 9 ], "texture": "#voxels_atlas", "cullface": "up" }
			}
		},
		{
			"__comment": "Voxels",
			"from": [ 6, 26.5, 6 ],
			"to": [ 10, 27, 10 ],
			"faces": {
				"up": { "uv": [ 10, 9.375, 10.5, 8.875 ], "texture": "#voxels_atlas", "cullface": "up" },
				"north": { "uv": [ 15.5, 11.1875, 15, 11.25 ], "texture": "#voxels_atlas", "cullface": "up" },
				"south": { "uv": [ 15.5, 11.1875, 16, 11.25 ], "texture": "#voxels_atlas", "cullface": "up" },
				"west": { "uv": [ 12.5, 11.125, 13, 11.1875 ], "texture": "#voxels_atlas", "cullface": "up" },
				"east": { "uv": [ 13.5, 11.125, 13, 11.1875 ], "texture": "#voxels_atlas", "cullface": "up" }
			}
		},
		{
			"__comment": "Voxels",
			"from": [ 6, 27, 6.5 ],
			"to": [ 10, 27.5, 9.5 ],
			"faces": {
				"up": { "uv": [ 6.75, 8.375, 7.25, 8 ], "texture": "#voxels_atlas", "cullface": "up" },
				"north": { "uv": [ 16, 14.0625, 15.5, 14.125 ], "texture": "#voxels_atlas", "cullface": "up" },
				"south": { "uv": [ 15.5, 14, 16, 14.0625 ], "texture": "#voxels_atlas", "cullface": "up" },
				"west": { "uv": [ 10.875, 11.1875, 11.25, 11.25 ], "texture": "#voxels_atlas", "cullface": "up" },
				"east": { "uv": [ 11.25, 11.125, 10.875, 11.1875 ], "texture": "#voxels_atlas", "cullface": "up" }
			}
		},
		{
			"__comment": "Voxels",
			"from": [ 6, 28.5, 7 ],
			"to": [ 10, 31.5, 9 ],
			"faces": {
				"down": { "uv": [ 15.5, 14.125, 16, 14.375 ], "texture": "#voxels_atlas", "cullface": "up" },
				"up": { "uv": [ 2.125, 8.25, 2.625, 8 ], "texture": "#voxels_atlas", "cullface": "up" },
				"north": { "uv": [ 6.25, 8, 5.75, 8.375 ], "texture": "#voxels_atlas", "cullface": "up" },
				"south": { "uv": [ 6.25, 8, 6.75, 8.375 ], "texture": "#voxels_atlas", "cullface": "up" },
				"west": { "uv": [ 5.5, 8.875, 5.75, 9.25 ], "texture": "#voxels_atlas", "cullface": "up" },
				"east": { "uv": [ 2.125, 8.125, 1.875, 8.5 ], "texture": "#voxels_atlas", "cullface": "up" }
			}
		},
		{
			"__comment": "Voxels",
			"from": [ 6, 29, 6.5 ],
			"to": [ 10, 31, 7 ],
			"faces": {
				"down": { "uv": [ 14.375, 11.25, 14.875, 11.3125 ], "texture": "#voxels_atlas", "cullface": "up" },
				"up": { "uv": [ 14.875, 11.3125, 15.375, 11.25 ], "texture": "#voxels_atlas", "cullface": "up" },
				"north": { "uv": [ 16, 14.875, 15.5, 15.125 ], "texture": "#voxels_atlas", "cullface": "up" },
				"west": { "uv": [ 9.9375, 11.25, 10, 11.5 ], "texture": "#voxels_atlas", "cullface": "up" },
				"east": { "uv": [ 10.6875, 10.875, 10.625, 11.125 ], "texture": "#voxels_atlas", "cullface": "up" }
			}
		},
		{
			"__comment": "Voxels",
			"from": [ 6, 29, 9 ],
			"to": [ 10, 31, 9.5 ],
			"faces": {
				"down": { "uv": [ 15.375, 11.25, 15.875, 11.3125 ], "texture": "#voxels_atlas", "cullface": "up" },
				"up": { "uv": [ 15.5, 11.4375, 16, 11.375 ], "texture": "#voxels_atlas", "cullface": "up" },
				"south": { "uv": [ 2.625, 8, 3.125, 8.25 ], "texture": "#voxels_atlas", "cullface": "up" },
				"west": { "uv": [ 10.6875, 10.875, 10.75, 11.125 ], "texture": "#voxels_atlas", "cullface": "up" },
				"east": { "uv": [ 9.9375, 11.25, 9.875, 11.5 ], "texture": "#voxels_atlas", "cullface": "up" }
			}
		},
		{
			"__comment": "Voxels",
			"from": [ 6.5, 27, 6 ],
			"to": [ 9.5, 27.5, 6.5 ],
			"faces": {
				"up": { "uv": [ 10.875, 10.3125, 11.25, 10.25 ], "texture": "#voxels_atlas", "cullface": "up" },
				"north": { "uv": [ 11.25, 10.3125, 10.875, 10.375 ], "texture": "#voxels_atlas", "cullface": "up" },
				"west": { "uv": [ 8.75, 8.625, 8.8125, 8.6875 ], "texture": "#voxels_atlas", "cullface": "up" },
				"east": { "uv": [ 8.875, 8.625, 8.8125, 8.6875 ], "texture": "#voxels_atlas", "cullface": "up" }
			}
		},
		{
			"__comment": "Voxels",
			"from": [ 6.5, 27.5, 6.5 ],
			"to": [ 9.5, 28, 9.5 ],
			"faces": {
				"up": { "uv": [ 14.75, 14.375, 15.125, 14 ], "texture": "#voxels_atlas", "cullface": "up" },
				"north": { "uv": [ 11.25, 10.5, 10.875, 10.5625 ], "texture": "#voxels_atlas", "cullface": "up" },
				"south": { "uv": [ 10.875, 10.6875, 11.25, 10.75 ], "texture": "#voxels_atlas", "cullface": "up" },
				"west": { "uv": [ 10.875, 10.75, 11.25, 10.8125 ], "texture": "#voxels_atlas", "cullface": "up" },
				"east": { "uv": [ 11.25, 10.875, 10.875, 10.9375 ], "texture": "#voxels_atlas", "cullface": "up" }
			}
		},
		{
			"__comment": "Voxels",
			"from": [ 6.5, 28, 7 ],
			"to": [ 9.5, 28.5, 9 ],
			"faces": {
				"north": { "uv": [ 10.75, 8, 10.375, 8.0625 ], "texture": "#voxels_atlas", "cullface": "up" },
				"south": { "uv": [ 10.875, 11.0625, 11.25, 11.125 ], "texture": "#voxels_atlas", "cullface": "up" },
				"west": { "uv": [ 10.875, 9.0625, 11.125, 9.125 ], "texture": "#voxels_atlas", "cullface": "up" },
				"east": { "uv": [ 11.125, 9, 10.875, 9.0625 ], "texture": "#voxels_atlas", "cullface": "up" }
			}
		},
		{
			"__comment": "Voxels",
			"from": [ 6.5, 28.5, 6.5 ],
			"to": [ 9.5, 29, 7 ],
			"faces": {
				"down": { "uv": [ 10.875, 9.8125, 11.25, 9.875 ], "texture": "#voxels_atlas", "cullface": "up" },
				"north": { "uv": [ 11.25, 9.9375, 10.875, 10 ], "texture": "#voxels_atlas", "cullface": "up" },
				"west": { "uv": [ 10.625, 9.375, 10.6875, 9.4375 ], "texture": "#voxels_atlas", "cullface": "up" },
				"east": { "uv": [ 10.75, 9.375, 10.6875, 9.4375 ], "texture": "#voxels_atlas", "cullface": "up" }
			}
		},
		{
			"__comment": "Voxels",
			"from": [ 6.5, 28.5, 9 ],
			"to": [ 9.5, 29, 9.5 ],
			"faces": {
				"down": { "uv": [ 10.875, 10.0625, 11.25, 10.125 ], "texture": "#voxels_atlas", "cullface": "up" },
				"south": { "uv": [ 10.875, 10.625, 11.25, 10.6875 ], "texture": "#voxels_atlas", "cullface": "up" },
				"west": { "uv": [ 15.875, 12.1875, 15.9375, 12.25 ], "texture": "#voxels_atlas", "cullface": "up" },
				"east": { "uv": [ 16, 12.1875, 15.9375, 12.25 ], "texture": "#voxels_atlas", "cullface": "up" }
			}
		},
		{
			"__comment": "Voxels",
			"from": [ 6.5, 29, 6 ],
			"to": [ 9.5, 31, 6.5 ],
			"faces": {
				"down": { "uv": [ 10.875, 10.9375, 11.25, 11 ], "texture": "#voxels_atlas", "cullface": "up" },
				"up": { "uv": [ 10.875, 11.3125, 11.25, 11.25 ], "texture": "#voxels_atlas", "cullface": "up" },
				"north": { "uv": [ 10.375, 8.625, 10, 8.875 ], "texture": "#voxels_atlas", "cullface": "up" },
				"west": { "uv": [ 10.875, 8.75, 10.9375, 9 ], "texture": "#voxels_atlas", "cullface": "up" },
				"east": { "uv": [ 11, 8.75, 10.9375, 9 ], "texture": "#voxels_atlas", "cullface": "up" }
			}
		},
		{
			"__comment": "Voxels",
			"from": [ 6.5, 29, 9.5 ],
			"to": [ 9.5, 31, 10 ],
			"faces": {
				"down": { "uv": [ 10.875, 11.3125, 11.25, 11.375 ], "texture": "#voxels_atlas", "cullface": "up" },
				"up": { "uv": [ 10.875, 11.4375, 11.25, 11.375 ], "texture": "#voxels_atlas", "cullface": "up" },
				"south": { "uv": [ 10, 8.125, 10.375, 8.375 ], "texture": "#voxels_atlas", "cullface": "up" },
				"west": { "uv": [ 11, 8.75, 11.0625, 9 ], "texture": "#voxels_atlas", "cullface": "up" },
				"east": { "uv": [ 11.125, 8.75, 11.0625, 9 ], "texture": "#voxels_atlas", "cullface": "up" }
			}
		},
		{
			"__comment": "Voxels",
			"from": [ 6.5, 31, 6.5 ],
			"to": [ 9.5, 31.5, 7 ],
			"faces": {
				"up": { "uv": [ 10.875, 10.875, 11.25, 10.8125 ], "texture": "#voxels_atlas", "cullface": "up" },
				"north": { "uv": [ 11.25, 11.5, 10.875, 11.5625 ], "texture": "#voxels_atlas", "cullface": "up" },
				"west": { "uv": [ 9.875, 8.125, 9.9375, 8.1875 ], "texture": "#voxels_atlas", "cullface": "up" },
				"east": { "uv": [ 10, 8.125, 9.9375, 8.1875 ], "texture": "#voxels_atlas", "cullface": "up" }
			}
		},
		{
			"__comment": "Voxels",
			"from": [ 6.5, 31, 9 ],
			"to": [ 9.5, 31.5, 9.5 ],
			"faces": {
				"up": { "uv": [ 10.875, 11.6875, 11.25, 11.625 ], "texture": "#voxels_atlas", "cullface": "up" },
				"south": { "uv": [ 10.375, 8.0625, 10.75, 8.125 ], "texture": "#voxels_atlas", "cullface": "up" },
				"west": { "uv": [ 9.875, 8, 9.9375, 8.0625 ], "texture": "#voxels_atlas", "cullface": "up" },
				"east": { "uv": [ 10, 8, 9.9375, 8.0625 ], "texture": "#voxels_atlas", "cullface": "up" }
			}
		},
		{
			"__comment": "Voxels",
			"from": [ 6.5, 31.5, 7 ],
			"to": [ 9.5, 32, 9 ],
			"faces": {
				"up": { "uv": [ 3.625, 8.25, 4, 8 ], "texture": "#voxels_atlas", "cullface": "up" },
				"north": { "uv": [ 10.375, 8, 10, 8.0625 ], "texture": "#voxels_atlas", "cullface": "up" },
				"south": { "uv": [ 10, 8.0625, 10.375, 8.125 ], "texture": "#voxels_atlas", "cullface": "up" },
				"west": { "uv": [ 10.875, 8.6875, 11.125, 8.75 ], "texture": "#voxels_atlas", "cullface": "up" },
				"east": { "uv": [ 11.125, 8.625, 10.875, 8.6875 ], "texture": "#voxels_atlas", "cullface": "up" }
			}
		},
		{
			"__comment": "Voxels",
			"from": [ 7, 28, 6.5 ],
			"to": [ 9, 28.5, 7 ],
			"faces": {
				"north": { "uv": [ 11.125, 8.4375, 10.875, 8.5 ], "texture": "#voxels_atlas", "cullface": "up" },
				"west": { "uv": [ 10.625, 11.5, 10.6875, 11.5625 ], "texture": "#voxels_atlas", "cullface": "up" },
				"east": { "uv": [ 10.75, 11.5, 10.6875, 11.5625 ], "texture": "#voxels_atlas", "cullface": "up" }
			}
		},
		{
			"__comment": "Voxels",
			"from": [ 7, 28, 9 ],
			"to": [ 9, 28.5, 9.5 ],
			"faces": {
				"south": { "uv": [ 10.875, 8.125, 11.125, 8.1875 ], "texture": "#voxels_atlas", "cullface": "up" },
				"west": { "uv": [ 10.625, 9.9375, 10.6875, 10 ], "texture": "#voxels_atlas", "cullface": "up" },
				"east": { "uv": [ 10.75, 9.9375, 10.6875, 10 ], "texture": "#voxels_atlas", "cullface": "up" }
			}
		},
		{
			"__comment": "Voxels",
			"from": [ 7, 28.5, 6 ],
			"to": [ 9, 29, 6.5 ],
			"faces": {
				"down": { "uv": [ 10.875, 8.0625, 11.125, 8.125 ], "texture": "#voxels_atlas", "cullface": "up" },
				"north": { "uv": [ 12.5, 9.9375, 12.25, 10 ], "texture": "#voxels_atlas", "cullface": "up" },
				"west": { "uv": [ 10.5625, 9.4375, 10.625, 9.5 ], "texture": "#voxels_atlas", "cullface": "up" },
				"east": { "uv": [ 10.625, 9.375, 10.5625, 9.4375 ], "texture": "#voxels_atlas", "cullface": "up" }
			}
		},
		{
			"__comment": "Voxels",
			"from": [ 7, 28.5, 9.5 ],
			"to": [ 9, 29, 10 ],
			"faces": {
				"down": { "uv": [ 12.25, 9.8125, 12.5, 9.875 ], "texture": "#voxels_atlas", "cullface": "up" },
				"south": { "uv": [ 1.875, 8, 2.125, 8.0625 ], "texture": "#voxels_atlas", "cullface": "up" },
				"west": { "uv": [ 10.5, 8.9375, 10.5625, 9 ], "texture": "#voxels_atlas", "cullface": "up" },
				"east": { "uv": [ 10.5625, 8.875, 10.5, 8.9375 ], "texture": "#voxels_atlas", "cullface": "up" }
			}
		},
		{
			"__comment": "Voxels",
			"from": [ 7, 31, 6 ],
			"to": [ 9, 31.5, 6.5 ],
			"faces": {
				"up": { "uv": [ 9.75, 10.5625, 10, 10.5 ], "texture": "#voxels_atlas", "cullface": "up" },
				"north": { "uv": [ 10, 10.4375, 9.75, 10.5 ], "texture": "#voxels_atlas", "cullface": "up" },
				"west": { "uv": [ 10.625, 8.875, 10.6875, 8.9375 ], "texture": "#voxels_atlas", "cullface": "up" },
				"east": { "uv": [ 10.75, 8.875, 10.6875, 8.9375 ], "texture": "#voxels_atlas", "cullface": "up" }
			}
		},
		{
			"__comment": "Voxels",
			"from": [ 7, 31, 9.5 ],
			"to": [ 9, 31.5, 10 ],
			"faces": {
				"up": { "uv": [ 9.75, 9.6875, 10, 9.625 ], "texture": "#voxels_atlas", "cullface": "up" },
				"south": { "uv": [ 9.75, 9.5, 10, 9.5625 ], "texture": "#voxels_atlas", "cullface": "up" },
				"west": { "uv": [ 10.8125, 8.0625, 10.875, 8.125 ], "texture": "#voxels_atlas", "cullface": "up" },
				"east": { "uv": [ 10.875, 8, 10.8125, 8.0625 ], "texture": "#voxels_atlas", "cullface": "up" }
			}
		},
		{
			"__comment": "Voxels",
			"from": [ 7, 31.5, 6.5 ],
			"to": [ 9, 32, 7 ],
			"faces": {
				"up": { "uv": [ 15.75, 12.0625, 16, 12 ], "texture": "#voxels_atlas", "cullface": "up" },
				"north": { "uv": [ 11.125, 9.4375, 10.875, 9.5 ], "texture": "#voxels_atlas", "cullface": "up" },
				"west": { "uv": [ 11.125, 9.3125, 11.1875, 9.375 ], "texture": "#voxels_atlas", "cullface": "up" },
				"east": { "uv": [ 11.25, 9.3125, 11.1875, 9.375 ], "texture": "#voxels_atlas", "cullface": "up" }
			}
		},
		{
			"__comment": "Voxels",
			"from": [ 7, 31.5, 9 ],
			"to": [ 9, 32, 9.5 ],
			"faces": {
				"up": { "uv": [ 10.875, 9.375, 11.125, 9.3125 ], "texture": "#voxels_atlas", "cullface": "up" },
				"south": { "uv": [ 10.875, 9.1875, 11.125, 9.25 ], "texture": "#voxels_atlas", "cullface": "up" },
				"west": { "uv": [ 11.125, 9.125, 11.1875, 9.1875 ], "texture": "#voxels_atlas", "cullface": "up" },
				"east": { "uv": [ 11.25, 9.125, 11.1875, 9.1875 ], "texture": "#voxels_atlas", "cullface": "up" }
			}
		},
		{
			"__comment": "Voxels",
			"from": [ 16, 10.5, 0.5 ],
			"to": [ 16.5, 11, 15.5 ],
			"faces": {
				"down": { "uv": [ 2.0625, 8.5, 2.125, 10.375 ], "texture": "#voxels_atlas", "cullface": "east" },
				"up": { "uv": [ 10.75, 12.1875, 10.8125, 10.3125 ], "texture": "#voxels_atlas", "cullface": "east" },
				"north": { "uv": [ 11.1875, 9, 11.125, 9.0625 ], "texture": "#voxels_atlas", "cullface": "east" },
				"south": { "uv": [ 11.1875, 9, 11.25, 9.0625 ], "texture": "#voxels_atlas", "cullface": "east" },
				"west": { "uv": [ 10.75, 12.1875, 12.625, 12.25 ], "texture": "#voxels_atlas", "cullface": "east" },
				"east": { "uv": [ 12.625, 12.25, 10.75, 12.3125 ], "texture": "#voxels_atlas", "cullface": "east" }
			}
		},
		{
			"__comment": "Voxels",
			"from": [ 16, 11, 0 ],
			"to": [ 16.5, 11.5, 0.5 ],
			"faces": {
				"down": { "uv": [ 11.125, 8.6875, 11.1875, 8.75 ], "texture": "#voxels_atlas" },
				"up": { "uv": [ 11.1875, 8.75, 11.25, 8.6875 ], "texture": "#voxels_atlas" },
				"north": { "uv": [ 11.1875, 8.625, 11.125, 8.6875 ], "texture": "#voxels_atlas" },
				"south": { "uv": [ 11.1875, 8.625, 11.25, 8.6875 ], "texture": "#voxels_atlas" },
				"west": { "uv": [ 11.125, 8.5625, 11.1875, 8.625 ], "texture": "#voxels_atlas" },
				"east": { "uv": [ 12.5, 9.5, 12.4375, 9.5625 ], "texture": "#voxels_atlas" }
			}
		},
		{
			"__comment": "Voxels",
			"from": [ 16, 11, 15.5 ],
			"to": [ 16.5, 11.5, 16 ],
			"faces": {
				"down": { "uv": [ 11.125, 8.5, 11.1875, 8.5625 ], "texture": "#voxels_atlas" },
				"up": { "uv": [ 11.1875, 8.5625, 11.25, 8.5 ], "texture": "#voxels_atlas" },
				"north": { "uv": [ 11.1875, 8.4375, 11.125, 8.5 ], "texture": "#voxels_atlas" },
				"south": { "uv": [ 11.1875, 8.4375, 11.25, 8.5 ], "texture": "#voxels_atlas" },
				"west": { "uv": [ 11.125, 8.375, 11.1875, 8.4375 ], "texture": "#voxels_atlas" },
				"east": { "uv": [ 11.25, 8.375, 11.1875, 8.4375 ], "texture": "#voxels_atlas" }
			}
		},
		{
			"__comment": "Voxels",
			"from": [ 16, 14.5, 0 ],
			"to": [ 16.5, 15, 0.5 ],
			"faces": {
				"down": { "uv": [ 11.125, 8.3125, 11.1875, 8.375 ], "texture": "#voxels_atlas" },
				"up": { "uv": [ 11.1875, 8.375, 11.25, 8.3125 ], "texture": "#voxels_atlas" },
				"north": { "uv": [ 11.1875, 8.25, 11.125, 8.3125 ], "texture": "#voxels_atlas" },
				"south": { "uv": [ 11.1875, 8.25, 11.25, 8.3125 ], "texture": "#voxels_atlas" },
				"west": { "uv": [ 11.125, 8.1875, 11.1875, 8.25 ], "texture": "#voxels_atlas" },
				"east": { "uv": [ 11.25, 8.1875, 11.1875, 8.25 ], "texture": "#voxels_atlas" }
			}
		},
		{
			"__comment": "Voxels",
			"from": [ 16, 14.5, 15.5 ],
			"to": [ 16.5, 15, 16 ],
			"faces": {
				"down": { "uv": [ 11.125, 8.125, 11.1875, 8.1875 ], "texture": "#voxels_atlas" },
				"up": { "uv": [ 11.1875, 8.1875, 11.25, 8.125 ], "texture": "#voxels_atlas" },
				"north": { "uv": [ 11.1875, 8.0625, 11.125, 8.125 ], "texture": "#voxels_atlas" },
				"south": { "uv": [ 11.1875, 8.0625, 11.25, 8.125 ], "texture": "#voxels_atlas" },
				"west": { "uv": [ 11.125, 8, 11.1875, 8.0625 ], "texture": "#voxels_atlas" },
				"east": { "uv": [ 11.25, 8, 11.1875, 8.0625 ], "texture": "#voxels_atlas" }
			}
		},
		{
			"__comment": "Voxels",
			"from": [ 16.5, 11, 0.5 ],
			"to": [ 17, 15, 15.5 ],
			"faces": {
				"down": { "uv": [ 2, 8.5, 2.0625, 10.375 ], "texture": "#voxels_atlas", "cullface": "east" },
				"up": { "uv": [ 10.75, 10.3125, 10.8125, 8.4375 ], "texture": "#voxels_atlas", "cullface": "east" },
				"north": { "uv": [ 8.875, 10.9375, 8.8125, 11.4375 ], "texture": "#voxels_atlas", "cullface": "east" },
				"south": { "uv": [ 10.625, 11.625, 10.6875, 12.125 ], "texture": "#voxels_atlas", "cullface": "east" },
				"west": { "uv": [ 0, 8, 1.875, 8.5 ], "texture": "#voxels_atlas", "cullface": "east" },
				"east": { "uv": [ 4, 8.25, 2.125, 8.75 ], "texture": "#voxels_atlas", "cullface": "east" }
			}
		},
		{
			"__comment": "Voxels",
			"from": [ 16.5, 11.5, 0 ],
			"to": [ 17, 14.5, 0.5 ],
			"faces": {
				"down": { "uv": [ 12.375, 11.125, 12.4375, 11.1875 ], "texture": "#voxels_atlas", "cullface": "east" },
				"up": { "uv": [ 12.4375, 11.1875, 12.5, 11.125 ], "texture": "#voxels_atlas", "cullface": "east" },
				"north": { "uv": [ 5.5625, 8, 5.5, 8.375 ], "texture": "#voxels_atlas", "cullface": "east" },
				"west": { "uv": [ 5.5625, 8, 5.625, 8.375 ], "texture": "#voxels_atlas", "cullface": "east" },
				"east": { "uv": [ 10.75, 9.5, 10.6875, 9.875 ], "texture": "#voxels_atlas", "cullface": "east" }
			}
		},
		{
			"__comment": "Voxels",
			"from": [ 16.5, 11.5, 15.5 ],
			"to": [ 17, 14.5, 16 ],
			"faces": {
				"down": { "uv": [ 12.375, 10.9375, 12.4375, 11 ], "texture": "#voxels_atlas", "cullface": "east" },
				"up": { "uv": [ 12.4375, 11, 12.5, 10.9375 ], "texture": "#voxels_atlas", "cullface": "east" },
				"south": { "uv": [ 10.5, 9, 10.5625, 9.375 ], "texture": "#voxels_atlas", "cullface": "east" },
				"west": { "uv": [ 10.5625, 9, 10.625, 9.375 ], "texture": "#voxels_atlas", "cullface": "east" },
				"east": { "uv": [ 10.6875, 9, 10.625, 9.375 ], "texture": "#voxels_atlas", "cullface": "east" }
			}
		}
	],
	"display": {
		"thirdperson_righthand": {
			"rotation":  [ 8, 10, 0 ],
			"translation":  [ -0.13, -1, -1.391 ],
			"scale":  [ 0.4, 0.4, 0.4 ]
		},
		"thirdperson_lefthand": {
			"rotation":  [ 8, 10, 0 ],
			"translation":  [ -0.13, -1, -1.391 ],
			"scale":  [ 0.4, 0.4, 0.4 ]
		},
		"firstperson_righthand": {
			"rotation":  [ -25, -45, 0 ],
			"scale":  [ 0.4, 0.4, 0.4 ]
		},
		"firstperson_lefthand": {
			"rotation":  [ -25, -45, 0 ],
			"scale":  [ 0.4, 0.4, 0.4 ]
		},
		"gui": {
			"rotation":  [ 30, -45, 0 ],
			"translation":  [ 0, -5.7, 0 ],
			"scale":  [ 0.625, 0.625, 0.625 ]
		},
		"head": {
			"rotation":  [ 0, 180, 0 ],
			"translation":  [ 0, 1.25, 0 ],
			"scale":  [ 0.9043, 0.8347, 0.8956 ]
		},
		"ground": {
			"translation":  [ 0, -2, 0 ],
			"scale":  [ 0.5, 0.5, 0.5 ]
		},
		"fixed": {
			"rotation":  [ -90, 180, 0 ],
			"translation":  [ 0, 0, 6 ],
			"scale":  [ 1.5, 1.5, 1.5 ]
		}
	}
}