{
	"__comment": "Made by Cloe with Cubik Studio - https://www.planetminecraft.com/member/clo/",
	"textures": {
		"texture": "./green_gift_box"
	},
	"elements": [ 	 
		{
			"__comment": "Voxels",
			"from": [ -1, 11, 6.5 ],
			"to": [ 0.5, 15, 9.5 ],
			"faces": {
				"down": { "uv": [ 7.5, 14.875, 7.6875, 15.25 ], "texture": "#texture", "cullface": "west" },
				"up": { "uv": [ 7.125, 13.625, 7.3125, 13.25 ], "texture": "#texture", "cullface": "west" },
				"north": { "uv": [ 7.625, 13.875, 7.4375, 14.375 ], "texture": "#texture", "cullface": "west" },
				"south": { "uv": [ 7.5, 12.25, 7.6875, 12.75 ], "texture": "#texture", "cullface": "west" },
				"west": { "uv": [ 5.625, 10.6875, 6, 11.1875 ], "texture": "#texture", "cullface": "west" },
				"east": { "uv": [ 7.5, 11.4375, 7.125, 11.9375 ], "texture": "#texture", "cullface": "west" }
			}
		},
		{
			"__comment": "Voxels",
			"from": [ -0.5, 1, 6.5 ],
			"to": [ 0.5, 11, 9.5 ],
			"faces": {
				"down": { "uv": [ 7.4375, 13.25, 7.5625, 13.625 ], "texture": "#texture", "cullface": "west" },
				"north": { "uv": [ 1.75, 8.75, 1.625, 10 ], "texture": "#texture", "cullface": "west" },
				"south": { "uv": [ 1.5, 8.75, 1.625, 10 ], "texture": "#texture", "cullface": "west" },
				"west": { "uv": [ 6, 13.625, 6.375, 14.875 ], "texture": "#texture", "cullface": "west" },
				"east": { "uv": [ 1.5, 8.75, 1.125, 10 ], "texture": "#texture", "cullface": "west" }
			}
		},
		{
			"__comment": "Voxels",
			"from": [ -0.5, 11, 0.5 ],
			"to": [ 0.5, 14.5, 6.5 ],
			"faces": {
				"down": { "uv": [ 1.4375, 8, 1.5625, 8.75 ], "texture": "#texture", "cullface": "west" },
				"up": { "uv": [ 1.5625, 8.75, 1.6875, 8 ], "texture": "#texture", "cullface": "west" },
				"north": { "uv": [ 5.625, 10.1875, 5.5, 10.625 ], "texture": "#texture", "cullface": "west" },
				"west": { "uv": [ 6.375, 12.75, 7.125, 13.1875 ], "texture": "#texture", "cullface": "west" },
				"east": { "uv": [ 6.375, 13.1875, 5.625, 13.625 ], "texture": "#texture", "cullface": "west" }
			}
		},
		{
			"__comment": "Voxels",
			"from": [ -0.5, 11, 9.5 ],
			"to": [ 0.5, 15, 15 ],
			"faces": {
				"down": { "uv": [ 8, 12.8125, 8.125, 13.5 ], "texture": "#texture", "cullface": "west" },
				"up": { "uv": [ 8, 14.1875, 8.125, 13.5 ], "texture": "#texture", "cullface": "west" },
				"south": { "uv": [ 7.625, 13.875, 7.75, 14.375 ], "texture": "#texture", "cullface": "west" },
				"west": { "uv": [ 6.375, 14.375, 7.0625, 14.875 ], "texture": "#texture", "cullface": "west" },
				"east": { "uv": [ 1.4375, 8.25, 0.75, 8.75 ], "texture": "#texture", "cullface": "west" }
			}
		},
		{
			"__comment": "Voxels",
			"from": [ -0.5, 11, 15 ],
			"to": [ 0.5, 14.5, 15.5 ],
			"faces": {
				"down": { "uv": [ 8.4375, 8, 8.5625, 8.0625 ], "texture": "#texture", "cullface": "west" },
				"up": { "uv": [ 8.4375, 8.125, 8.5625, 8.0625 ], "texture": "#texture", "cullface": "west" },
				"south": { "uv": [ 5.5, 10.625, 5.625, 11.0625 ], "texture": "#texture", "cullface": "west" },
				"west": { "uv": [ 8.25, 10.8125, 8.3125, 11.25 ], "texture": "#texture", "cullface": "west" },
				"east": { "uv": [ 8.3125, 9.5, 8.25, 9.9375 ], "texture": "#texture", "cullface": "west" }
			}
		},
		{
			"__comment": "Voxels",
			"from": [ -0.5, 14.5, 1 ],
			"to": [ 0.5, 15, 6.5 ],
			"faces": {
				"up": { "uv": [ 8, 15.5625, 8.125, 14.875 ], "texture": "#texture", "cullface": "west" },
				"north": { "uv": [ 8.4375, 8, 8.3125, 8.0625 ], "texture": "#texture", "cullface": "west" },
				"west": { "uv": [ 12.375, 15.5, 13.0625, 15.5625 ], "texture": "#texture", "cullface": "west" },
				"east": { "uv": [ 14.4375, 15.5, 13.75, 15.5625 ], "texture": "#texture", "cullface": "west" }
			}
		},
		{
			"__comment": "Voxels",
			"from": [ -0.5, 15, 6.5 ],
			"to": [ 16.5, 15.5, 9.5 ],
			"faces": {
				"down": { "uv": [ 5.625, 15.625, 7.75, 16 ], "texture": "#texture", "cullface": "east" },
				"up": { "uv": [ 5.625, 15.625, 7.75, 15.25 ], "texture": "#texture", "cullface": "east" },
				"north": { "uv": [ 7.75, 10.5625, 5.625, 10.625 ], "texture": "#texture", "cullface": "east" },
				"south": { "uv": [ 5.625, 10.625, 7.75, 10.6875 ], "texture": "#texture", "cullface": "east" },
				"west": { "uv": [ 12.8125, 15.4375, 13.1875, 15.5 ], "texture": "#texture", "cullface": "east" },
				"east": { "uv": [ 16, 15.75, 15.625, 15.8125 ], "texture": "#texture", "cullface": "east" }
			}
		},
		{
			"__comment": "Voxels",
			"from": [ 0, 0.5, 6.5 ],
			"to": [ 16, 1, 9.5 ],
			"faces": {
				"down": { "uv": [ 3.625, 9.0625, 5.625, 9.4375 ], "texture": "#texture" },
				"up": { "uv": [ 3.625, 9.0625, 5.625, 8.6875 ], "texture": "#texture" },
				"north": { "uv": [ 7.625, 10.4375, 5.625, 10.5 ], "texture": "#texture" },
				"south": { "uv": [ 5.625, 10.375, 7.625, 10.4375 ], "texture": "#texture" },
				"west": { "uv": [ 12.6875, 15.375, 13.0625, 15.4375 ], "texture": "#texture", "cullface": "west" },
				"east": { "uv": [ 13.4375, 15.375, 13.0625, 15.4375 ], "texture": "#texture", "cullface": "east" }
			}
		},
		{
			"__comment": "Voxels",
			"from": [ 0, 1, 1 ],
			"to": [ 0.5, 11, 6.5 ],
			"faces": {
				"down": { "uv": [ 8.1875, 8.9375, 8.25, 9.625 ], "texture": "#texture" },
				"north": { "uv": [ 8.0625, 11.5625, 8, 12.8125 ], "texture": "#texture" },
				"west": { "uv": [ 0, 11.25, 0.6875, 12.5 ], "texture": "#texture", "cullface": "west" },
				"east": { "uv": [ 1.375, 10, 0.6875, 11.25 ], "texture": "#texture" }
			}
		},
		{
			"__comment": "Voxels",
			"from": [ 0, 1, 9.5 ],
			"to": [ 0.5, 11, 15 ],
			"faces": {
				"down": { "uv": [ 8.25, 14.8125, 8.3125, 15.5 ], "texture": "#texture" },
				"south": { "uv": [ 8.0625, 10.3125, 8.125, 11.5625 ], "texture": "#texture" },
				"west": { "uv": [ 0.6875, 11.25, 1.375, 12.5 ], "texture": "#texture", "cullface": "west" },
				"east": { "uv": [ 0.6875, 10, 0, 11.25 ], "texture": "#texture" }
			}
		},
		{
			"__comment": "Voxels",
			"from": [ 0, 1.5, 0.5 ],
			"to": [ 0.5, 11, 1 ],
			"faces": {
				"down": { "uv": [ 8.5625, 9.9375, 8.625, 10 ], "texture": "#texture" },
				"north": { "uv": [ 8.25, 14.375, 8.1875, 15.5625 ], "texture": "#texture" },
				"west": { "uv": [ 8.1875, 12, 8.25, 13.1875 ], "texture": "#texture", "cullface": "west" },
				"east": { "uv": [ 8.1875, 14.375, 8.125, 15.5625 ], "texture": "#texture" }
			}
		},
		{
			"__comment": "Voxels",
			"from": [ 0, 1.5, 15 ],
			"to": [ 0.5, 11, 15.5 ],
			"faces": {
				"down": { "uv": [ 8.5625, 10.0625, 8.625, 10.125 ], "texture": "#texture" },
				"south": { "uv": [ 8.125, 13.1875, 8.1875, 14.375 ], "texture": "#texture" },
				"west": { "uv": [ 8.1875, 9.625, 8.25, 10.8125 ], "texture": "#texture", "cullface": "west" },
				"east": { "uv": [ 8.25, 10.8125, 8.1875, 12 ], "texture": "#texture" }
			}
		},
		{
			"__comment": "Voxels",
			"from": [ 0, 11, 0 ],
			"to": [ 16, 14.5, 0.5 ],
			"faces": {
				"down": { "uv": [ 5.625, 10.3125, 7.625, 10.375 ], "texture": "#texture" },
				"up": { "uv": [ 5.625, 10.3125, 7.625, 10.25 ], "texture": "#texture" },
				"north": { "uv": [ 5.625, 11.9375, 3.625, 12.375 ], "texture": "#texture", "cullface": "north" },
				"south": { "uv": [ 3.625, 12.375, 5.625, 12.8125 ], "texture": "#texture" },
				"west": { "uv": [ 8.4375, 14.6875, 8.5, 15.125 ], "texture": "#texture", "cullface": "west" },
				"east": { "uv": [ 8.5625, 14.6875, 8.5, 15.125 ], "texture": "#texture", "cullface": "east" }
			}
		},
		{
			"__comment": "Voxels",
			"from": [ 0, 11, 15.5 ],
			"to": [ 16, 14.5, 16 ],
			"faces": {
				"down": { "uv": [ 5.625, 10.125, 7.625, 10.1875 ], "texture": "#texture" },
				"up": { "uv": [ 5.625, 10.25, 7.625, 10.1875 ], "texture": "#texture" },
				"north": { "uv": [ 5.625, 11.5, 3.625, 11.9375 ], "texture": "#texture" },
				"south": { "uv": [ 3.625, 12.8125, 5.625, 13.25 ], "texture": "#texture", "cullface": "south" },
				"west": { "uv": [ 8.25, 9.0625, 8.3125, 9.5 ], "texture": "#texture", "cullface": "west" },
				"east": { "uv": [ 8.3125, 8.625, 8.25, 9.0625 ], "texture": "#texture", "cullface": "east" }
			}
		},
		{
			"__comment": "Voxels",
			"from": [ 0, 14.5, 0.5 ],
			"to": [ 1, 15, 1 ],
			"faces": {
				"down": { "uv": [ 8.4375, 8.125, 8.5625, 8.1875 ], "texture": "#texture" },
				"up": { "uv": [ 8.3125, 8.1875, 8.4375, 8.125 ], "texture": "#texture" },
				"north": { "uv": [ 8.5625, 8.1875, 8.4375, 8.25 ], "texture": "#texture" },
				"south": { "uv": [ 8.3125, 8.3125, 8.4375, 8.375 ], "texture": "#texture" },
				"west": { "uv": [ 8.5625, 10.5, 8.625, 10.5625 ], "texture": "#texture", "cullface": "west" },
				"east": { "uv": [ 8.625, 10.5625, 8.5625, 10.625 ], "texture": "#texture" }
			}
		},
		{
			"__comment": "Voxels",
			"from": [ 0, 14.5, 15 ],
			"to": [ 1, 15, 15.5 ],
			"faces": {
				"down": { "uv": [ 8.3125, 8.1875, 8.4375, 8.25 ], "texture": "#texture" },
				"up": { "uv": [ 8.4375, 8.3125, 8.5625, 8.25 ], "texture": "#texture" },
				"north": { "uv": [ 8.4375, 8.25, 8.3125, 8.3125 ], "texture": "#texture" },
				"south": { "uv": [ 8.4375, 8.3125, 8.5625, 8.375 ], "texture": "#texture" },
				"west": { "uv": [ 8.5625, 10.875, 8.625, 10.9375 ], "texture": "#texture", "cullface": "west" },
				"east": { "uv": [ 8.625, 10.9375, 8.5625, 11 ], "texture": "#texture" }
			}
		},
		{
			"__comment": "Voxels",
			"from": [ 0, 15, 1 ],
			"to": [ 16, 15.5, 6.5 ],
			"faces": {
				"down": { "uv": [ 3.625, 15.3125, 5.625, 16 ], "texture": "#texture" },
				"up": { "uv": [ 3.625, 15.3125, 5.625, 14.625 ], "texture": "#texture" },
				"north": { "uv": [ 7.625, 10.5, 5.625, 10.5625 ], "texture": "#texture" },
				"west": { "uv": [ 11, 15.5, 11.6875, 15.5625 ], "texture": "#texture", "cullface": "west" },
				"east": { "uv": [ 11, 15.5, 10.3125, 15.5625 ], "texture": "#texture", "cullface": "east" }
			}
		},
		{
			"__comment": "Voxels",
			"from": [ 0, 15, 9.5 ],
			"to": [ 16, 15.5, 15 ],
			"faces": {
				"down": { "uv": [ 3.625, 13.25, 5.625, 13.9375 ], "texture": "#texture" },
				"up": { "uv": [ 3.625, 14.625, 5.625, 13.9375 ], "texture": "#texture" },
				"south": { "uv": [ 3.625, 8.125, 5.625, 8.1875 ], "texture": "#texture" },
				"west": { "uv": [ 9.625, 15.5, 10.3125, 15.5625 ], "texture": "#texture", "cullface": "west" },
				"east": { "uv": [ 9.625, 15.5, 8.9375, 15.5625 ], "texture": "#texture", "cullface": "east" }
			}
		},
		{
			"__comment": "Voxels",
			"from": [ 0, 15.5, 6.5 ],
			"to": [ 16, 16, 9.5 ],
			"faces": {
				"up": { "uv": [ 3.625, 9.8125, 5.625, 9.4375 ], "texture": "#texture", "cullface": "up" },
				"north": { "uv": [ 5.625, 8.1875, 3.625, 8.25 ], "texture": "#texture" },
				"south": { "uv": [ 3.625, 8.25, 5.625, 8.3125 ], "texture": "#texture" },
				"west": { "uv": [ 9.4375, 15.4375, 9.8125, 15.5 ], "texture": "#texture", "cullface": "west" },
				"east": { "uv": [ 11.3125, 15.4375, 10.9375, 15.5 ], "texture": "#texture", "cullface": "east" }
			}
		},
		{
			"__comment": "Voxels",
			"from": [ 0.5, 0, 6.5 ],
			"to": [ 15.5, 0.5, 9.5 ],
			"faces": {
				"down": { "uv": [ 5.625, 14.875, 7.5, 15.25 ], "texture": "#texture", "cullface": "down" },
				"north": { "uv": [ 7.5, 9.6875, 5.625, 9.75 ], "texture": "#texture" },
				"south": { "uv": [ 5.625, 9.625, 7.5, 9.6875 ], "texture": "#texture" },
				"west": { "uv": [ 11.3125, 15.4375, 11.6875, 15.5 ], "texture": "#texture" },
				"east": { "uv": [ 12.8125, 15.4375, 12.4375, 15.5 ], "texture": "#texture" }
			}
		},
		{
			"__comment": "Voxels",
			"from": [ 0.5, 0.5, 1 ],
			"to": [ 15.5, 1, 6.5 ],
			"faces": {
				"down": { "uv": [ 1.75, 10.5625, 3.625, 11.25 ], "texture": "#texture" },
				"up": { "uv": [ 1.75, 10.5625, 3.625, 9.875 ], "texture": "#texture" },
				"north": { "uv": [ 7.5, 9.4375, 5.625, 9.5 ], "texture": "#texture" },
				"west": { "uv": [ 11.6875, 15.5, 12.375, 15.5625 ], "texture": "#texture" },
				"east": { "uv": [ 8.9375, 15.5, 8.25, 15.5625 ], "texture": "#texture" }
			}
		},
		{
			"__comment": "Voxels",
			"from": [ 0.5, 0.5, 9.5 ],
			"to": [ 15.5, 1, 15 ],
			"faces": {
				"down": { "uv": [ 1.75, 9.1875, 3.625, 9.875 ], "texture": "#texture" },
				"up": { "uv": [ 1.75, 9.1875, 3.625, 8.5 ], "texture": "#texture" },
				"south": { "uv": [ 5.625, 9.25, 7.5, 9.3125 ], "texture": "#texture" },
				"west": { "uv": [ 15.3125, 15.5625, 16, 15.625 ], "texture": "#texture" },
				"east": { "uv": [ 15.3125, 15.5625, 14.625, 15.625 ], "texture": "#texture" }
			}
		},
		{
			"__comment": "Voxels",
			"from": [ 0.5, 1, 0.5 ],
			"to": [ 1, 1.5, 1 ],
			"faces": {
				"down": { "uv": [ 8.5625, 11, 8.625, 11.0625 ], "texture": "#texture" },
				"up": { "uv": [ 8.5625, 11.125, 8.625, 11.0625 ], "texture": "#texture" },
				"north": { "uv": [ 8.625, 11.125, 8.5625, 11.1875 ], "texture": "#texture" },
				"south": { "uv": [ 8.5625, 11.1875, 8.625, 11.25 ], "texture": "#texture" },
				"west": { "uv": [ 8.5625, 11.25, 8.625, 11.3125 ], "texture": "#texture" },
				"east": { "uv": [ 8.625, 11.3125, 8.5625, 11.375 ], "texture": "#texture" }
			}
		},
		{
			"__comment": "Voxels",
			"from": [ 0.5, 1, 15 ],
			"to": [ 1, 1.5, 15.5 ],
			"faces": {
				"down": { "uv": [ 8.5625, 11.375, 8.625, 11.4375 ], "texture": "#texture" },
				"up": { "uv": [ 8.5625, 11.5, 8.625, 11.4375 ], "texture": "#texture" },
				"north": { "uv": [ 8.625, 11.5, 8.5625, 11.5625 ], "texture": "#texture" },
				"south": { "uv": [ 8.5625, 11.5625, 8.625, 11.625 ], "texture": "#texture" },
				"west": { "uv": [ 8.5625, 11.625, 8.625, 11.6875 ], "texture": "#texture" },
				"east": { "uv": [ 8.625, 11.6875, 8.5625, 11.75 ], "texture": "#texture" }
			}
		},
		{
			"__comment": "Voxels",
			"from": [ 0.5, 1.5, 0 ],
			"to": [ 15.5, 11, 0.5 ],
			"faces": {
				"down": { "uv": [ 5.625, 9, 7.5, 9.0625 ], "texture": "#texture" },
				"north": { "uv": [ 3.625, 12.4375, 1.75, 13.625 ], "texture": "#texture", "cullface": "north" },
				"south": { "uv": [ 1.75, 13.625, 3.625, 14.8125 ], "texture": "#texture" },
				"west": { "uv": [ 8.125, 10.8125, 8.1875, 12 ], "texture": "#texture" },
				"east": { "uv": [ 8.1875, 9.625, 8.125, 10.8125 ], "texture": "#texture" }
			}
		},
		{
			"__comment": "Voxels",
			"from": [ 0.5, 1.5, 15.5 ],
			"to": [ 15.5, 11, 16 ],
			"faces": {
				"down": { "uv": [ 5.625, 8.9375, 7.5, 9 ], "texture": "#texture" },
				"north": { "uv": [ 3.625, 14.8125, 1.75, 16 ], "texture": "#texture" },
				"south": { "uv": [ 1.75, 11.25, 3.625, 12.4375 ], "texture": "#texture", "cullface": "south" },
				"west": { "uv": [ 8.0625, 9.125, 8.125, 10.3125 ], "texture": "#texture" },
				"east": { "uv": [ 8.1875, 8.4375, 8.125, 9.625 ], "texture": "#texture" }
			}
		},
		{
			"__comment": "Voxels",
			"from": [ 0.5, 11, -0.5 ],
			"to": [ 15.5, 14.5, 0 ],
			"faces": {
				"down": { "uv": [ 5.625, 8.6875, 7.5, 8.75 ], "texture": "#texture", "cullface": "north" },
				"up": { "uv": [ 5.625, 8.6875, 7.5, 8.625 ], "texture": "#texture", "cullface": "north" },
				"north": { "uv": [ 5.5, 11.0625, 3.625, 11.5 ], "texture": "#texture", "cullface": "north" },
				"west": { "uv": [ 8.25, 9.9375, 8.3125, 10.375 ], "texture": "#texture", "cullface": "north" },
				"east": { "uv": [ 8.3125, 11.6875, 8.25, 12.125 ], "texture": "#texture", "cullface": "north" }
			}
		},
		{
			"__comment": "Voxels",
			"from": [ 0.5, 11, 16 ],
			"to": [ 15.5, 14.5, 16.5 ],
			"faces": {
				"down": { "uv": [ 5.625, 8.375, 7.5, 8.4375 ], "texture": "#texture", "cullface": "south" },
				"up": { "uv": [ 1.75, 8.0625, 3.625, 8 ], "texture": "#texture", "cullface": "south" },
				"south": { "uv": [ 1.75, 8.0625, 3.625, 8.5 ], "texture": "#texture", "cullface": "south" },
				"west": { "uv": [ 8.25, 11.25, 8.3125, 11.6875 ], "texture": "#texture", "cullface": "south" },
				"east": { "uv": [ 8.1875, 8, 8.125, 8.4375 ], "texture": "#texture", "cullface": "south" }
			}
		},
		{
			"__comment": "Voxels",
			"from": [ 0.5, 14.5, 0 ],
			"to": [ 15.5, 15, 0.5 ],
			"faces": {
				"up": { "uv": [ 5.625, 8.625, 7.5, 8.5625 ], "texture": "#texture" },
				"north": { "uv": [ 7.5, 8.75, 5.625, 8.8125 ], "texture": "#texture", "cullface": "north" },
				"south": { "uv": [ 5.625, 8.8125, 7.5, 8.875 ], "texture": "#texture" },
				"west": { "uv": [ 8.5625, 11.875, 8.625, 11.9375 ], "texture": "#texture" },
				"east": { "uv": [ 8.625, 11.9375, 8.5625, 12 ], "texture": "#texture" }
			}
		},
		{
			"__comment": "Voxels",
			"from": [ 0.5, 14.5, 15.5 ],
			"to": [ 15.5, 15, 16 ],
			"faces": {
				"up": { "uv": [ 5.625, 9.125, 7.5, 9.0625 ], "texture": "#texture" },
				"north": { "uv": [ 7.5, 9.125, 5.625, 9.1875 ], "texture": "#texture" },
				"south": { "uv": [ 5.625, 9.1875, 7.5, 9.25 ], "texture": "#texture", "cullface": "south" },
				"west": { "uv": [ 8.5625, 12.0625, 8.625, 12.125 ], "texture": "#texture" },
				"east": { "uv": [ 8.625, 12.25, 8.5625, 12.3125 ], "texture": "#texture" }
			}
		},
		{
			"__comment": "Voxels",
			"from": [ 0.5, 15, 0.5 ],
			"to": [ 15.5, 15.5, 1 ],
			"faces": {
				"down": { "uv": [ 5.625, 10.0625, 7.5, 10.125 ], "texture": "#texture" },
				"up": { "uv": [ 5.625, 9.5625, 7.5, 9.5 ], "texture": "#texture" },
				"north": { "uv": [ 7.5, 9.5625, 5.625, 9.625 ], "texture": "#texture" },
				"west": { "uv": [ 8.5625, 12.3125, 8.625, 12.375 ], "texture": "#texture" },
				"east": { "uv": [ 8.625, 12.375, 8.5625, 12.4375 ], "texture": "#texture" }
			}
		},
		{
			"__comment": "Voxels",
			"from": [ 0.5, 15, 15 ],
			"to": [ 15.5, 15.5, 15.5 ],
			"faces": {
				"down": { "uv": [ 5.625, 9.8125, 7.5, 9.875 ], "texture": "#texture" },
				"up": { "uv": [ 5.625, 9.9375, 7.5, 9.875 ], "texture": "#texture" },
				"south": { "uv": [ 5.625, 10, 7.5, 10.0625 ], "texture": "#texture" },
				"west": { "uv": [ 8.5625, 12.4375, 8.625, 12.5 ], "texture": "#texture" },
				"east": { "uv": [ 8.625, 12.5, 8.5625, 12.5625 ], "texture": "#texture" }
			}
		},
		{
			"__comment": "Voxels",
			"from": [ 1, 0.5, 0.5 ],
			"to": [ 15, 1, 1 ],
			"faces": {
				"down": { "uv": [ 7.75, 15.9375, 9.5, 16 ], "texture": "#texture" },
				"up": { "uv": [ 5.625, 8.0625, 7.375, 8 ], "texture": "#texture" },
				"north": { "uv": [ 7.375, 8.1875, 5.625, 8.25 ], "texture": "#texture" },
				"west": { "uv": [ 8.5625, 12.5625, 8.625, 12.625 ], "texture": "#texture" },
				"east": { "uv": [ 8.625, 14.125, 8.5625, 14.1875 ], "texture": "#texture" }
			}
		},
		{
			"__comment": "Voxels",
			"from": [ 1, 0.5, 15 ],
			"to": [ 15, 1, 15.5 ],
			"faces": {
				"down": { "uv": [ 13.125, 15.625, 14.875, 15.6875 ], "texture": "#texture" },
				"up": { "uv": [ 11.375, 15.75, 13.125, 15.6875 ], "texture": "#texture" },
				"south": { "uv": [ 9.5, 15.9375, 11.25, 16 ], "texture": "#texture" },
				"west": { "uv": [ 8.5625, 14.1875, 8.625, 14.25 ], "texture": "#texture" },
				"east": { "uv": [ 15.625, 15.375, 15.5625, 15.4375 ], "texture": "#texture" }
			}
		},
		{
			"__comment": "Voxels",
			"from": [ 1, 1, 0 ],
			"to": [ 15, 1.5, 0.5 ],
			"faces": {
				"down": { "uv": [ 7.8125, 15.875, 9.5625, 15.9375 ], "texture": "#texture" },
				"north": { "uv": [ 14.75, 15.9375, 13, 16 ], "texture": "#texture", "cullface": "north" },
				"south": { "uv": [ 7.8125, 15.75, 9.5625, 15.8125 ], "texture": "#texture" },
				"west": { "uv": [ 15.5, 15.375, 15.5625, 15.4375 ], "texture": "#texture" },
				"east": { "uv": [ 15.25, 15.375, 15.1875, 15.4375 ], "texture": "#texture" }
			}
		},
		{
			"__comment": "Voxels",
			"from": [ 1, 1, 15.5 ],
			"to": [ 15, 1.5, 16 ],
			"faces": {
				"down": { "uv": [ 9.5625, 15.75, 11.3125, 15.8125 ], "texture": "#texture" },
				"north": { "uv": [ 11.375, 15.625, 9.625, 15.6875 ], "texture": "#texture" },
				"south": { "uv": [ 7.875, 15.5625, 9.625, 15.625 ], "texture": "#texture", "cullface": "south" },
				"west": { "uv": [ 15.125, 15.375, 15.1875, 15.4375 ], "texture": "#texture" },
				"east": { "uv": [ 8.3125, 8, 8.25, 8.0625 ], "texture": "#texture" }
			}
		},
		{
			"__comment": "Voxels",
			"from": [ 1, 14.5, -0.5 ],
			"to": [ 15, 15, 0 ],
			"faces": {
				"up": { "uv": [ 9.625, 15.625, 11.375, 15.5625 ], "texture": "#texture", "cullface": "north" },
				"north": { "uv": [ 14.8125, 15.8125, 13.0625, 15.875 ], "texture": "#texture", "cullface": "north" },
				"west": { "uv": [ 8.5625, 9.375, 8.625, 9.4375 ], "texture": "#texture", "cullface": "north" },
				"east": { "uv": [ 8.625, 9.5625, 8.5625, 9.625 ], "texture": "#texture", "cullface": "north" }
			}
		},
		{
			"__comment": "Voxels",
			"from": [ 1, 14.5, 16 ],
			"to": [ 15, 15, 16.5 ],
			"faces": {
				"up": { "uv": [ 11.375, 15.6875, 13.125, 15.625 ], "texture": "#texture", "cullface": "south" },
				"south": { "uv": [ 5.625, 8.125, 7.375, 8.1875 ], "texture": "#texture", "cullface": "south" },
				"west": { "uv": [ 8.5625, 9.625, 8.625, 9.6875 ], "texture": "#texture", "cullface": "south" },
				"east": { "uv": [ 8.625, 9.6875, 8.5625, 9.75 ], "texture": "#texture", "cullface": "south" }
			}
		},
		{
			"__comment": "Voxels",
			"from": [ 1, 15, 0 ],
			"to": [ 15, 15.5, 0.5 ],
			"faces": {
				"up": { "uv": [ 11.25, 16, 13, 15.9375 ], "texture": "#texture" },
				"north": { "uv": [ 11.3125, 15.875, 9.5625, 15.9375 ], "texture": "#texture", "cullface": "north" },
				"west": { "uv": [ 15.375, 15.375, 15.4375, 15.4375 ], "texture": "#texture" },
				"east": { "uv": [ 15.375, 15.375, 15.3125, 15.4375 ], "texture": "#texture" }
			}
		},
		{
			"__comment": "Voxels",
			"from": [ 1, 15, 15.5 ],
			"to": [ 15, 15.5, 16 ],
			"faces": {
				"up": { "uv": [ 7.8125, 15.875, 9.5625, 15.8125 ], "texture": "#texture" },
				"south": { "uv": [ 13.125, 15.6875, 14.875, 15.75 ], "texture": "#texture", "cullface": "south" },
				"west": { "uv": [ 15.25, 15.375, 15.3125, 15.4375 ], "texture": "#texture" },
				"east": { "uv": [ 14, 15.375, 13.9375, 15.4375 ], "texture": "#texture" }
			}
		},
		{
			"__comment": "Voxels",
			"from": [ 3, 17.5, 7 ],
			"to": [ 3.5, 18.5, 9 ],
			"faces": {
				"down": { "uv": [ 8.4375, 11, 8.5, 11.25 ], "texture": "#texture", "cullface": "up" },
				"up": { "uv": [ 8.5, 11.25, 8.5625, 11 ], "texture": "#texture", "cullface": "up" },
				"north": { "uv": [ 8.4375, 8.6875, 8.375, 8.8125 ], "texture": "#texture", "cullface": "up" },
				"south": { "uv": [ 8.3125, 8.6875, 8.375, 8.8125 ], "texture": "#texture", "cullface": "up" },
				"west": { "uv": [ 7.375, 11.1875, 7.625, 11.3125 ], "texture": "#texture", "cullface": "up" },
				"east": { "uv": [ 7.75, 11.0625, 7.5, 11.1875 ], "texture": "#texture", "cullface": "up" }
			}
		},
		{
			"__comment": "Voxels",
			"from": [ 3.5, 17, 7 ],
			"to": [ 4, 17.5, 9 ],
			"faces": {
				"down": { "uv": [ 8.3125, 10.75, 8.375, 11 ], "texture": "#texture", "cullface": "up" },
				"up": { "uv": [ 8.375, 11, 8.4375, 10.75 ], "texture": "#texture", "cullface": "up" },
				"north": { "uv": [ 15.875, 15.375, 15.8125, 15.4375 ], "texture": "#texture", "cullface": "up" },
				"south": { "uv": [ 15.75, 15.375, 15.8125, 15.4375 ], "texture": "#texture", "cullface": "up" },
				"west": { "uv": [ 0.375, 8, 0.625, 8.0625 ], "texture": "#texture", "cullface": "up" },
				"east": { "uv": [ 7, 13.625, 6.75, 13.6875 ], "texture": "#texture", "cullface": "up" }
			}
		},
		{
			"__comment": "Voxels",
			"from": [ 3.5, 18.5, 7 ],
			"to": [ 4, 19, 9 ],
			"faces": {
				"down": { "uv": [ 7, 11.1875, 7.0625, 11.4375 ], "texture": "#texture", "cullface": "up" },
				"up": { "uv": [ 7.0625, 11.4375, 7.125, 11.1875 ], "texture": "#texture", "cullface": "up" },
				"north": { "uv": [ 14.875, 15.375, 14.8125, 15.4375 ], "texture": "#texture", "cullface": "up" },
				"south": { "uv": [ 14.75, 15.375, 14.8125, 15.4375 ], "texture": "#texture", "cullface": "up" },
				"west": { "uv": [ 7.4375, 13.625, 7.6875, 13.6875 ], "texture": "#texture", "cullface": "up" },
				"east": { "uv": [ 7.75, 12.75, 7.5, 12.8125 ], "texture": "#texture", "cullface": "up" }
			}
		},
		{
			"__comment": "Voxels",
			"from": [ 4, 16.5, 7 ],
			"to": [ 5.5, 17, 9 ],
			"faces": {
				"down": { "uv": [ 1.25, 8, 1.4375, 8.25 ], "texture": "#texture", "cullface": "up" },
				"up": { "uv": [ 6.5625, 13.875, 6.75, 13.625 ], "texture": "#texture", "cullface": "up" },
				"north": { "uv": [ 8.5, 10.625, 8.3125, 10.6875 ], "texture": "#texture", "cullface": "up" },
				"south": { "uv": [ 7.125, 12.75, 7.3125, 12.8125 ], "texture": "#texture", "cullface": "up" },
				"west": { "uv": [ 6.375, 11.1875, 6.625, 11.25 ], "texture": "#texture", "cullface": "up" },
				"east": { "uv": [ 7, 11.1875, 6.75, 11.25 ], "texture": "#texture", "cullface": "up" }
			}
		},
		{
			"__comment": "Voxels",
			"from": [ 4, 19, 7 ],
			"to": [ 5.5, 19.5, 9 ],
			"faces": {
				"down": { "uv": [ 0.1875, 8, 0.375, 8.25 ], "texture": "#texture", "cullface": "up" },
				"up": { "uv": [ 0, 8.25, 0.1875, 8 ], "texture": "#texture", "cullface": "up" },
				"north": { "uv": [ 8.5, 10.6875, 8.3125, 10.75 ], "texture": "#texture", "cullface": "up" },
				"south": { "uv": [ 7.5625, 13.1875, 7.75, 13.25 ], "texture": "#texture", "cullface": "up" },
				"west": { "uv": [ 7.5, 10.0625, 7.75, 10.125 ], "texture": "#texture", "cullface": "up" },
				"east": { "uv": [ 7.75, 10, 7.5, 10.0625 ], "texture": "#texture", "cullface": "up" }
			}
		},
		{
			"__comment": "Voxels",
			"from": [ 5.5, 16, 7 ],
			"to": [ 6.5, 16.5, 9 ],
			"faces": {
				"up": { "uv": [ 6.625, 11.4375, 6.75, 11.1875 ], "texture": "#texture", "cullface": "up" },
				"north": { "uv": [ 7.75, 8.25, 7.625, 8.3125 ], "texture": "#texture", "cullface": "up" },
				"south": { "uv": [ 8.4375, 8.9375, 8.5625, 9 ], "texture": "#texture", "cullface": "up" },
				"west": { "uv": [ 7.5, 9.9375, 7.75, 10 ], "texture": "#texture", "cullface": "up" },
				"east": { "uv": [ 7.75, 9.875, 7.5, 9.9375 ], "texture": "#texture", "cullface": "up" }
			}
		},
		{
			"__comment": "Voxels",
			"from": [ 5.5, 18.5, 7 ],
			"to": [ 6, 19, 9 ],
			"faces": {
				"down": { "uv": [ 7.8125, 8.0625, 7.875, 8.3125 ], "texture": "#texture", "cullface": "up" },
				"up": { "uv": [ 8.1875, 8.25, 8.25, 8 ], "texture": "#texture", "cullface": "up" },
				"north": { "uv": [ 13.9375, 15.375, 13.875, 15.4375 ], "texture": "#texture", "cullface": "up" },
				"south": { "uv": [ 15.875, 15.4375, 15.9375, 15.5 ], "texture": "#texture", "cullface": "up" },
				"west": { "uv": [ 7.5, 9.8125, 7.75, 9.875 ], "texture": "#texture", "cullface": "up" },
				"east": { "uv": [ 7.75, 9.75, 7.5, 9.8125 ], "texture": "#texture", "cullface": "up" }
			}
		},
		{
			"__comment": "Voxels",
			"from": [ 6, 17.5, 7.5 ],
			"to": [ 6.5, 18.5, 8.5 ],
			"faces": {
				"down": { "uv": [ 8.3125, 9.375, 8.375, 9.5 ], "texture": "#texture", "cullface": "up" },
				"up": { "uv": [ 8.25, 8.1875, 8.3125, 8.0625 ], "texture": "#texture", "cullface": "up" },
				"north": { "uv": [ 8.625, 15.125, 8.5625, 15.25 ], "texture": "#texture", "cullface": "up" },
				"south": { "uv": [ 8.5625, 15.25, 8.625, 15.375 ], "texture": "#texture", "cullface": "up" },
				"west": { "uv": [ 7.5625, 13.25, 7.6875, 13.375 ], "texture": "#texture", "cullface": "up" },
				"east": { "uv": [ 7.25, 12.8125, 7.125, 12.9375 ], "texture": "#texture", "cullface": "up" }
			}
		},
		{
			"__comment": "Voxels",
			"from": [ 6, 18, 7 ],
			"to": [ 6.5, 18.5, 7.5 ],
			"faces": {
				"down": { "uv": [ 8.5625, 9.4375, 8.625, 9.5 ], "texture": "#texture", "cullface": "up" },
				"up": { "uv": [ 8.5625, 9.5625, 8.625, 9.5 ], "texture": "#texture", "cullface": "up" },
				"north": { "uv": [ 8.625, 14.5, 8.5625, 14.5625 ], "texture": "#texture", "cullface": "up" },
				"west": { "uv": [ 15.9375, 15.375, 16, 15.4375 ], "texture": "#texture", "cullface": "up" },
				"east": { "uv": [ 15.9375, 15.375, 15.875, 15.4375 ], "texture": "#texture", "cullface": "up" }
			}
		},
		{
			"__comment": "Voxels",
			"from": [ 6, 18, 8.5 ],
			"to": [ 6.5, 18.5, 9 ],
			"faces": {
				"down": { "uv": [ 15.0625, 15.375, 15.125, 15.4375 ], "texture": "#texture", "cullface": "up" },
				"up": { "uv": [ 15, 15.4375, 15.0625, 15.375 ], "texture": "#texture", "cullface": "up" },
				"south": { "uv": [ 8.5625, 10.6875, 8.625, 10.75 ], "texture": "#texture", "cullface": "up" },
				"west": { "uv": [ 8.5625, 12, 8.625, 12.0625 ], "texture": "#texture", "cullface": "up" },
				"east": { "uv": [ 8.625, 12.75, 8.5625, 12.8125 ], "texture": "#texture", "cullface": "up" }
			}
		},
		{
			"__comment": "Voxels",
			"from": [ 6.5, 0, 0.5 ],
			"to": [ 9.5, 0.5, 6.5 ],
			"faces": {
				"down": { "uv": [ 7.125, 12, 7.5, 12.75 ], "texture": "#texture", "cullface": "down" },
				"up": { "uv": [ 5.625, 11.9375, 6, 11.1875 ], "texture": "#texture" },
				"north": { "uv": [ 12.0625, 15.4375, 11.6875, 15.5 ], "texture": "#texture" },
				"west": { "uv": [ 13.125, 15.5625, 13.875, 15.625 ], "texture": "#texture" },
				"east": { "uv": [ 15.625, 15.6875, 14.875, 15.75 ], "texture": "#texture" }
			}
		},
		{
			"__comment": "Voxels",
			"from": [ 6.5, 0, 9.5 ],
			"to": [ 9.5, 0.5, 15.5 ],
			"faces": {
				"down": { "uv": [ 6, 11.1875, 6.375, 11.9375 ], "texture": "#texture", "cullface": "down" },
				"up": { "uv": [ 7.0625, 14.375, 7.4375, 13.625 ], "texture": "#texture" },
				"south": { "uv": [ 13.9375, 15.4375, 14.3125, 15.5 ], "texture": "#texture" },
				"west": { "uv": [ 13.875, 15.5625, 14.625, 15.625 ], "texture": "#texture" },
				"east": { "uv": [ 15.625, 15.625, 14.875, 15.6875 ], "texture": "#texture" }
			}
		},
		{
			"__comment": "Voxels",
			"from": [ 6.5, 0.5, 0 ],
			"to": [ 9.5, 1, 0.5 ],
			"faces": {
				"down": { "uv": [ 14.6875, 15.4375, 15.0625, 15.5 ], "texture": "#texture" },
				"north": { "uv": [ 15.8125, 15.4375, 15.4375, 15.5 ], "texture": "#texture", "cullface": "north" },
				"west": { "uv": [ 8.5625, 13.1875, 8.625, 13.25 ], "texture": "#texture" },
				"east": { "uv": [ 8.625, 14.25, 8.5625, 14.3125 ], "texture": "#texture" }
			}
		},
		{
			"__comment": "Voxels",
			"from": [ 6.5, 0.5, 15.5 ],
			"to": [ 9.5, 1, 16 ],
			"faces": {
				"down": { "uv": [ 9.6875, 15.375, 10.0625, 15.4375 ], "texture": "#texture" },
				"south": { "uv": [ 10.8125, 15.375, 11.1875, 15.4375 ], "texture": "#texture", "cullface": "south" },
				"west": { "uv": [ 7, 13.625, 7.0625, 13.6875 ], "texture": "#texture" },
				"east": { "uv": [ 8.625, 14.4375, 8.5625, 14.5 ], "texture": "#texture" }
			}
		},
		{
			"__comment": "Voxels",
			"from": [ 6.5, 1, -0.5 ],
			"to": [ 9.5, 11, 0 ],
			"faces": {
				"down": { "uv": [ 11.9375, 15.375, 12.3125, 15.4375 ], "texture": "#texture", "cullface": "north" },
				"north": { "uv": [ 6, 13.625, 5.625, 14.875 ], "texture": "#texture", "cullface": "north" },
				"south": { "uv": [ 0.75, 8.75, 1.125, 10 ], "texture": "#texture", "cullface": "north" },
				"west": { "uv": [ 7.9375, 11.0625, 8, 12.3125 ], "texture": "#texture", "cullface": "north" },
				"east": { "uv": [ 8.0625, 9.0625, 8, 10.3125 ], "texture": "#texture", "cullface": "north" }
			}
		},
		{
			"__comment": "Voxels",
			"from": [ 6.5, 1, 16 ],
			"to": [ 9.5, 11, 16.5 ],
			"faces": {
				"down": { "uv": [ 14.3125, 15.4375, 14.6875, 15.5 ], "texture": "#texture", "cullface": "south" },
				"north": { "uv": [ 1.75, 10, 1.375, 11.25 ], "texture": "#texture", "cullface": "south" },
				"south": { "uv": [ 1.375, 11.25, 1.75, 12.5 ], "texture": "#texture", "cullface": "south" },
				"west": { "uv": [ 7.9375, 9.8125, 8, 11.0625 ], "texture": "#texture", "cullface": "south" },
				"east": { "uv": [ 8, 8.5625, 7.9375, 9.8125 ], "texture": "#texture", "cullface": "south" }
			}
		},
		{
			"__comment": "Voxels",
			"from": [ 6.5, 11, -1 ],
			"to": [ 9.5, 15, -0.5 ],
			"faces": {
				"down": { "uv": [ 15.625, 15.8125, 16, 15.875 ], "texture": "#texture", "cullface": "north" },
				"up": { "uv": [ 15.625, 15.6875, 16, 15.625 ], "texture": "#texture", "cullface": "north" },
				"north": { "uv": [ 7.5, 10.6875, 7.125, 11.1875 ], "texture": "#texture", "cullface": "north" },
				"south": { "uv": [ 6.375, 10.6875, 6.75, 11.1875 ], "texture": "#texture", "cullface": "north" },
				"west": { "uv": [ 7.6875, 12.25, 7.75, 12.75 ], "texture": "#texture", "cullface": "north" },
				"east": { "uv": [ 7.6875, 11.4375, 7.625, 11.9375 ], "texture": "#texture", "cullface": "north" }
			}
		},
		{
			"__comment": "Voxels",
			"from": [ 6.5, 11, 16.5 ],
			"to": [ 9.5, 15, 17 ],
			"faces": {
				"down": { "uv": [ 15.5625, 15.9375, 15.9375, 16 ], "texture": "#texture", "cullface": "south" },
				"up": { "uv": [ 15.625, 15.9375, 16, 15.875 ], "texture": "#texture", "cullface": "south" },
				"north": { "uv": [ 6.75, 11.4375, 6.375, 11.9375 ], "texture": "#texture", "cullface": "south" },
				"south": { "uv": [ 6.75, 11.4375, 7.125, 11.9375 ], "texture": "#texture", "cullface": "south" },
				"west": { "uv": [ 7.6875, 11.4375, 7.75, 11.9375 ], "texture": "#texture", "cullface": "south" },
				"east": { "uv": [ 8, 8.0625, 7.9375, 8.5625 ], "texture": "#texture", "cullface": "south" }
			}
		},
		{
			"__comment": "Voxels",
			"from": [ 6.5, 15, -0.5 ],
			"to": [ 9.5, 15.5, 0 ],
			"faces": {
				"up": { "uv": [ 11.5625, 15.4375, 11.9375, 15.375 ], "texture": "#texture", "cullface": "north" },
				"north": { "uv": [ 11.5625, 15.375, 11.1875, 15.4375 ], "texture": "#texture", "cullface": "north" },
				"west": { "uv": [ 8.5625, 13.3125, 8.625, 13.375 ], "texture": "#texture", "cullface": "north" },
				"east": { "uv": [ 8.625, 13.25, 8.5625, 13.3125 ], "texture": "#texture", "cullface": "north" }
			}
		},
		{
			"__comment": "Voxels",
			"from": [ 6.5, 15, 16 ],
			"to": [ 9.5, 15.5, 16.5 ],
			"faces": {
				"up": { "uv": [ 10.5625, 15.5, 10.9375, 15.4375 ], "texture": "#texture", "cullface": "south" },
				"south": { "uv": [ 9.8125, 15.4375, 10.1875, 15.5 ], "texture": "#texture", "cullface": "south" },
				"west": { "uv": [ 8.5625, 10.625, 8.625, 10.6875 ], "texture": "#texture", "cullface": "south" },
				"east": { "uv": [ 8.625, 9.3125, 8.5625, 9.375 ], "texture": "#texture", "cullface": "south" }
			}
		},
		{
			"__comment": "Voxels",
			"from": [ 6.5, 15.5, 0 ],
			"to": [ 9.5, 16, 6.5 ],
			"faces": {
				"down": { "uv": [ 6.375, 11.9375, 6.75, 12.75 ], "texture": "#texture" },
				"up": { "uv": [ 6.75, 12.75, 7.125, 11.9375 ], "texture": "#texture", "cullface": "up" },
				"north": { "uv": [ 9.4375, 15.4375, 9.0625, 15.5 ], "texture": "#texture", "cullface": "north" },
				"west": { "uv": [ 14.8125, 15.8125, 15.625, 15.875 ], "texture": "#texture" },
				"east": { "uv": [ 15.5625, 15.9375, 14.75, 16 ], "texture": "#texture" }
			}
		},
		{
			"__comment": "Voxels",
			"from": [ 6.5, 15.5, 9.5 ],
			"to": [ 9.5, 16, 16 ],
			"faces": {
				"down": { "uv": [ 6, 11.9375, 6.375, 12.75 ], "texture": "#texture" },
				"up": { "uv": [ 5.625, 12.75, 6, 11.9375 ], "texture": "#texture", "cullface": "up" },
				"south": { "uv": [ 15.625, 15.6875, 16, 15.75 ], "texture": "#texture", "cullface": "south" },
				"west": { "uv": [ 14.8125, 15.875, 15.625, 15.9375 ], "texture": "#texture" },
				"east": { "uv": [ 15.625, 15.75, 14.8125, 15.8125 ], "texture": "#texture" }
			}
		},
		{
			"__comment": "Voxels",
			"from": [ 6.5, 16, 7.5 ],
			"to": [ 10.5, 16.5, 8.5 ],
			"faces": {
				"up": { "uv": [ 0.75, 8.125, 1.25, 8 ], "texture": "#texture", "cullface": "up" },
				"north": { "uv": [ 9.0625, 15.4375, 8.5625, 15.5 ], "texture": "#texture", "cullface": "up" },
				"south": { "uv": [ 15.125, 15.5, 15.625, 15.5625 ], "texture": "#texture", "cullface": "up" },
				"east": { "uv": [ 7.75, 11.25, 7.625, 11.3125 ], "texture": "#texture", "cullface": "up" }
			}
		},
		{
			"__comment": "Voxels",
			"from": [ 6.5, 17, 7.5 ],
			"to": [ 7, 17.5, 8.5 ],
			"faces": {
				"down": { "uv": [ 7.6875, 13.25, 7.75, 13.375 ], "texture": "#texture", "cullface": "up" },
				"up": { "uv": [ 7.25, 12.9375, 7.3125, 12.8125 ], "texture": "#texture", "cullface": "up" },
				"north": { "uv": [ 15.5, 15.375, 15.4375, 15.4375 ], "texture": "#texture", "cullface": "up" },
				"south": { "uv": [ 15.6875, 15.375, 15.75, 15.4375 ], "texture": "#texture", "cullface": "up" },
				"west": { "uv": [ 7.625, 10.1875, 7.75, 10.25 ], "texture": "#texture", "cullface": "up" },
				"east": { "uv": [ 7.75, 10.125, 7.625, 10.1875 ], "texture": "#texture", "cullface": "up" }
			}
		},
		{
			"__comment": "Voxels",
			"from": [ 7, 16, 5.5 ],
			"to": [ 9, 16.5, 6.5 ],
			"faces": {
				"up": { "uv": [ 8.3125, 15.5, 8.5625, 15.375 ], "texture": "#texture", "cullface": "up" },
				"north": { "uv": [ 7.75, 9.625, 7.5, 9.6875 ], "texture": "#texture", "cullface": "up" },
				"south": { "uv": [ 7.5, 9.5625, 7.75, 9.625 ], "texture": "#texture", "cullface": "up" },
				"west": { "uv": [ 7.625, 8, 7.75, 8.0625 ], "texture": "#texture", "cullface": "up" },
				"east": { "uv": [ 8.5625, 14.375, 8.4375, 14.4375 ], "texture": "#texture", "cullface": "up" }
			}
		},
		{
			"__comment": "Voxels",
			"from": [ 7, 16, 7 ],
			"to": [ 9, 16.5, 7.5 ],
			"faces": {
				"up": { "uv": [ 7.5, 9.5, 7.75, 9.4375 ], "texture": "#texture", "cullface": "up" },
				"north": { "uv": [ 7.75, 9.375, 7.5, 9.4375 ], "texture": "#texture", "cullface": "up" },
				"west": { "uv": [ 8.5625, 12.875, 8.625, 12.9375 ], "texture": "#texture", "cullface": "up" },
				"east": { "uv": [ 8.625, 12.8125, 8.5625, 12.875 ], "texture": "#texture", "cullface": "up" }
			}
		},
		{
			"__comment": "Voxels",
			"from": [ 7, 16, 8.5 ],
			"to": [ 9, 16.5, 9 ],
			"faces": {
				"up": { "uv": [ 7.5, 9.25, 7.75, 9.1875 ], "texture": "#texture", "cullface": "up" },
				"south": { "uv": [ 7.5, 9.0625, 7.75, 9.125 ], "texture": "#texture", "cullface": "up" },
				"west": { "uv": [ 8.5625, 10.4375, 8.625, 10.5 ], "texture": "#texture", "cullface": "up" },
				"east": { "uv": [ 8.625, 10.375, 8.5625, 10.4375 ], "texture": "#texture", "cullface": "up" }
			}
		},
		{
			"__comment": "Voxels",
			"from": [ 7, 16, 9.5 ],
			"to": [ 9, 16.5, 10.5 ],
			"faces": {
				"up": { "uv": [ 7.375, 8.3125, 7.625, 8.1875 ], "texture": "#texture", "cullface": "up" },
				"north": { "uv": [ 7.75, 9, 7.5, 9.0625 ], "texture": "#texture", "cullface": "up" },
				"south": { "uv": [ 7.5, 8.9375, 7.75, 9 ], "texture": "#texture", "cullface": "up" },
				"west": { "uv": [ 8.4375, 9.1875, 8.5625, 9.25 ], "texture": "#texture", "cullface": "up" },
				"east": { "uv": [ 8.4375, 9, 8.3125, 9.0625 ], "texture": "#texture", "cullface": "up" }
			}
		},
		{
			"__comment": "Voxels",
			"from": [ 7, 16.5, 4 ],
			"to": [ 9, 17, 5.5 ],
			"faces": {
				"down": { "uv": [ 7.3125, 13, 7.5625, 13.1875 ], "texture": "#texture", "cullface": "up" },
				"up": { "uv": [ 0.375, 8.25, 0.625, 8.0625 ], "texture": "#texture", "cullface": "up" },
				"north": { "uv": [ 7.75, 8.875, 7.5, 8.9375 ], "texture": "#texture", "cullface": "up" },
				"south": { "uv": [ 7.5, 8.8125, 7.75, 8.875 ], "texture": "#texture", "cullface": "up" },
				"west": { "uv": [ 8.3125, 10.25, 8.5, 10.3125 ], "texture": "#texture", "cullface": "up" },
				"east": { "uv": [ 8.5, 10.1875, 8.3125, 10.25 ], "texture": "#texture", "cullface": "up" }
			}
		},
		{
			"__comment": "Voxels",
			"from": [ 7, 16.5, 7.5 ],
			"to": [ 9, 17, 8.5 ],
			"faces": {
				"up": { "uv": [ 7.5, 11.0625, 7.75, 10.9375 ], "texture": "#texture", "cullface": "up" },
				"north": { "uv": [ 7.75, 8.75, 7.5, 8.8125 ], "texture": "#texture", "cullface": "up" },
				"south": { "uv": [ 7.5, 8.6875, 7.75, 8.75 ], "texture": "#texture", "cullface": "up" },
				"west": { "uv": [ 8.3125, 8.8125, 8.4375, 8.875 ], "texture": "#texture", "cullface": "up" },
				"east": { "uv": [ 8.5625, 8.8125, 8.4375, 8.875 ], "texture": "#texture", "cullface": "up" }
			}
		},
		{
			"__comment": "Voxels",
			"from": [ 7, 16.5, 10.5 ],
			"to": [ 9, 17, 12 ],
			"faces": {
				"down": { "uv": [ 6.75, 13.6875, 7, 13.875 ], "texture": "#texture", "cullface": "up" },
				"up": { "uv": [ 7.4375, 13.875, 7.6875, 13.6875 ], "texture": "#texture", "cullface": "up" },
				"north": { "uv": [ 7.75, 8.625, 7.5, 8.6875 ], "texture": "#texture", "cullface": "up" },
				"south": { "uv": [ 7.5, 8.5625, 7.75, 8.625 ], "texture": "#texture", "cullface": "up" },
				"west": { "uv": [ 8.3125, 10.0625, 8.5, 10.125 ], "texture": "#texture", "cullface": "up" },
				"east": { "uv": [ 8.5, 10, 8.3125, 10.0625 ], "texture": "#texture", "cullface": "up" }
			}
		},
		{
			"__comment": "Voxels",
			"from": [ 7, 17, 3.5 ],
			"to": [ 9, 17.5, 4 ],
			"faces": {
				"down": { "uv": [ 7.5, 8.5, 7.75, 8.5625 ], "texture": "#texture", "cullface": "up" },
				"up": { "uv": [ 7.5, 8.5, 7.75, 8.4375 ], "texture": "#texture", "cullface": "up" },
				"north": { "uv": [ 7.75, 8.375, 7.5, 8.4375 ], "texture": "#texture", "cullface": "up" },
				"south": { "uv": [ 7.5, 8.3125, 7.75, 8.375 ], "texture": "#texture", "cullface": "up" },
				"west": { "uv": [ 8.5, 9.375, 8.5625, 9.4375 ], "texture": "#texture", "cullface": "up" },
				"east": { "uv": [ 15.875, 15.4375, 15.8125, 15.5 ], "texture": "#texture", "cullface": "up" }
			}
		},
		{
			"__comment": "Voxels",
			"from": [ 7, 17, 12 ],
			"to": [ 9, 17.5, 12.5 ],
			"faces": {
				"down": { "uv": [ 7.375, 8, 7.625, 8.0625 ], "texture": "#texture", "cullface": "up" },
				"up": { "uv": [ 8.3125, 14.25, 8.5625, 14.1875 ], "texture": "#texture", "cullface": "up" },
				"north": { "uv": [ 8.5625, 14.125, 8.3125, 14.1875 ], "texture": "#texture", "cullface": "up" },
				"south": { "uv": [ 7.5, 9.6875, 7.75, 9.75 ], "texture": "#texture", "cullface": "up" },
				"west": { "uv": [ 15.9375, 15.4375, 16, 15.5 ], "texture": "#texture", "cullface": "up" },
				"east": { "uv": [ 13.875, 15.375, 13.8125, 15.4375 ], "texture": "#texture", "cullface": "up" }
			}
		},
		{
			"__comment": "Voxels",
			"from": [ 7, 17.5, 3 ],
			"to": [ 9, 18.5, 3.5 ],
			"faces": {
				"down": { "uv": [ 8.3125, 14.0625, 8.5625, 14.125 ], "texture": "#texture", "cullface": "up" },
				"up": { "uv": [ 8.3125, 14.0625, 8.5625, 14 ], "texture": "#texture", "cullface": "up" },
				"north": { "uv": [ 7.625, 11.3125, 7.375, 11.4375 ], "texture": "#texture", "cullface": "up" },
				"south": { "uv": [ 7.125, 11.1875, 7.375, 11.3125 ], "texture": "#texture", "cullface": "up" },
				"west": { "uv": [ 8.4375, 8.6875, 8.5, 8.8125 ], "texture": "#texture", "cullface": "up" },
				"east": { "uv": [ 8.5625, 8.6875, 8.5, 8.8125 ], "texture": "#texture", "cullface": "up" }
			}
		},
		{
			"__comment": "Voxels",
			"from": [ 7, 17.5, 12.5 ],
			"to": [ 9, 18.5, 13 ],
			"faces": {
				"down": { "uv": [ 8.3125, 13.9375, 8.5625, 14 ], "texture": "#texture", "cullface": "up" },
				"up": { "uv": [ 8.3125, 13.9375, 8.5625, 13.875 ], "texture": "#texture", "cullface": "up" },
				"north": { "uv": [ 7.75, 10.6875, 7.5, 10.8125 ], "texture": "#texture", "cullface": "up" },
				"south": { "uv": [ 7.125, 11.3125, 7.375, 11.4375 ], "texture": "#texture", "cullface": "up" },
				"west": { "uv": [ 7, 13.75, 7.0625, 13.875 ], "texture": "#texture", "cullface": "up" },
				"east": { "uv": [ 7.75, 13.75, 7.6875, 13.875 ], "texture": "#texture", "cullface": "up" }
			}
		},
		{
			"__comment": "Voxels",
			"from": [ 7, 18, 6 ],
			"to": [ 9, 18.5, 6.5 ],
			"faces": {
				"down": { "uv": [ 8.3125, 13.8125, 8.5625, 13.875 ], "texture": "#texture", "cullface": "up" },
				"up": { "uv": [ 8.3125, 13.8125, 8.5625, 13.75 ], "texture": "#texture", "cullface": "up" },
				"north": { "uv": [ 8.5625, 13.6875, 8.3125, 13.75 ], "texture": "#texture", "cullface": "up" },
				"south": { "uv": [ 8.3125, 13.625, 8.5625, 13.6875 ], "texture": "#texture", "cullface": "up" },
				"west": { "uv": [ 8.5625, 14.9375, 8.625, 15 ], "texture": "#texture", "cullface": "up" },
				"east": { "uv": [ 8.625, 14.875, 8.5625, 14.9375 ], "texture": "#texture", "cullface": "up" }
			}
		},
		{
			"__comment": "Voxels",
			"from": [ 7, 18, 9.5 ],
			"to": [ 9, 18.5, 10 ],
			"faces": {
				"down": { "uv": [ 8.3125, 13.5625, 8.5625, 13.625 ], "texture": "#texture", "cullface": "up" },
				"up": { "uv": [ 8.3125, 13.5625, 8.5625, 13.5 ], "texture": "#texture", "cullface": "up" },
				"north": { "uv": [ 8.5625, 13.4375, 8.3125, 13.5 ], "texture": "#texture", "cullface": "up" },
				"south": { "uv": [ 8.3125, 13.375, 8.5625, 13.4375 ], "texture": "#texture", "cullface": "up" },
				"west": { "uv": [ 8.5625, 14.8125, 8.625, 14.875 ], "texture": "#texture", "cullface": "up" },
				"east": { "uv": [ 8.625, 14.75, 8.5625, 14.8125 ], "texture": "#texture", "cullface": "up" }
			}
		},
		{
			"__comment": "Voxels",
			"from": [ 7, 18.5, 3.5 ],
			"to": [ 9, 19, 4 ],
			"faces": {
				"down": { "uv": [ 8.3125, 13.3125, 8.5625, 13.375 ], "texture": "#texture", "cullface": "up" },
				"up": { "uv": [ 8.3125, 13.3125, 8.5625, 13.25 ], "texture": "#texture", "cullface": "up" },
				"north": { "uv": [ 8.5625, 13.1875, 8.3125, 13.25 ], "texture": "#texture", "cullface": "up" },
				"south": { "uv": [ 8.3125, 13.125, 8.5625, 13.1875 ], "texture": "#texture", "cullface": "up" },
				"west": { "uv": [ 8.5625, 14.375, 8.625, 14.4375 ], "texture": "#texture", "cullface": "up" },
				"east": { "uv": [ 8.625, 14.3125, 8.5625, 14.375 ], "texture": "#texture", "cullface": "up" }
			}
		},
		{
			"__comment": "Voxels",
			"from": [ 7, 18.5, 5.5 ],
			"to": [ 9, 19, 6 ],
			"faces": {
				"down": { "uv": [ 8.3125, 13.0625, 8.5625, 13.125 ], "texture": "#texture", "cullface": "up" },
				"up": { "uv": [ 8.3125, 13.0625, 8.5625, 13 ], "texture": "#texture", "cullface": "up" },
				"north": { "uv": [ 8.5625, 12.9375, 8.3125, 13 ], "texture": "#texture", "cullface": "up" },
				"south": { "uv": [ 8.3125, 12.875, 8.5625, 12.9375 ], "texture": "#texture", "cullface": "up" },
				"west": { "uv": [ 8.5625, 13.125, 8.625, 13.1875 ], "texture": "#texture", "cullface": "up" },
				"east": { "uv": [ 8.625, 12.9375, 8.5625, 13 ], "texture": "#texture", "cullface": "up" }
			}
		},
		{
			"__comment": "Voxels",
			"from": [ 7, 18.5, 10 ],
			"to": [ 9, 19, 10.5 ],
			"faces": {
				"down": { "uv": [ 8.3125, 12.8125, 8.5625, 12.875 ], "texture": "#texture", "cullface": "up" },
				"up": { "uv": [ 8.3125, 12.8125, 8.5625, 12.75 ], "texture": "#texture", "cullface": "up" },
				"north": { "uv": [ 8.5625, 12.6875, 8.3125, 12.75 ], "texture": "#texture", "cullface": "up" },
				"south": { "uv": [ 8.3125, 12.625, 8.5625, 12.6875 ], "texture": "#texture", "cullface": "up" },
				"west": { "uv": [ 8.5625, 10.8125, 8.625, 10.875 ], "texture": "#texture", "cullface": "up" },
				"east": { "uv": [ 8.625, 10.75, 8.5625, 10.8125 ], "texture": "#texture", "cullface": "up" }
			}
		},
		{
			"__comment": "Voxels",
			"from": [ 7, 18.5, 12 ],
			"to": [ 9, 19, 12.5 ],
			"faces": {
				"down": { "uv": [ 8.3125, 12.5625, 8.5625, 12.625 ], "texture": "#texture", "cullface": "up" },
				"up": { "uv": [ 8.3125, 12.5625, 8.5625, 12.5 ], "texture": "#texture", "cullface": "up" },
				"north": { "uv": [ 8.5625, 12.4375, 8.3125, 12.5 ], "texture": "#texture", "cullface": "up" },
				"south": { "uv": [ 8.3125, 12.375, 8.5625, 12.4375 ], "texture": "#texture", "cullface": "up" },
				"west": { "uv": [ 8.5625, 10.1875, 8.625, 10.25 ], "texture": "#texture", "cullface": "up" },
				"east": { "uv": [ 8.625, 9.875, 8.5625, 9.9375 ], "texture": "#texture", "cullface": "up" }
			}
		},
		{
			"__comment": "Voxels",
			"from": [ 7, 19, 4 ],
			"to": [ 9, 19.5, 5.5 ],
			"faces": {
				"down": { "uv": [ 6.75, 11.25, 7, 11.4375 ], "texture": "#texture", "cullface": "up" },
				"up": { "uv": [ 6.375, 11.4375, 6.625, 11.25 ], "texture": "#texture", "cullface": "up" },
				"north": { "uv": [ 8.5625, 12.3125, 8.3125, 12.375 ], "texture": "#texture", "cullface": "up" },
				"south": { "uv": [ 8.3125, 12.25, 8.5625, 12.3125 ], "texture": "#texture", "cullface": "up" },
				"west": { "uv": [ 8.3125, 10.5625, 8.5, 10.625 ], "texture": "#texture", "cullface": "up" },
				"east": { "uv": [ 8.5, 10.5, 8.3125, 10.5625 ], "texture": "#texture", "cullface": "up" }
			}
		},
		{
			"__comment": "Voxels",
			"from": [ 7, 19, 10.5 ],
			"to": [ 9, 19.5, 12 ],
			"faces": {
				"down": { "uv": [ 7.5, 12.0625, 7.75, 12.25 ], "texture": "#texture", "cullface": "up" },
				"up": { "uv": [ 7.5, 13, 7.75, 12.8125 ], "texture": "#texture", "cullface": "up" },
				"north": { "uv": [ 8.5625, 12.1875, 8.3125, 12.25 ], "texture": "#texture", "cullface": "up" },
				"south": { "uv": [ 8.3125, 12.125, 8.5625, 12.1875 ], "texture": "#texture", "cullface": "up" },
				"west": { "uv": [ 7.125, 13.1875, 7.3125, 13.25 ], "texture": "#texture", "cullface": "up" },
				"east": { "uv": [ 8.5, 10.4375, 8.3125, 10.5 ], "texture": "#texture", "cullface": "up" }
			}
		},
		{
			"__comment": "Voxels",
			"from": [ 7.5, 16, 6.5 ],
			"to": [ 8.5, 16.5, 7 ],
			"faces": {
				"up": { "uv": [ 8.3125, 9.5625, 8.4375, 9.5 ], "texture": "#texture", "cullface": "up" },
				"west": { "uv": [ 7.6875, 13.6875, 7.75, 13.75 ], "texture": "#texture", "cullface": "up" },
				"east": { "uv": [ 7.75, 13.625, 7.6875, 13.6875 ], "texture": "#texture", "cullface": "up" }
			}
		},
		{
			"__comment": "Voxels",
			"from": [ 7.5, 16, 9 ],
			"to": [ 8.5, 16.5, 9.5 ],
			"faces": {
				"up": { "uv": [ 8.4375, 8.9375, 8.5625, 8.875 ], "texture": "#texture", "cullface": "up" },
				"west": { "uv": [ 15.9375, 15.9375, 16, 16 ], "texture": "#texture", "cullface": "up" },
				"east": { "uv": [ 7.8125, 8, 7.75, 8.0625 ], "texture": "#texture", "cullface": "up" }
			}
		},
		{
			"__comment": "Voxels",
			"from": [ 7.5, 16.5, 7 ],
			"to": [ 8.5, 17, 7.5 ],
			"faces": {
				"up": { "uv": [ 7.625, 10.3125, 7.75, 10.25 ], "texture": "#texture", "cullface": "up" },
				"north": { "uv": [ 7.75, 8.1875, 7.625, 8.25 ], "texture": "#texture", "cullface": "up" },
				"west": { "uv": [ 7.8125, 8, 7.875, 8.0625 ], "texture": "#texture", "cullface": "up" },
				"east": { "uv": [ 8, 8, 7.9375, 8.0625 ], "texture": "#texture", "cullface": "up" }
			}
		},
		{
			"__comment": "Voxels",
			"from": [ 7.5, 16.5, 8.5 ],
			"to": [ 8.5, 17, 9 ],
			"faces": {
				"up": { "uv": [ 8.4375, 14.3125, 8.5625, 14.25 ], "texture": "#texture", "cullface": "up" },
				"south": { "uv": [ 8.4375, 10.875, 8.5625, 10.9375 ], "texture": "#texture", "cullface": "up" },
				"west": { "uv": [ 8.0625, 9.0625, 8.125, 9.125 ], "texture": "#texture", "cullface": "up" },
				"east": { "uv": [ 8.625, 14.6875, 8.5625, 14.75 ], "texture": "#texture", "cullface": "up" }
			}
		},
		{
			"__comment": "Voxels",
			"from": [ 7.5, 17, 6.5 ],
			"to": [ 8.5, 17.5, 7 ],
			"faces": {
				"down": { "uv": [ 8.3125, 9.9375, 8.4375, 10 ], "texture": "#texture", "cullface": "up" },
				"up": { "uv": [ 8.4375, 10, 8.5625, 9.9375 ], "texture": "#texture", "cullface": "up" },
				"north": { "uv": [ 8.4375, 9.875, 8.3125, 9.9375 ], "texture": "#texture", "cullface": "up" },
				"south": { "uv": [ 8.4375, 9.875, 8.5625, 9.9375 ], "texture": "#texture", "cullface": "up" },
				"west": { "uv": [ 8.5, 10.6875, 8.5625, 10.75 ], "texture": "#texture", "cullface": "up" },
				"east": { "uv": [ 8.5625, 10.625, 8.5, 10.6875 ], "texture": "#texture", "cullface": "up" }
			}
		},
		{
			"__comment": "Voxels",
			"from": [ 7.5, 17, 9 ],
			"to": [ 8.5, 17.5, 9.5 ],
			"faces": {
				"down": { "uv": [ 8.3125, 9.75, 8.4375, 9.8125 ], "texture": "#texture", "cullface": "up" },
				"up": { "uv": [ 8.4375, 9.8125, 8.5625, 9.75 ], "texture": "#texture", "cullface": "up" },
				"north": { "uv": [ 7.75, 8.0625, 7.625, 8.125 ], "texture": "#texture", "cullface": "up" },
				"south": { "uv": [ 8.3125, 9.6875, 8.4375, 9.75 ], "texture": "#texture", "cullface": "up" },
				"west": { "uv": [ 8.5, 10.5625, 8.5625, 10.625 ], "texture": "#texture", "cullface": "up" },
				"east": { "uv": [ 8.5625, 10.5, 8.5, 10.5625 ], "texture": "#texture", "cullface": "up" }
			}
		},
		{
			"__comment": "Voxels",
			"from": [ 7.5, 17.5, 6 ],
			"to": [ 8.5, 18, 6.5 ],
			"faces": {
				"down": { "uv": [ 8.4375, 9.625, 8.5625, 9.6875 ], "texture": "#texture", "cullface": "up" },
				"north": { "uv": [ 8.5625, 9.5625, 8.4375, 9.625 ], "texture": "#texture", "cullface": "up" },
				"south": { "uv": [ 8.375, 9.4375, 8.5, 9.5 ], "texture": "#texture", "cullface": "up" },
				"west": { "uv": [ 8.5, 10.4375, 8.5625, 10.5 ], "texture": "#texture", "cullface": "up" },
				"east": { "uv": [ 8.5625, 10.375, 8.5, 10.4375 ], "texture": "#texture", "cullface": "up" }
			}
		},
		{
			"__comment": "Voxels",
			"from": [ 7.5, 17.5, 9.5 ],
			"to": [ 8.5, 18, 10 ],
			"faces": {
				"down": { "uv": [ 8.4375, 9.3125, 8.5625, 9.375 ], "texture": "#texture", "cullface": "up" },
				"north": { "uv": [ 8.5625, 9, 8.4375, 9.0625 ], "texture": "#texture", "cullface": "up" },
				"south": { "uv": [ 8.3125, 8.9375, 8.4375, 9 ], "texture": "#texture", "cullface": "up" },
				"west": { "uv": [ 8.5, 10.3125, 8.5625, 10.375 ], "texture": "#texture", "cullface": "up" },
				"east": { "uv": [ 8.5625, 10.25, 8.5, 10.3125 ], "texture": "#texture", "cullface": "up" }
			}
		},
		{
			"__comment": "Voxels",
			"from": [ 9, 17, 7.5 ],
			"to": [ 9.5, 17.5, 8.5 ],
			"faces": {
				"down": { "uv": [ 7.6875, 13.0625, 7.75, 13.1875 ], "texture": "#texture", "cullface": "up" },
				"up": { "uv": [ 7.75, 8.1875, 7.8125, 8.0625 ], "texture": "#texture", "cullface": "up" },
				"north": { "uv": [ 8.5625, 10.1875, 8.5, 10.25 ], "texture": "#texture", "cullface": "up" },
				"south": { "uv": [ 8.5, 10.125, 8.5625, 10.1875 ], "texture": "#texture", "cullface": "up" },
				"west": { "uv": [ 8.3125, 9.8125, 8.4375, 9.875 ], "texture": "#texture", "cullface": "up" },
				"east": { "uv": [ 8.5625, 9.8125, 8.4375, 9.875 ], "texture": "#texture", "cullface": "up" }
			}
		},
		{
			"__comment": "Voxels",
			"from": [ 9.5, 16, 7 ],
			"to": [ 10.5, 16.5, 7.5 ],
			"faces": {
				"up": { "uv": [ 8.3125, 9.6875, 8.4375, 9.625 ], "texture": "#texture", "cullface": "up" },
				"north": { "uv": [ 8.5, 9.375, 8.375, 9.4375 ], "texture": "#texture", "cullface": "up" },
				"west": { "uv": [ 8.5, 10.0625, 8.5625, 10.125 ], "texture": "#texture", "cullface": "up" },
				"east": { "uv": [ 8.5625, 10, 8.5, 10.0625 ], "texture": "#texture", "cullface": "up" }
			}
		},
		{
			"__comment": "Voxels",
			"from": [ 9.5, 16, 8.5 ],
			"to": [ 10.5, 16.5, 9 ],
			"faces": {
				"up": { "uv": [ 8.4375, 10.8125, 8.5625, 10.75 ], "texture": "#texture", "cullface": "up" },
				"south": { "uv": [ 7.625, 10.375, 7.75, 10.4375 ], "texture": "#texture", "cullface": "up" },
				"west": { "uv": [ 8.5, 9.4375, 8.5625, 9.5 ], "texture": "#texture", "cullface": "up" },
				"east": { "uv": [ 15.6875, 15.375, 15.625, 15.4375 ], "texture": "#texture", "cullface": "up" }
			}
		},
		{
			"__comment": "Voxels",
			"from": [ 9.5, 17.5, 7.5 ],
			"to": [ 10, 18.5, 8.5 ],
			"faces": {
				"down": { "uv": [ 8.3125, 9.0625, 8.375, 9.1875 ], "texture": "#texture", "cullface": "up" },
				"up": { "uv": [ 8.375, 9.1875, 8.4375, 9.0625 ], "texture": "#texture", "cullface": "up" },
				"north": { "uv": [ 8.5, 9.0625, 8.4375, 9.1875 ], "texture": "#texture", "cullface": "up" },
				"south": { "uv": [ 8.5, 9.0625, 8.5625, 9.1875 ], "texture": "#texture", "cullface": "up" },
				"west": { "uv": [ 7.5625, 13.0625, 7.6875, 13.1875 ], "texture": "#texture", "cullface": "up" },
				"east": { "uv": [ 7.75, 11.3125, 7.625, 11.4375 ], "texture": "#texture", "cullface": "up" }
			}
		},
		{
			"__comment": "Voxels",
			"from": [ 9.5, 18, 7 ],
			"to": [ 10, 18.5, 7.5 ],
			"faces": {
				"down": { "uv": [ 14, 15.375, 14.0625, 15.4375 ], "texture": "#texture", "cullface": "up" },
				"up": { "uv": [ 14.0625, 15.4375, 14.125, 15.375 ], "texture": "#texture", "cullface": "up" },
				"north": { "uv": [ 14.1875, 15.375, 14.125, 15.4375 ], "texture": "#texture", "cullface": "up" },
				"west": { "uv": [ 14.25, 15.375, 14.3125, 15.4375 ], "texture": "#texture", "cullface": "up" },
				"east": { "uv": [ 14.375, 15.375, 14.3125, 15.4375 ], "texture": "#texture", "cullface": "up" }
			}
		},
		{
			"__comment": "Voxels",
			"from": [ 9.5, 18, 8.5 ],
			"to": [ 10, 18.5, 9 ],
			"faces": {
				"down": { "uv": [ 14.375, 15.375, 14.4375, 15.4375 ], "texture": "#texture", "cullface": "up" },
				"up": { "uv": [ 14.4375, 15.4375, 14.5, 15.375 ], "texture": "#texture", "cullface": "up" },
				"south": { "uv": [ 14.5625, 15.375, 14.625, 15.4375 ], "texture": "#texture", "cullface": "up" },
				"west": { "uv": [ 14.625, 15.375, 14.6875, 15.4375 ], "texture": "#texture", "cullface": "up" },
				"east": { "uv": [ 14.75, 15.375, 14.6875, 15.4375 ], "texture": "#texture", "cullface": "up" }
			}
		},
		{
			"__comment": "Voxels",
			"from": [ 10, 18.5, 7 ],
			"to": [ 10.5, 19, 9 ],
			"faces": {
				"down": { "uv": [ 8.4375, 14.4375, 8.5, 14.6875 ], "texture": "#texture", "cullface": "up" },
				"up": { "uv": [ 8.5, 14.6875, 8.5625, 14.4375 ], "texture": "#texture", "cullface": "up" },
				"north": { "uv": [ 14.9375, 15.375, 14.875, 15.4375 ], "texture": "#texture", "cullface": "up" },
				"south": { "uv": [ 14.9375, 15.375, 15, 15.4375 ], "texture": "#texture", "cullface": "up" },
				"west": { "uv": [ 8.3125, 12.0625, 8.5625, 12.125 ], "texture": "#texture", "cullface": "up" },
				"east": { "uv": [ 8.5625, 12, 8.3125, 12.0625 ], "texture": "#texture", "cullface": "up" }
			}
		},
		{
			"__comment": "Voxels",
			"from": [ 10.5, 16.5, 7 ],
			"to": [ 12, 17, 9 ],
			"faces": {
				"down": { "uv": [ 7.5625, 13.375, 7.75, 13.625 ], "texture": "#texture", "cullface": "up" },
				"up": { "uv": [ 7.3125, 13, 7.5, 12.75 ], "texture": "#texture", "cullface": "up" },
				"north": { "uv": [ 8.5, 10.375, 8.3125, 10.4375 ], "texture": "#texture", "cullface": "up" },
				"south": { "uv": [ 8.3125, 10.3125, 8.5, 10.375 ], "texture": "#texture", "cullface": "up" },
				"west": { "uv": [ 8.3125, 11.9375, 8.5625, 12 ], "texture": "#texture", "cullface": "up" },
				"east": { "uv": [ 8.5625, 11.875, 8.3125, 11.9375 ], "texture": "#texture", "cullface": "up" }
			}
		},
		{
			"__comment": "Voxels",
			"from": [ 10.5, 19, 7 ],
			"to": [ 12, 19.5, 9 ],
			"faces": {
				"down": { "uv": [ 6.375, 13.625, 6.5625, 13.875 ], "texture": "#texture", "cullface": "up" },
				"up": { "uv": [ 7.125, 13.1875, 7.3125, 12.9375 ], "texture": "#texture", "cullface": "up" },
				"north": { "uv": [ 7.75, 13, 7.5625, 13.0625 ], "texture": "#texture", "cullface": "up" },
				"south": { "uv": [ 8.3125, 10.125, 8.5, 10.1875 ], "texture": "#texture", "cullface": "up" },
				"west": { "uv": [ 8.3125, 11.8125, 8.5625, 11.875 ], "texture": "#texture", "cullface": "up" },
				"east": { "uv": [ 8.5625, 11.75, 8.3125, 11.8125 ], "texture": "#texture", "cullface": "up" }
			}
		},
		{
			"__comment": "Voxels",
			"from": [ 12, 17, 7 ],
			"to": [ 12.5, 17.5, 9 ],
			"faces": {
				"down": { "uv": [ 8.3125, 11.5, 8.375, 11.75 ], "texture": "#texture", "cullface": "up" },
				"up": { "uv": [ 8.375, 11.75, 8.4375, 11.5 ], "texture": "#texture", "cullface": "up" },
				"north": { "uv": [ 8.625, 15.0625, 8.5625, 15.125 ], "texture": "#texture", "cullface": "up" },
				"south": { "uv": [ 8.5625, 15, 8.625, 15.0625 ], "texture": "#texture", "cullface": "up" },
				"west": { "uv": [ 8.3125, 11.4375, 8.5625, 11.5 ], "texture": "#texture", "cullface": "up" },
				"east": { "uv": [ 8.5625, 11.375, 8.3125, 11.4375 ], "texture": "#texture", "cullface": "up" }
			}
		},
		{
			"__comment": "Voxels",
			"from": [ 12, 18.5, 7 ],
			"to": [ 12.5, 19, 9 ],
			"faces": {
				"down": { "uv": [ 8.4375, 11.5, 8.5, 11.75 ], "texture": "#texture", "cullface": "up" },
				"up": { "uv": [ 8.5, 11.75, 8.5625, 11.5 ], "texture": "#texture", "cullface": "up" },
				"north": { "uv": [ 8.625, 9.25, 8.5625, 9.3125 ], "texture": "#texture", "cullface": "up" },
				"south": { "uv": [ 8.5625, 14.625, 8.625, 14.6875 ], "texture": "#texture", "cullface": "up" },
				"west": { "uv": [ 8.3125, 11.3125, 8.5625, 11.375 ], "texture": "#texture", "cullface": "up" },
				"east": { "uv": [ 8.5625, 11.25, 8.3125, 11.3125 ], "texture": "#texture", "cullface": "up" }
			}
		},
		{
			"__comment": "Voxels",
			"from": [ 12.5, 17.5, 7 ],
			"to": [ 13, 18.5, 9 ],
			"faces": {
				"down": { "uv": [ 8.3125, 11, 8.375, 11.25 ], "texture": "#texture", "cullface": "up" },
				"up": { "uv": [ 8.375, 11.25, 8.4375, 11 ], "texture": "#texture", "cullface": "up" },
				"north": { "uv": [ 8.375, 8.5625, 8.3125, 8.6875 ], "texture": "#texture", "cullface": "up" },
				"south": { "uv": [ 8.375, 8.5625, 8.4375, 8.6875 ], "texture": "#texture", "cullface": "up" },
				"west": { "uv": [ 7.5, 11.9375, 7.75, 12.0625 ], "texture": "#texture", "cullface": "up" },
				"east": { "uv": [ 8.5625, 15.125, 8.3125, 15.25 ], "texture": "#texture", "cullface": "up" }
			}
		},
		{
			"__comment": "Voxels",
			"from": [ 15, 1, 0.5 ],
			"to": [ 15.5, 1.5, 1 ],
			"faces": {
				"down": { "uv": [ 8.5625, 14.0625, 8.625, 14.125 ], "texture": "#texture" },
				"up": { "uv": [ 8.5625, 14.0625, 8.625, 14 ], "texture": "#texture" },
				"north": { "uv": [ 8.625, 13.9375, 8.5625, 14 ], "texture": "#texture" },
				"south": { "uv": [ 8.5625, 13.875, 8.625, 13.9375 ], "texture": "#texture" },
				"west": { "uv": [ 8.5625, 13.8125, 8.625, 13.875 ], "texture": "#texture" },
				"east": { "uv": [ 8.625, 13.75, 8.5625, 13.8125 ], "texture": "#texture" }
			}
		},
		{
			"__comment": "Voxels",
			"from": [ 15, 1, 15 ],
			"to": [ 15.5, 1.5, 15.5 ],
			"faces": {
				"down": { "uv": [ 8.5625, 13.6875, 8.625, 13.75 ], "texture": "#texture" },
				"up": { "uv": [ 8.5625, 13.6875, 8.625, 13.625 ], "texture": "#texture" },
				"north": { "uv": [ 8.625, 13.5625, 8.5625, 13.625 ], "texture": "#texture" },
				"south": { "uv": [ 8.5625, 13.5, 8.625, 13.5625 ], "texture": "#texture" },
				"west": { "uv": [ 8.5625, 13.4375, 8.625, 13.5 ], "texture": "#texture" },
				"east": { "uv": [ 8.625, 13.375, 8.5625, 13.4375 ], "texture": "#texture" }
			}
		},
		{
			"__comment": "Voxels",
			"from": [ 15, 14.5, 0.5 ],
			"to": [ 16, 15, 1 ],
			"faces": {
				"down": { "uv": [ 8.4375, 8.625, 8.5625, 8.6875 ], "texture": "#texture" },
				"up": { "uv": [ 8.4375, 8.625, 8.5625, 8.5625 ], "texture": "#texture" },
				"north": { "uv": [ 8.4375, 8.5, 8.3125, 8.5625 ], "texture": "#texture" },
				"south": { "uv": [ 8.4375, 8.5, 8.5625, 8.5625 ], "texture": "#texture" },
				"west": { "uv": [ 8.5625, 13.0625, 8.625, 13.125 ], "texture": "#texture" },
				"east": { "uv": [ 8.625, 13, 8.5625, 13.0625 ], "texture": "#texture", "cullface": "east" }
			}
		},
		{
			"__comment": "Voxels",
			"from": [ 15, 14.5, 15 ],
			"to": [ 16, 15, 15.5 ],
			"faces": {
				"down": { "uv": [ 8.3125, 8.4375, 8.4375, 8.5 ], "texture": "#texture" },
				"up": { "uv": [ 8.4375, 8.5, 8.5625, 8.4375 ], "texture": "#texture" },
				"north": { "uv": [ 8.4375, 8.375, 8.3125, 8.4375 ], "texture": "#texture" },
				"south": { "uv": [ 8.4375, 8.375, 8.5625, 8.4375 ], "texture": "#texture" },
				"west": { "uv": [ 8.5625, 12.6875, 8.625, 12.75 ], "texture": "#texture" },
				"east": { "uv": [ 8.625, 12.625, 8.5625, 12.6875 ], "texture": "#texture", "cullface": "east" }
			}
		},
		{
			"__comment": "Voxels",
			"from": [ 15.5, 1, 1 ],
			"to": [ 16, 15, 15 ],
			"faces": {
				"down": { "uv": [ 7.75, 10.6875, 7.8125, 12.4375 ], "texture": "#texture" },
				"up": { "uv": [ 7.75, 15.9375, 7.8125, 14.1875 ], "texture": "#texture" },
				"north": { "uv": [ 7.8125, 12.4375, 7.75, 14.1875 ], "texture": "#texture" },
				"south": { "uv": [ 7.8125, 12.25, 7.875, 14 ], "texture": "#texture" },
				"west": { "uv": [ 0, 14.25, 1.75, 16 ], "texture": "#texture" },
				"east": { "uv": [ 1.75, 12.5, 0, 14.25 ], "texture": "#texture", "cullface": "east" }
			}
		},
		{
			"__comment": "Voxels",
			"from": [ 15.5, 1.5, 0.5 ],
			"to": [ 16, 14.5, 1 ],
			"faces": {
				"down": { "uv": [ 8.5625, 12.1875, 8.625, 12.25 ], "texture": "#texture" },
				"north": { "uv": [ 7.875, 10.625, 7.8125, 12.25 ], "texture": "#texture" },
				"west": { "uv": [ 7.875, 10.6875, 7.9375, 12.3125 ], "texture": "#texture" },
				"east": { "uv": [ 7.9375, 9.0625, 7.875, 10.6875 ], "texture": "#texture", "cullface": "east" }
			}
		},
		{
			"__comment": "Voxels",
			"from": [ 15.5, 1.5, 15 ],
			"to": [ 16, 14.5, 15.5 ],
			"faces": {
				"down": { "uv": [ 8.5625, 11.8125, 8.625, 11.875 ], "texture": "#texture" },
				"south": { "uv": [ 7.9375, 13.9375, 8, 15.5625 ], "texture": "#texture" },
				"west": { "uv": [ 7.875, 12.3125, 7.9375, 13.9375 ], "texture": "#texture" },
				"east": { "uv": [ 7.875, 9, 7.8125, 10.625 ], "texture": "#texture", "cullface": "east" }
			}
		},
		{
			"__comment": "Voxels",
			"from": [ 16, 1, 6.5 ],
			"to": [ 16.5, 15, 9.5 ],
			"faces": {
				"down": { "uv": [ 7.6875, 14.875, 7.75, 15.25 ], "texture": "#texture", "cullface": "east" },
				"north": { "uv": [ 7.875, 14, 7.8125, 15.75 ], "texture": "#texture", "cullface": "east" },
				"south": { "uv": [ 7.75, 8.9375, 7.8125, 10.6875 ], "texture": "#texture", "cullface": "east" },
				"east": { "uv": [ 0.75, 8.25, 0.375, 10 ], "texture": "#texture", "cullface": "east" }
			}
		},
		{
			"__comment": "Voxels",
			"from": [ 16, 11, 0.5 ],
			"to": [ 16.5, 14.5, 6.5 ],
			"faces": {
				"down": { "uv": [ 1.6875, 8, 1.75, 8.75 ], "texture": "#texture", "cullface": "east" },
				"up": { "uv": [ 7.75, 8.9375, 7.8125, 8.1875 ], "texture": "#texture", "cullface": "east" },
				"north": { "uv": [ 8.3125, 10.375, 8.25, 10.8125 ], "texture": "#texture", "cullface": "east" },
				"west": { "uv": [ 6.375, 13.1875, 7.125, 13.625 ], "texture": "#texture", "cullface": "east" },
				"east": { "uv": [ 6.375, 12.75, 5.625, 13.1875 ], "texture": "#texture", "cullface": "east" }
			}
		},
		{
			"__comment": "Voxels",
			"from": [ 16, 11, 9.5 ],
			"to": [ 16.5, 15, 15 ],
			"faces": {
				"down": { "uv": [ 7.8125, 8.3125, 7.875, 9 ], "texture": "#texture", "cullface": "east" },
				"up": { "uv": [ 7.875, 9.0625, 7.9375, 8.375 ], "texture": "#texture", "cullface": "east" },
				"south": { "uv": [ 8.25, 13.125, 8.3125, 13.625 ], "texture": "#texture", "cullface": "east" },
				"east": { "uv": [ 7.75, 14.375, 7.0625, 14.875 ], "texture": "#texture", "cullface": "east" }
			}
		},
		{
			"__comment": "Voxels",
			"from": [ 16, 11, 15 ],
			"to": [ 16.5, 14.5, 15.5 ],
			"faces": {
				"down": { "uv": [ 8.5625, 10.3125, 8.625, 10.375 ], "texture": "#texture", "cullface": "east" },
				"up": { "uv": [ 8.5625, 10.3125, 8.625, 10.25 ], "texture": "#texture", "cullface": "east" },
				"south": { "uv": [ 8.375, 14.6875, 8.4375, 15.125 ], "texture": "#texture", "cullface": "east" },
				"east": { "uv": [ 8.3125, 8.1875, 8.25, 8.625 ], "texture": "#texture", "cullface": "east" }
			}
		},
		{
			"__comment": "Voxels",
			"from": [ 16, 14.5, 1 ],
			"to": [ 16.5, 15, 6.5 ],
			"faces": {
				"up": { "uv": [ 8.25, 14.8125, 8.3125, 14.125 ], "texture": "#texture", "cullface": "east" },
				"north": { "uv": [ 8.625, 9.8125, 8.5625, 9.875 ], "texture": "#texture", "cullface": "east" },
				"east": { "uv": [ 15.125, 15.5, 14.4375, 15.5625 ], "texture": "#texture", "cullface": "east" }
			}
		},
		{
			"__comment": "Voxels",
			"from": [ 16.5, 11, 6.5 ],
			"to": [ 17, 15, 9.5 ],
			"faces": {
				"down": { "uv": [ 8, 8, 8.0625, 8.375 ], "texture": "#texture", "cullface": "east" },
				"up": { "uv": [ 8.0625, 8.375, 8.125, 8 ], "texture": "#texture", "cullface": "east" },
				"north": { "uv": [ 8.3125, 12.625, 8.25, 13.125 ], "texture": "#texture", "cullface": "east" },
				"south": { "uv": [ 8.25, 12.125, 8.3125, 12.625 ], "texture": "#texture", "cullface": "east" },
				"east": { "uv": [ 6.375, 10.6875, 6, 11.1875 ], "texture": "#texture", "cullface": "east" }
			}
		}
	],
	"display": {
		"thirdperson_righthand": {
			"rotation":  [ 5, 15, 10 ],
			"translation":  [ 1, 3, -1 ],
			"scale":  [ 0.4, 0.4, 0.4 ]
		},
		"thirdperson_lefthand": {
			"rotation":  [ 5, 15, 10 ],
			"translation":  [ 1, 3, -1 ],
			"scale":  [ 0.4, 0.4, 0.4 ]
		},
		"firstperson_righthand": {
			"translation":  [ 1, 0, 0 ],
			"scale":  [ 0.4, 0.4, 0.4 ]
		},
		"firstperson_lefthand": {
			"translation":  [ 1, 0, 0 ],
			"scale":  [ 0.4, 0.4, 0.4 ]
		},
		"gui": {
			"rotation":  [ 30, -35, 0 ],
			"scale":  [ 0.625, 0.625, 0.625 ]
		},
		"ground": {
			"translation":  [ 0, 3, 0 ],
			"scale":  [ 0.6, 0.6, 0.6 ]
		},
		"fixed": {
			"rotation":  [ -90, 0, 0 ],
			"translation":  [ 0, 0, -9 ],
			"scale":  [ 1.6, 1.6, 1.6 ]
		}
	}
}