{
    "model": {
        "type": "range_dispatch",
        "property": "custom_model_data",
        "fallback": {
            "type": "model",
            "model": "minecraft:item/apple"
        },
        "entries": [
            {
                "threshold": 100,
                "model": {
                    "type": "model",
                    "model": "dasmp:item/food/hard_cotton_candy"
                }
            },
            {
                "threshold": 101,
                "model": {
                    "type": "model",
                    "model": "dasmp:item/food/chocolate_bar"
                }
            },
            {
                "threshold": 102,
                "model": {
                    "type": "model",
                    "model": "dasmp:item/food/lollipop"
                }
            },
            {
                "threshold": 103,
                "model": {
                    "type": "model",
                    "model": "dasmp:item/food/candy_apple"
                }
            },
            {
                "threshold": 104,
                "model": {
                    "type": "model",
                    "model": "dasmp:item/food/donut"
                }
            },
            {
                "threshold": 105,
                "model": {
                    "type": "model",
                    "model": "dasmp:item/food/cupcake"
                }
            },
            {
                "threshold": 106,
                "model": {
                    "type": "model",
                    "model": "dasmp:item/food/orange_rock_candy"
                }
            },
            {
                "threshold": 107,
                "model": {
                    "type": "model",
                    "model": "dasmp:item/food/green_rock_candy"
                }
            },
            {
                "threshold": 108,
                "model": {
                    "type": "model",
                    "model": "dasmp:item/food/blue_rock_candy"
                }
            },
            {
                "threshold": 109,
                "model": {
                    "type": "model",
                    "model": "dasmp:item/food/red_rock_candy"
                }
            },
            {
                "threshold": 110,
                "model": {
                    "type": "model",
                    "model": "dasmp:item/food/candy_corn"
                }
            },
            {
                "threshold": 111,
                "model": {
                    "type": "model",
                    "model": "dasmp:item/food/purple_rock_candy"
                }
            },
            {
                "threshold": 113,
                "model": {
                    "type": "model",
                    "model": "dasmp:item/food/banana"
                }
            },
            {
                "threshold": 114,
                "model": {
                    "type": "model",
                    "model": "dasmp:item/food/mango"
                }
            },
            {
                "threshold": 115,
                "model": {
                    "type": "model",
                    "model": "dasmp:item/food/pomegranate"
                }
            },
            {
                "threshold": 116,
                "model": {
                    "type": "model",
                    "model": "dasmp:item/food/plum"
                }
            },
            {
                "threshold": 117,
                "model": {
                    "type": "model",
                    "model": "dasmp:item/food/peach"
                }
            },
            {
                "threshold": 118,
                "model": {
                    "type": "model",
                    "model": "dasmp:item/food/orange"
                }
            },
            {
                "threshold": 119,
                "model": {
                    "type": "model",
                    "model": "dasmp:item/food/opened_pomegranate"
                }
            },
            {
                "threshold": 120,
                "model": {
                    "type": "model",
                    "model": "dasmp:item/food/candy_cane"
                }
            },
            {
                "threshold": 121,
                "model": {
                    "type": "model",
                    "model": "dasmp:item/food/peppermint"
                }
            },
            {
                "threshold": 122,
                "model": {
                    "type": "model",
                    "model": "dasmp:item/food/blueberries"
                }
            },
            {
                "threshold": 123,
                "model": {
                    "type": "model",
                    "model": "dasmp:item/food/italian_rainbow_cookie"
                }
            },
            {
                "threshold": 124,
                "model": {
                    "type": "model",
                    "model": "dasmp:item/food/gingerbread_man"
                }
            },
            {
                "threshold": 125,
                "model": {
                    "type": "model",
                    "model": "dasmp:item/food/christmas_tree_cookie"
                }
            },
            {
                "threshold": 126,
                "model": {
                    "type": "model",
                    "model": "dasmp:item/food/snowman_cookie"
                }
            },
            {
                "threshold": 127,
                "model": {
                    "type": "model",
                    "model": "dasmp:item/food/cherry"
                }
            },
            {
                "threshold": 128,
                "model": {
                    "type": "model",
                    "model": "dasmp:item/food/avocado"
                }
            }
        ]
    }
}