{
    "model": {
        "type": "range_dispatch",
        "property": "custom_model_data",
        "fallback": {
            "type": "model",
            "model": "minecraft:item/carrot_on_a_stick"
        },
        "entries": [
            {
                "threshold": 100,
                "model": {
                    "type": "model",
                    "model": "dasmp:item/bowtie"
                }
            },
            {
                "threshold": 101,
                "model": {
                    "type": "model",
                    "model": "dasmp:item/pride_flags/asexual"
                }
            },
            {
                "threshold": 102,
                "model": {
                    "type": "model",
                    "model": "dasmp:item/pride_flags/bisexual"
                }
            },
            {
                "threshold": 103,
                "model": {
                    "type": "model",
                    "model": "dasmp:item/pride_flags/transgender"
                }
            },
            {
                "threshold": 104,
                "model": {
                    "type": "model",
                    "model": "dasmp:item/pride_flags/nonbinary"
                }
            },
            {
                "threshold": 105,
                "model": {
                    "type": "model",
                    "model": "dasmp:item/pride_flags/pansexual"
                }
            },
            {
                "threshold": 106,
                "model": {
                    "type": "model",
                    "model": "dasmp:item/pride_flags/rainbow"
                }
            },
            {
                "threshold": 107,
                "model": {
                    "type": "model",
                    "model": "dasmp:item/pride_flags/genderfluid"
                }
            },
            {
                "threshold": 108,
                "model": {
                    "type": "model",
                    "model": "dasmp:item/pride_flags/aromantic"
                }
            },
            {
                "threshold": 109,
                "model": {
                    "type": "model",
                    "model": "dasmp:item/pride_flags/agender"
                }
            },
            {
                "threshold": 110,
                "model": {
                    "type": "model",
                    "model": "dasmp:item/pride_flags/lesbian"
                }
            },
            {
                "threshold": 111,
                "model": {
                    "type": "model",
                    "model": "dasmp:item/pride_flags/undecided"
                }
            },
            {
                "threshold": 112,
                "model": {
                    "type": "model",
                    "model": "dasmp:item/pride_flags/demi/boy"
                }
            },
            {
                "threshold": 113,
                "model": {
                    "type": "model",
                    "model": "dasmp:item/pride_flags/demi/girl"
                }
            },
            {
                "threshold": 114,
                "model": {
                    "type": "model",
                    "model": "dasmp:item/pride_flags/demi/sexual"
                }
            },
            {
                "threshold": 115,
                "model": {
                    "type": "model",
                    "model": "dasmp:item/pride_flags/demi/romantic"
                }
            },
            {
                "threshold": 116,
                "model": {
                    "type": "model",
                    "model": "dasmp:item/pride_flags/demi/rose"
                }
            },
            {
                "threshold": 1000,
                "model": {
                    "type": "model",
                    "model": "dasmp:item/radio"
                }
            }
        ]
    }
}