{
    "model": {
        "type": "range_dispatch",
        "property": "custom_model_data",
        "fallback": {
            "type": "model",
            "model": "minecraft:block/carved_pumpkin"
        },
        "entries": [
            {
                "threshold": 100,
                "model": {
                    "type": "model",
                    "model": "dasmp:item/hats/black_santa_hat"
                }
            },
            {
                "threshold": 101,
                "model": {
                    "type": "model",
                    "model": "dasmp:item/hats/blue_santa_hat"
                }
            },
            {
                "threshold": 102,
                "model": {
                    "type": "model",
                    "model": "dasmp:item/hats/brown_santa_hat"
                }
            },
            {
                "threshold": 103,
                "model": {
                    "type": "model",
                    "model": "dasmp:item/hats/gray_santa_hat"
                }
            },
            {
                "threshold": 104,
                "model": {
                    "type": "model",
                    "model": "dasmp:item/hats/green_santa_hat"
                }
            },
            {
                "threshold": 105,
                "model": {
                    "type": "model",
                    "model": "dasmp:item/hats/light_blue_santa_hat"
                }
            },
            {
                "threshold": 106,
                "model": {
                    "type": "model",
                    "model": "dasmp:item/hats/light_gray_santa_hat"
                }
            },
            {
                "threshold": 107,
                "model": {
                    "type": "model",
                    "model": "dasmp:item/hats/lime_santa_hat"
                }
            },
            {
                "threshold": 108,
                "model": {
                    "type": "model",
                    "model": "dasmp:item/hats/magenta_santa_hat"
                }
            },
            {
                "threshold": 109,
                "model": {
                    "type": "model",
                    "model": "dasmp:item/hats/orange_santa_hat"
                }
            },
            {
                "threshold": 110,
                "model": {
                    "type": "model",
                    "model": "dasmp:item/hats/pink_santa_hat"
                }
            },
            {
                "threshold": 111,
                "model": {
                    "type": "model",
                    "model": "dasmp:item/hats/purple_santa_hat"
                }
            },
            {
                "threshold": 112,
                "model": {
                    "type": "model",
                    "model": "dasmp:item/hats/red_santa_hat"
                }
            },
            {
                "threshold": 113,
                "model": {
                    "type": "model",
                    "model": "dasmp:item/hats/white_santa_hat"
                }
            },
            {
                "threshold": 114,
                "model": {
                    "type": "model",
                    "model": "dasmp:item/hats/yellow_santa_hat"
                }
            },
            {
                "threshold": 115,
                "model": {
                    "type": "model",
                    "model": "dasmp:item/hats/cyan_santa_hat"
                }
            },
            {
                "threshold": 116,
                "model": {
                    "type": "model",
                    "model": "dasmp:item/hats/brown_antlers"
                }
            },
            {
                "threshold": 117,
                "model": {
                    "type": "model",
                    "model": "dasmp:item/hats/white_antlers"
                }
            },
            {
                "threshold": 118,
                "model": {
                    "type": "model",
                    "model": "dasmp:item/hats/black_antlers"
                }
            }
        ]
    }
}