{
    "model": {
        "type": "range_dispatch",
        "property": "custom_model_data",
        "fallback": {
            "type": "model",
            "model": "minecraft:item/cookie"
        },
        "entries": [
            {
                "threshold": 100,
                "model": {
                    "type": "model",
                    "model": "dasmp:item/heart_cookies/black"
                }
            },
            {
                "threshold": 101,
                "model": {
                    "type": "model",
                    "model": "dasmp:item/heart_cookies/blue"
                }
            },
            {
                "threshold": 102,
                "model": {
                    "type": "model",
                    "model": "dasmp:item/heart_cookies/brown"
                }
            },
            {
                "threshold": 104,
                "model": {
                    "type": "model",
                    "model": "dasmp:item/heart_cookies/green"
                }
            },
            {
                "threshold": 105,
                "model": {
                    "type": "model",
                    "model": "dasmp:item/heart_cookies/light_blue"
                }
            },
            {
                "threshold": 107,
                "model": {
                    "type": "model",
                    "model": "dasmp:item/heart_cookies/lime"
                }
            },
            {
                "threshold": 108,
                "model": {
                    "type": "model",
                    "model": "dasmp:item/heart_cookies/magenta"
                }
            },
            {
                "threshold": 109,
                "model": {
                    "type": "model",
                    "model": "dasmp:item/heart_cookies/orange"
                }
            },
            {
                "threshold": 110,
                "model": {
                    "type": "model",
                    "model": "dasmp:item/heart_cookies/pink"
                }
            },
            {
                "threshold": 111,
                "model": {
                    "type": "model",
                    "model": "dasmp:item/heart_cookies/purple"
                }
            },
            {
                "threshold": 112,
                "model": {
                    "type": "model",
                    "model": "dasmp:item/heart_cookies/red"
                }
            },
            {
                "threshold": 113,
                "model": {
                    "type": "model",
                    "model": "dasmp:item/heart_cookies/white"
                }
            },
            {
                "threshold": 114,
                "model": {
                    "type": "model",
                    "model": "dasmp:item/heart_cookies/yellow"
                }
            },
            {
                "threshold": 115,
                "model": {
                    "type": "model",
                    "model": "dasmp:item/heart_cookies/cyan"
                }
            }
        ]
    }
}