{
    "model": {
        "type": "range_dispatch",
        "property": "custom_model_data",
        "fallback": {
            "type": "model",
            "model": "minecraft:item/ender_pearl"
        },
        "entries": [
            {
                "threshold": 100,
                "model": {
                    "type": "model",
                    "model": "dasmp:item/colored_ender_pearls/black"
                }
            },
            {
                "threshold": 101,
                "model": {
                    "type": "model",
                    "model": "dasmp:item/colored_ender_pearls/blue"
                }
            },
            {
                "threshold": 102,
                "model": {
                    "type": "model",
                    "model": "dasmp:item/colored_ender_pearls/brown"
                }
            },
            {
                "threshold": 103,
                "model": {
                    "type": "model",
                    "model": "dasmp:item/colored_ender_pearls/gray"
                }
            },
            {
                "threshold": 104,
                "model": {
                    "type": "model",
                    "model": "dasmp:item/colored_ender_pearls/green"
                }
            },
            {
                "threshold": 105,
                "model": {
                    "type": "model",
                    "model": "dasmp:item/colored_ender_pearls/light_blue"
                }
            },
            {
                "threshold": 106,
                "model": {
                    "type": "model",
                    "model": "dasmp:item/colored_ender_pearls/light_gray"
                }
            },
            {
                "threshold": 107,
                "model": {
                    "type": "model",
                    "model": "dasmp:item/colored_ender_pearls/lime"
                }
            },
            {
                "threshold": 108,
                "model": {
                    "type": "model",
                    "model": "dasmp:item/colored_ender_pearls/magenta"
                }
            },
            {
                "threshold": 109,
                "model": {
                    "type": "model",
                    "model": "dasmp:item/colored_ender_pearls/orange"
                }
            },
            {
                "threshold": 110,
                "model": {
                    "type": "model",
                    "model": "dasmp:item/colored_ender_pearls/pink"
                }
            },
            {
                "threshold": 111,
                "model": {
                    "type": "model",
                    "model": "dasmp:item/colored_ender_pearls/purple"
                }
            },
            {
                "threshold": 112,
                "model": {
                    "type": "model",
                    "model": "dasmp:item/colored_ender_pearls/red"
                }
            },
            {
                "threshold": 113,
                "model": {
                    "type": "model",
                    "model": "dasmp:item/colored_ender_pearls/white"
                }
            },
            {
                "threshold": 114,
                "model": {
                    "type": "model",
                    "model": "dasmp:item/colored_ender_pearls/yellow"
                }
            }
        ]
    }
}