{
    "model": {
        "type": "range_dispatch",
        "property": "custom_model_data",
        "fallback": {
            "type": "model",
            "model": "minecraft:item/music_disc_11"
        },
        "entries": [
            {
                "threshold": 100,
                "model": {
                    "type": "model",
                    "model": "dasmp:item/discs/summer_natures_crescendo"
                }
            },
            {
                "threshold": 101,
                "model": {
                    "type": "model",
                    "model": "dasmp:item/discs/train_rush"
                }
            },
            {
                "threshold": 102,
                "model": {
                    "type": "model",
                    "model": "dasmp:item/discs/click_clock_wood_spring"
                }
            },
            {
                "threshold": 103,
                "model": {
                    "type": "model",
                    "model": "dasmp:item/discs/freezeezy_peak"
                }
            },
            {
                "threshold": 104,
                "model": {
                    "type": "model",
                    "model": "dasmp:item/discs/your_contract_has_expired"
                }
            },
            {
                "threshold": 105,
                "model": {
                    "type": "model",
                    "model": "dasmp:item/discs/welcome_to_mafia_town"
                }
            },
            {
                "threshold": 106,
                "model": {
                    "type": "model",
                    "model": "dasmp:item/discs/heartbeat_heartbreak"
                }
            },
            {
                "threshold": 107,
                "model": {
                    "type": "model",
                    "model": "dasmp:item/discs/burn_my_dread"
                }
            },
            {
                "threshold": 108,
                "model": {
                    "type": "model",
                    "model": "dasmp:item/discs/life_will_change"
                }
            },
            {
                "threshold": 109,
                "model": {
                    "type": "model",
                    "model": "dasmp:item/discs/lost_in_paradise"
                }
            },
            {
                "threshold": 110,
                "model": {
                    "type": "model",
                    "model": "dasmp:item/discs/faster_car"
                }
            },
            {
                "threshold": 111,
                "model": {
                    "type": "model",
                    "model": "dasmp:item/discs/deal_with_destiny"
                }
            },
            {
                "threshold": 112,
                "model": {
                    "type": "model",
                    "model": "dasmp:item/discs/spider_dance_remix"
                }
            },
            {
                "threshold": 113,
                "model": {
                    "type": "model",
                    "model": "dasmp:item/discs/shelter"
                }
            }
        ]
    }
}