{
    "model": {
        "type": "range_dispatch",
        "property": "custom_model_data",
        "fallback": {
            "type": "model",
            "model": "minecraft:item/potion",
            "tints": [
                {
                    "type": "minecraft:potion",
                    "default": -13083194
                }
            ]
        },
        "entries": [
            {
                "threshold": 100,
                "model": {
                    "type": "model",
                    "model": "dasmp:item/mug"
                }
            },
            {
                "threshold": 101,
                "model": {
                    "type": "model",
                    "model": "dasmp:item/tall_glass"
                }
            },
            {
                "threshold": 102,
                "model": {
                    "type": "model",
                    "model": "dasmp:item/tall_glass_boba"
                }
            },
            {
                "threshold": 103,
                "model": {
                    "type": "model",
                    "model": "dasmp:item/arrow/right"
                }
            }
        ]
    }
}