{
	"__comment": "Made by Cloe with Cubik Studio - https://www.planetminecraft.com/member/clo/",
	"textures": {
		"voxels_atlas": "./carrot_nose"
	},
	"elements": [ 	 
		{
			"__comment": "Voxels",
			"from": [ 7, 4, -1 ],
			"to": [ 9, 5.5, 0.5 ],
			"faces": {
				"down": { "uv": [ 0, 9.5, 2, 11 ], "texture": "#voxels_atlas" },
				"up": { "uv": [ 0, 9.5, 2, 8 ], "texture": "#voxels_atlas" },
				"north": { "uv": [ 4, 14.5, 2, 16 ], "texture": "#voxels_atlas" },
				"south": { "uv": [ 2, 13, 4, 14.5 ], "texture": "#voxels_atlas" },
				"west": { "uv": [ 2, 8.5, 3.5, 10 ], "texture": "#voxels_atlas" },
				"east": { "uv": [ 5.5, 14.5, 4, 16 ], "texture": "#voxels_atlas" }
			}
		},
		{
			"__comment": "Voxels",
			"from": [ 7, 4.5, -3.5 ],
			"to": [ 9, 5, -1 ],
			"faces": {
				"down": { "uv": [ 0, 13.5, 2, 16 ], "texture": "#voxels_atlas" },
				"up": { "uv": [ 0, 13.5, 2, 11 ], "texture": "#voxels_atlas" },
				"north": { "uv": [ 4, 8, 2, 8.5 ], "texture": "#voxels_atlas" },
				"south": { "uv": [ 5.5, 9, 7.5, 9.5 ], "texture": "#voxels_atlas" },
				"west": { "uv": [ 10, 15.5, 12.5, 16 ], "texture": "#voxels_atlas" },
				"east": { "uv": [ 15, 15.5, 12.5, 16 ], "texture": "#voxels_atlas" }
			}
		},
		{
			"__comment": "Voxels",
			"from": [ 7, 4.5, 0.5 ],
			"to": [ 9, 5.5, 1 ],
			"faces": {
				"down": { "uv": [ 7.5, 12, 9.5, 12.5 ], "texture": "#voxels_atlas" },
				"up": { "uv": [ 7.5, 13, 9.5, 12.5 ], "texture": "#voxels_atlas" },
				"north": { "uv": [ 7.5, 13, 5.5, 14 ], "texture": "#voxels_atlas" },
				"south": { "uv": [ 5.5, 12, 7.5, 13 ], "texture": "#voxels_atlas" },
				"west": { "uv": [ 7, 9.5, 7.5, 10.5 ], "texture": "#voxels_atlas" },
				"east": { "uv": [ 10, 10.5, 9.5, 11.5 ], "texture": "#voxels_atlas" }
			}
		},
		{
			"__comment": "Voxels",
			"from": [ 7, 5, -2.5 ],
			"to": [ 9, 5.5, -1 ],
			"faces": {
				"down": { "uv": [ 2, 11.5, 4, 13 ], "texture": "#voxels_atlas" },
				"up": { "uv": [ 2, 11.5, 4, 10 ], "texture": "#voxels_atlas" },
				"north": { "uv": [ 9.5, 13, 7.5, 13.5 ], "texture": "#voxels_atlas" },
				"south": { "uv": [ 7.5, 11.5, 9.5, 12 ], "texture": "#voxels_atlas" },
				"west": { "uv": [ 7.5, 10, 9, 10.5 ], "texture": "#voxels_atlas" },
				"east": { "uv": [ 9, 9.5, 7.5, 10 ], "texture": "#voxels_atlas" }
			}
		},
		{
			"__comment": "Voxels",
			"from": [ 7, 5.5, -0.5 ],
			"to": [ 9, 6, 0.5 ],
			"faces": {
				"down": { "uv": [ 5.5, 14, 7.5, 15 ], "texture": "#voxels_atlas" },
				"up": { "uv": [ 5.5, 16, 7.5, 15 ], "texture": "#voxels_atlas" },
				"north": { "uv": [ 7.5, 8.5, 5.5, 9 ], "texture": "#voxels_atlas" },
				"south": { "uv": [ 5.5, 8, 7.5, 8.5 ], "texture": "#voxels_atlas" },
				"west": { "uv": [ 10, 13.5, 11, 14 ], "texture": "#voxels_atlas" },
				"east": { "uv": [ 16, 14, 15, 14.5 ], "texture": "#voxels_atlas" }
			}
		},
		{
			"__comment": "Voxels",
			"from": [ 7.5, 4, -3.5 ],
			"to": [ 8, 4.5, -1 ],
			"faces": {
				"down": { "uv": [ 5, 8, 5.5, 10.5 ], "texture": "#voxels_atlas" },
				"up": { "uv": [ 5.5, 12, 6, 9.5 ], "texture": "#voxels_atlas" },
				"north": { "uv": [ 12.5, 13.5, 12, 14 ], "texture": "#voxels_atlas" },
				"south": { "uv": [ 9, 9, 9.5, 9.5 ], "texture": "#voxels_atlas" },
				"west": { "uv": [ 7.5, 14.5, 10, 15 ], "texture": "#voxels_atlas" },
				"east": { "uv": [ 12.5, 14.5, 10, 15 ], "texture": "#voxels_atlas" }
			}
		},
		{
			"__comment": "Voxels",
			"from": [ 7.5, 4, 0.5 ],
			"to": [ 8.5, 4.5, 1 ],
			"faces": {
				"down": { "uv": [ 11, 13.5, 12, 14 ], "texture": "#voxels_atlas" },
				"up": { "uv": [ 8.5, 8.5, 9.5, 8 ], "texture": "#voxels_atlas" },
				"north": { "uv": [ 8.5, 8, 7.5, 8.5 ], "texture": "#voxels_atlas" },
				"south": { "uv": [ 14, 14, 15, 14.5 ], "texture": "#voxels_atlas" },
				"west": { "uv": [ 9.5, 8.5, 10, 9 ], "texture": "#voxels_atlas" },
				"east": { "uv": [ 10, 10, 9.5, 10.5 ], "texture": "#voxels_atlas" }
			}
		},
		{
			"__comment": "Voxels",
			"from": [ 7.5, 4.5, -6 ],
			"to": [ 8, 5, -3.5 ],
			"faces": {
				"down": { "uv": [ 4, 8, 4.5, 10.5 ], "texture": "#voxels_atlas" },
				"up": { "uv": [ 6, 12, 6.5, 9.5 ], "texture": "#voxels_atlas" },
				"north": { "uv": [ 9.5, 8.5, 9, 9 ], "texture": "#voxels_atlas" },
				"south": { "uv": [ 14, 13.5, 14.5, 14 ], "texture": "#voxels_atlas" },
				"west": { "uv": [ 10, 15, 12.5, 15.5 ], "texture": "#voxels_atlas" },
				"east": { "uv": [ 15, 15, 12.5, 15.5 ], "texture": "#voxels_atlas" }
			}
		},
		{
			"__comment": "Voxels",
			"from": [ 7.5, 5, -5 ],
			"to": [ 8, 5.5, -2.5 ],
			"faces": {
				"down": { "uv": [ 6.5, 9.5, 7, 12 ], "texture": "#voxels_atlas" },
				"up": { "uv": [ 4.5, 10.5, 5, 8 ], "texture": "#voxels_atlas" },
				"north": { "uv": [ 15, 13.5, 14.5, 14 ], "texture": "#voxels_atlas" },
				"south": { "uv": [ 9, 9.5, 9.5, 10 ], "texture": "#voxels_atlas" },
				"west": { "uv": [ 7.5, 15, 10, 15.5 ], "texture": "#voxels_atlas" },
				"east": { "uv": [ 10, 15.5, 7.5, 16 ], "texture": "#voxels_atlas" }
			}
		},
		{
			"__comment": "Voxels",
			"from": [ 7.5, 5.5, -2.5 ],
			"to": [ 8.5, 6, -0.5 ],
			"faces": {
				"down": { "uv": [ 4, 10.5, 5, 12.5 ], "texture": "#voxels_atlas" },
				"up": { "uv": [ 4, 14.5, 5, 12.5 ], "texture": "#voxels_atlas" },
				"north": { "uv": [ 16, 15.5, 15, 16 ], "texture": "#voxels_atlas" },
				"south": { "uv": [ 15, 15, 16, 15.5 ], "texture": "#voxels_atlas" },
				"west": { "uv": [ 7.5, 11, 9.5, 11.5 ], "texture": "#voxels_atlas" },
				"east": { "uv": [ 9.5, 14, 7.5, 14.5 ], "texture": "#voxels_atlas" }
			}
		},
		{
			"__comment": "Voxels",
			"from": [ 7.5, 5.5, 0.5 ],
			"to": [ 8.5, 6, 1 ],
			"faces": {
				"down": { "uv": [ 10, 14, 11, 14.5 ], "texture": "#voxels_atlas" },
				"up": { "uv": [ 11, 14.5, 12, 14 ], "texture": "#voxels_atlas" },
				"north": { "uv": [ 13, 14, 12, 14.5 ], "texture": "#voxels_atlas" },
				"south": { "uv": [ 13, 14, 14, 14.5 ], "texture": "#voxels_atlas" },
				"west": { "uv": [ 9.5, 8, 10, 8.5 ], "texture": "#voxels_atlas" },
				"east": { "uv": [ 13, 13.5, 12.5, 14 ], "texture": "#voxels_atlas" }
			}
		},
		{
			"__comment": "Voxels",
			"from": [ 8, 4, -2.5 ],
			"to": [ 8.5, 4.5, -1 ],
			"faces": {
				"down": { "uv": [ 3.5, 8.5, 4, 10 ], "texture": "#voxels_atlas" },
				"up": { "uv": [ 7, 12, 7.5, 10.5 ], "texture": "#voxels_atlas" },
				"north": { "uv": [ 9.5, 10.5, 9, 11 ], "texture": "#voxels_atlas" },
				"south": { "uv": [ 9, 10, 9.5, 10.5 ], "texture": "#voxels_atlas" },
				"west": { "uv": [ 7.5, 8.5, 9, 9 ], "texture": "#voxels_atlas" },
				"east": { "uv": [ 9, 9, 7.5, 9.5 ], "texture": "#voxels_atlas" }
			}
		},
		{
			"__comment": "Voxels",
			"from": [ 8, 4.5, -5 ],
			"to": [ 8.5, 5, -3.5 ],
			"faces": {
				"down": { "uv": [ 9.5, 13, 10, 14.5 ], "texture": "#voxels_atlas" },
				"up": { "uv": [ 9.5, 13, 10, 11.5 ], "texture": "#voxels_atlas" },
				"north": { "uv": [ 10, 9.5, 9.5, 10 ], "texture": "#voxels_atlas" },
				"south": { "uv": [ 9.5, 9, 10, 9.5 ], "texture": "#voxels_atlas" },
				"west": { "uv": [ 14.5, 14.5, 16, 15 ], "texture": "#voxels_atlas" },
				"east": { "uv": [ 9, 10.5, 7.5, 11 ], "texture": "#voxels_atlas" }
			}
		},
		{
			"__comment": "Voxels",
			"from": [ 8, 5, -4.5 ],
			"to": [ 8.5, 5.5, -2.5 ],
			"faces": {
				"down": { "uv": [ 5, 12.5, 5.5, 14.5 ], "texture": "#voxels_atlas" },
				"up": { "uv": [ 5, 12.5, 5.5, 10.5 ], "texture": "#voxels_atlas" },
				"north": { "uv": [ 13.5, 13.5, 13, 14 ], "texture": "#voxels_atlas" },
				"south": { "uv": [ 13.5, 13.5, 14, 14 ], "texture": "#voxels_atlas" },
				"west": { "uv": [ 12.5, 14.5, 14.5, 15 ], "texture": "#voxels_atlas" },
				"east": { "uv": [ 9.5, 13.5, 7.5, 14 ], "texture": "#voxels_atlas" }
			}
		},
		{
			"__comment": "Voxels",
			"from": [ 8.5, 4, -1.5 ],
			"to": [ 9, 4.5, -1 ],
			"faces": {
				"down": { "uv": [ 15, 13.5, 15.5, 14 ], "texture": "#voxels_atlas" },
				"up": { "uv": [ 15.5, 14, 16, 13.5 ], "texture": "#voxels_atlas" },
				"north": { "uv": [ 10.5, 13, 10, 13.5 ], "texture": "#voxels_atlas" },
				"south": { "uv": [ 10, 12.5, 10.5, 13 ], "texture": "#voxels_atlas" },
				"west": { "uv": [ 10, 12, 10.5, 12.5 ], "texture": "#voxels_atlas" },
				"east": { "uv": [ 10.5, 11.5, 10, 12 ], "texture": "#voxels_atlas" }
			}
		},
		{
			"__comment": "Voxels",
			"from": [ 8.5, 5.5, -1 ],
			"to": [ 9, 6, -0.5 ],
			"faces": {
				"down": { "uv": [ 10, 11, 10.5, 11.5 ], "texture": "#voxels_atlas" },
				"up": { "uv": [ 10, 11, 10.5, 10.5 ], "texture": "#voxels_atlas" },
				"north": { "uv": [ 10.5, 10, 10, 10.5 ], "texture": "#voxels_atlas" },
				"south": { "uv": [ 10, 9.5, 10.5, 10 ], "texture": "#voxels_atlas" },
				"west": { "uv": [ 10, 9, 10.5, 9.5 ], "texture": "#voxels_atlas" },
				"east": { "uv": [ 10.5, 8.5, 10, 9 ], "texture": "#voxels_atlas" }
			}
		}
	],
	"display": {
		"thirdperson_righthand": {
			"rotation":  [ 8, 10, 0 ],
			"translation":  [ -0.13, -1, -1.391 ],
			"scale":  [ 0.4, 0.4, 0.4 ]
		},
		"thirdperson_lefthand": {
			"rotation":  [ 0, 15, 0 ],
			"translation":  [ 1, 2, -1 ],
			"scale":  [ -0.4, 0.4, 0.4 ]
		},
		"firstperson_righthand": {
			"rotation":  [ -25, -45, 0 ],
			"translation":  [ 1, 2.2, -3 ],
			"scale":  [ 0.4, 0.4, 0.4 ]
		},
		"firstperson_lefthand": {
			"rotation":  [ -25, -45, 0 ],
			"translation":  [ 1, 2.2, -3 ],
			"scale":  [ -0.4, 0.4, 0.4 ]
		},
		"gui": {
			"rotation":  [ 30, 135, 0 ],
			"translation":  [ 6, 6, 0 ]
		},
		"ground": {
			"translation":  [ 0, 3, 0 ],
			"scale":  [ 0.5, 0.5, 0.5 ]
		},
		"fixed": {
			"translation":  [ 0, 0, 8 ]
		}
	}
}