{
	"__comment": "DeMade by Cloe with Cubik Studio - https://www.planetminecraft.com/member/clo/",
	"textures": {
		"texture": "./pink_elf_hat"
	},
	"elements": [ 	 
		{
			"__comment": "Voxels",
			"from": [ 0, 0.5, 0.5 ],
			"to": [ 0.5, 1, 15.5 ],
			"faces": {
				"down": { "uv": [ 0.875, 6.125, 1, 9.875 ], "texture": "#texture" },
				"up": { "uv": [ 0.75, 13.625, 0.875, 9.875 ], "texture": "#texture" },
				"north": { "uv": [ 13.75, 9.25, 13.625, 9.375 ], "texture": "#texture" },
				"south": { "uv": [ 13.75, 9.25, 13.875, 9.375 ], "texture": "#texture" },
				"west": { "uv": [ 2.25, 13.875, 6, 14 ], "texture": "#texture", "cullface": "west" },
				"east": { "uv": [ 9.75, 13.875, 6, 14 ], "texture": "#texture" }
			}
		},
		{
			"__comment": "Voxels",
			"from": [ 0, 1, 1 ],
			"to": [ 0.5, 1.5, 15 ],
			"faces": {
				"up": { "uv": [ 1.375, 9.875, 1.5, 6.375 ], "texture": "#texture" },
				"north": { "uv": [ 14, 9.25, 13.875, 9.375 ], "texture": "#texture" },
				"south": { "uv": [ 14.25, 9.25, 14.375, 9.375 ], "texture": "#texture" },
				"west": { "uv": [ 9.25, 12.875, 12.75, 13 ], "texture": "#texture", "cullface": "west" },
				"east": { "uv": [ 9.25, 12.875, 5.75, 13 ], "texture": "#texture" }
			}
		},
		{
			"__comment": "Voxels",
			"from": [ 0, 1.5, 2 ],
			"to": [ 0.5, 2, 14 ],
			"faces": {
				"up": { "uv": [ 0.625, 3, 0.75, 0 ], "texture": "#texture" },
				"north": { "uv": [ 14.5, 9.25, 14.375, 9.375 ], "texture": "#texture" },
				"south": { "uv": [ 14.625, 9.25, 14.75, 9.375 ], "texture": "#texture" },
				"west": { "uv": [ 8.25, 11.625, 11.25, 11.75 ], "texture": "#texture", "cullface": "west" },
				"east": { "uv": [ 14.25, 11.625, 11.25, 11.75 ], "texture": "#texture" }
			}
		},
		{
			"__comment": "Voxels",
			"from": [ 0, 2, 3 ],
			"to": [ 1, 2.5, 13 ],
			"faces": {
				"down": { "uv": [ 0.25, 9.5, 0.5, 12 ], "texture": "#texture" },
				"up": { "uv": [ 0.25, 9.5, 0.5, 7 ], "texture": "#texture" },
				"north": { "uv": [ 10.75, 9.25, 10.5, 9.375 ], "texture": "#texture" },
				"south": { "uv": [ 11.75, 9.25, 12, 9.375 ], "texture": "#texture" },
				"west": { "uv": [ 2.375, 6.25, 4.875, 6.375 ], "texture": "#texture", "cullface": "west" },
				"east": { "uv": [ 4.875, 6.125, 2.375, 6.25 ], "texture": "#texture" }
			}
		},
		{
			"__comment": "Voxels",
			"from": [ 0.5, 0.5, 0 ],
			"to": [ 15.5, 1, 0.5 ],
			"faces": {
				"down": { "uv": [ 9.75, 13.5, 13.5, 13.625 ], "texture": "#texture" },
				"up": { "uv": [ 6, 13.625, 9.75, 13.5 ], "texture": "#texture" },
				"north": { "uv": [ 6, 13.5, 2.25, 13.625 ], "texture": "#texture", "cullface": "north" },
				"south": { "uv": [ 9.75, 13.625, 13.5, 13.75 ], "texture": "#texture" },
				"west": { "uv": [ 14.75, 9.25, 14.875, 9.375 ], "texture": "#texture" },
				"east": { "uv": [ 15, 9.25, 14.875, 9.375 ], "texture": "#texture" }
			}
		},
		{
			"__comment": "Voxels",
			"from": [ 0.5, 0.5, 15.5 ],
			"to": [ 15.5, 1, 16 ],
			"faces": {
				"down": { "uv": [ 9.75, 13.875, 13.5, 14 ], "texture": "#texture" },
				"up": { "uv": [ 6, 13.75, 9.75, 13.625 ], "texture": "#texture" },
				"north": { "uv": [ 9.75, 13.75, 6, 13.875 ], "texture": "#texture" },
				"south": { "uv": [ 2.25, 13.75, 6, 13.875 ], "texture": "#texture", "cullface": "south" },
				"west": { "uv": [ 15.25, 9.25, 15.375, 9.375 ], "texture": "#texture" },
				"east": { "uv": [ 15.625, 9.25, 15.5, 9.375 ], "texture": "#texture" }
			}
		},
		{
			"__comment": "Voxels",
			"from": [ 0.5, 1, 0.5 ],
			"to": [ 1, 2, 1 ],
			"faces": {
				"down": { "uv": [ 15.625, 9.25, 15.75, 9.375 ], "texture": "#texture" },
				"up": { "uv": [ 14.5, 9.25, 14.625, 9.125 ], "texture": "#texture" },
				"north": { "uv": [ 12.5, 9, 12.375, 9.25 ], "texture": "#texture" },
				"south": { "uv": [ 12.5, 9, 12.625, 9.25 ], "texture": "#texture" },
				"west": { "uv": [ 12.625, 9, 12.75, 9.25 ], "texture": "#texture" },
				"east": { "uv": [ 13.125, 9, 13, 9.25 ], "texture": "#texture" }
			}
		},
		{
			"__comment": "Voxels",
			"from": [ 0.5, 1, 15 ],
			"to": [ 1, 2, 15.5 ],
			"faces": {
				"down": { "uv": [ 15.25, 9.125, 15.375, 9.25 ], "texture": "#texture" },
				"up": { "uv": [ 15.25, 9.125, 15.375, 9 ], "texture": "#texture" },
				"north": { "uv": [ 13.25, 9, 13.125, 9.25 ], "texture": "#texture" },
				"south": { "uv": [ 13.25, 9, 13.375, 9.25 ], "texture": "#texture" },
				"west": { "uv": [ 13.375, 9, 13.5, 9.25 ], "texture": "#texture" },
				"east": { "uv": [ 14.375, 9, 14.25, 9.25 ], "texture": "#texture" }
			}
		},
		{
			"__comment": "Voxels",
			"from": [ 0.5, 1.5, 1 ],
			"to": [ 1, 3, 2 ],
			"faces": {
				"down": { "uv": [ 1, 6.125, 1.125, 6.375 ], "texture": "#texture" },
				"up": { "uv": [ 1.125, 6.375, 1.25, 6.125 ], "texture": "#texture" },
				"north": { "uv": [ 4, 1.75, 3.875, 2.125 ], "texture": "#texture" },
				"south": { "uv": [ 4, 1.75, 4.125, 2.125 ], "texture": "#texture" },
				"west": { "uv": [ 6.25, 7.875, 6.5, 8.25 ], "texture": "#texture" },
				"east": { "uv": [ 6.25, 7.5, 6, 7.875 ], "texture": "#texture" }
			}
		},
		{
			"__comment": "Voxels",
			"from": [ 0.5, 1.5, 14 ],
			"to": [ 1, 3.5, 14.5 ],
			"faces": {
				"down": { "uv": [ 15.375, 9.125, 15.5, 9.25 ], "texture": "#texture" },
				"up": { "uv": [ 15.625, 9.25, 15.75, 9.125 ], "texture": "#texture" },
				"north": { "uv": [ 6.625, 7.875, 6.5, 8.375 ], "texture": "#texture" },
				"south": { "uv": [ 6.5, 7.375, 6.625, 7.875 ], "texture": "#texture" },
				"west": { "uv": [ 6.5, 6.875, 6.625, 7.375 ], "texture": "#texture" },
				"east": { "uv": [ 6.625, 6.375, 6.5, 6.875 ], "texture": "#texture" }
			}
		},
		{
			"__comment": "Voxels",
			"from": [ 0.5, 1.5, 14.5 ],
			"to": [ 1, 3, 15 ],
			"faces": {
				"down": { "uv": [ 15.875, 9.125, 16, 9.25 ], "texture": "#texture" },
				"up": { "uv": [ 6.875, 9, 7, 8.875 ], "texture": "#texture" },
				"south": { "uv": [ 6.5, 4, 6.625, 4.375 ], "texture": "#texture" },
				"west": { "uv": [ 6.625, 6.5, 6.75, 6.875 ], "texture": "#texture" },
				"east": { "uv": [ 6.875, 6.875, 6.75, 7.25 ], "texture": "#texture" }
			}
		},
		{
			"__comment": "Voxels",
			"from": [ 0.5, 2, 2 ],
			"to": [ 1, 3.5, 3 ],
			"faces": {
				"down": { "uv": [ 1.25, 1.625, 1.375, 1.875 ], "texture": "#texture" },
				"up": { "uv": [ 1.375, 1.875, 1.5, 1.625 ], "texture": "#texture" },
				"north": { "uv": [ 6.75, 7.25, 6.625, 7.625 ], "texture": "#texture" },
				"south": { "uv": [ 6.625, 7.625, 6.75, 8 ], "texture": "#texture" },
				"west": { "uv": [ 6, 7.875, 6.25, 8.25 ], "texture": "#texture" },
				"east": { "uv": [ 5.75, 0, 5.5, 0.375 ], "texture": "#texture" }
			}
		},
		{
			"__comment": "Voxels",
			"from": [ 0.5, 2, 13 ],
			"to": [ 1, 3.5, 14 ],
			"faces": {
				"down": { "uv": [ 1.5, 1.625, 1.625, 1.875 ], "texture": "#texture" },
				"up": { "uv": [ 1.625, 1.875, 1.75, 1.625 ], "texture": "#texture" },
				"north": { "uv": [ 6.875, 8, 6.75, 8.375 ], "texture": "#texture" },
				"west": { "uv": [ 6, 0.375, 6.25, 0.75 ], "texture": "#texture" },
				"east": { "uv": [ 6.5, 0.375, 6.25, 0.75 ], "texture": "#texture" }
			}
		},
		{
			"__comment": "Voxels",
			"from": [ 0.5, 2.5, 3 ],
			"to": [ 1, 3.5, 13 ],
			"faces": {
				"up": { "uv": [ 1.5, 4.375, 1.625, 1.875 ], "texture": "#texture" },
				"west": { "uv": [ 13, 14.25, 15.5, 14.5 ], "texture": "#texture" },
				"east": { "uv": [ 13, 14.25, 10.5, 14.5 ], "texture": "#texture" }
			}
		},
		{
			"__comment": "Voxels",
			"from": [ 0.5, 3, 1.5 ],
			"to": [ 1.5, 3.5, 2 ],
			"faces": {
				"down": { "uv": [ 2, 6.75, 2.25, 6.875 ], "texture": "#texture" },
				"up": { "uv": [ 4.75, 9.25, 5, 9.125 ], "texture": "#texture" },
				"north": { "uv": [ 5, 9, 4.75, 9.125 ], "texture": "#texture" },
				"south": { "uv": [ 4.75, 8.875, 5, 9 ], "texture": "#texture" },
				"west": { "uv": [ 6.875, 8.125, 7, 8.25 ], "texture": "#texture" },
				"east": { "uv": [ 7, 8, 6.875, 8.125 ], "texture": "#texture" }
			}
		},
		{
			"__comment": "Voxels",
			"from": [ 1, 1, 0 ],
			"to": [ 15, 1.5, 0.5 ],
			"faces": {
				"up": { "uv": [ 2.25, 13.375, 5.75, 13.25 ], "texture": "#texture" },
				"north": { "uv": [ 9.25, 13.25, 5.75, 13.375 ], "texture": "#texture", "cullface": "north" },
				"south": { "uv": [ 9.25, 13.25, 12.75, 13.375 ], "texture": "#texture" },
				"west": { "uv": [ 6.875, 7.5, 7, 7.625 ], "texture": "#texture" },
				"east": { "uv": [ 7, 7.125, 6.875, 7.25 ], "texture": "#texture" }
			}
		},
		{
			"__comment": "Voxels",
			"from": [ 1, 1, 15.5 ],
			"to": [ 15, 1.5, 16 ],
			"faces": {
				"up": { "uv": [ 2.25, 12.875, 5.75, 12.75 ], "texture": "#texture" },
				"north": { "uv": [ 9.25, 12.75, 5.75, 12.875 ], "texture": "#texture" },
				"south": { "uv": [ 5.75, 13.375, 9.25, 13.5 ], "texture": "#texture", "cullface": "south" },
				"west": { "uv": [ 6.875, 6.625, 7, 6.75 ], "texture": "#texture" },
				"east": { "uv": [ 7, 6.5, 6.875, 6.625 ], "texture": "#texture" }
			}
		},
		{
			"__comment": "Voxels",
			"from": [ 1, 1.5, 0.5 ],
			"to": [ 2, 3, 1 ],
			"faces": {
				"down": { "uv": [ 4.75, 8.25, 5, 8.375 ], "texture": "#texture" },
				"up": { "uv": [ 4.75, 8.25, 5, 8.125 ], "texture": "#texture" },
				"north": { "uv": [ 16, 15.625, 15.75, 16 ], "texture": "#texture" },
				"south": { "uv": [ 0, 0, 0.25, 0.375 ], "texture": "#texture" },
				"west": { "uv": [ 6.5, 1, 6.625, 1.375 ], "texture": "#texture" },
				"east": { "uv": [ 6.625, 0.25, 6.5, 0.625 ], "texture": "#texture" }
			}
		},
		{
			"__comment": "Voxels",
			"from": [ 1, 1.5, 15 ],
			"to": [ 2, 3, 15.5 ],
			"faces": {
				"down": { "uv": [ 4.75, 7.5, 5, 7.625 ], "texture": "#texture" },
				"up": { "uv": [ 4.75, 6.875, 5, 6.75 ], "texture": "#texture" },
				"north": { "uv": [ 4.75, 2, 4.5, 2.375 ], "texture": "#texture" },
				"south": { "uv": [ 4.75, 2, 5, 2.375 ], "texture": "#texture" },
				"west": { "uv": [ 6.5, 1.75, 6.625, 2.125 ], "texture": "#texture" },
				"east": { "uv": [ 6.625, 2.125, 6.5, 2.5 ], "texture": "#texture" }
			}
		},
		{
			"__comment": "Voxels",
			"from": [ 1, 3, 1 ],
			"to": [ 15, 4, 1.5 ],
			"faces": {
				"down": { "uv": [ 4, 13.125, 7.5, 13.25 ], "texture": "#texture" },
				"up": { "uv": [ 4, 13.125, 7.5, 13 ], "texture": "#texture" },
				"north": { "uv": [ 7, 15.375, 3.5, 15.625 ], "texture": "#texture" },
				"south": { "uv": [ 12.25, 15.75, 15.75, 16 ], "texture": "#texture" },
				"west": { "uv": [ 5.5, 7, 5.625, 7.25 ], "texture": "#texture" },
				"east": { "uv": [ 6.875, 4.375, 6.75, 4.625 ], "texture": "#texture" }
			}
		},
		{
			"__comment": "Voxels",
			"from": [ 1, 3, 2 ],
			"to": [ 1.5, 4.5, 14.5 ],
			"faces": {
				"down": { "uv": [ 1.875, 6.75, 2, 9.875 ], "texture": "#texture" },
				"up": { "uv": [ 1.75, 9.875, 1.875, 6.75 ], "texture": "#texture" },
				"north": { "uv": [ 6.625, 3.625, 6.5, 4 ], "texture": "#texture" },
				"south": { "uv": [ 6.75, 4.625, 6.875, 5 ], "texture": "#texture" },
				"west": { "uv": [ 3.125, 15.625, 6.25, 16 ], "texture": "#texture" },
				"east": { "uv": [ 3.125, 15.625, 0, 16 ], "texture": "#texture" }
			}
		},
		{
			"__comment": "Voxels",
			"from": [ 1, 3, 14.5 ],
			"to": [ 15, 4, 15 ],
			"faces": {
				"down": { "uv": [ 11, 13, 14.5, 13.125 ], "texture": "#texture" },
				"up": { "uv": [ 2.25, 13, 5.75, 12.875 ], "texture": "#texture" },
				"north": { "uv": [ 10.5, 15.375, 7, 15.625 ], "texture": "#texture" },
				"south": { "uv": [ 0, 15.375, 3.5, 15.625 ], "texture": "#texture" },
				"west": { "uv": [ 6.625, 4.125, 6.75, 4.375 ], "texture": "#texture" },
				"east": { "uv": [ 6.875, 4.125, 6.75, 4.375 ], "texture": "#texture" }
			}
		},
		{
			"__comment": "Voxels",
			"from": [ 1, 3.5, 1.5 ],
			"to": [ 1.5, 4.5, 2 ],
			"faces": {
				"up": { "uv": [ 6.875, 6.25, 7, 6.125 ], "texture": "#texture" },
				"north": { "uv": [ 6.75, 3.875, 6.625, 4.125 ], "texture": "#texture" },
				"west": { "uv": [ 6.625, 3.625, 6.75, 3.875 ], "texture": "#texture" },
				"east": { "uv": [ 6.875, 3.125, 6.75, 3.375 ], "texture": "#texture" }
			}
		},
		{
			"__comment": "Voxels",
			"from": [ 1.5, 3, 0.5 ],
			"to": [ 14.5, 3.5, 1 ],
			"faces": {
				"down": { "uv": [ 12, 12.125, 15.25, 12.25 ], "texture": "#texture" },
				"up": { "uv": [ 2.25, 12.125, 5.5, 12 ], "texture": "#texture" },
				"north": { "uv": [ 8.75, 12, 5.5, 12.125 ], "texture": "#texture" },
				"west": { "uv": [ 6.875, 6, 7, 6.125 ], "texture": "#texture" },
				"east": { "uv": [ 7, 5.875, 6.875, 6 ], "texture": "#texture" }
			}
		},
		{
			"__comment": "Voxels",
			"from": [ 1.5, 3, 15 ],
			"to": [ 14.5, 3.5, 15.5 ],
			"faces": {
				"down": { "uv": [ 2.25, 12.125, 5.5, 12.25 ], "texture": "#texture" },
				"up": { "uv": [ 5.5, 12, 8.75, 11.875 ], "texture": "#texture" },
				"south": { "uv": [ 12, 11.875, 15.25, 12 ], "texture": "#texture" },
				"west": { "uv": [ 6.875, 5.75, 7, 5.875 ], "texture": "#texture" },
				"east": { "uv": [ 7, 5.375, 6.875, 5.5 ], "texture": "#texture" }
			}
		},
		{
			"__comment": "Voxels",
			"from": [ 1.5, 4, 1 ],
			"to": [ 14.5, 4.5, 2 ],
			"faces": {
				"down": { "uv": [ 0.25, 15.125, 3.5, 15.375 ], "texture": "#texture" },
				"up": { "uv": [ 6.75, 15.375, 10, 15.125 ], "texture": "#texture" },
				"north": { "uv": [ 16, 13.375, 12.75, 13.5 ], "texture": "#texture" },
				"south": { "uv": [ 12.75, 13.25, 16, 13.375 ], "texture": "#texture" },
				"west": { "uv": [ 4.75, 6.625, 5, 6.75 ], "texture": "#texture" },
				"east": { "uv": [ 5, 6.5, 4.75, 6.625 ], "texture": "#texture" }
			}
		},
		{
			"__comment": "Voxels",
			"from": [ 1.5, 4, 2 ],
			"to": [ 2, 5.5, 14 ],
			"faces": {
				"down": { "uv": [ 2, 6.875, 2.125, 9.875 ], "texture": "#texture" },
				"up": { "uv": [ 2.125, 9.875, 2.25, 6.875 ], "texture": "#texture" },
				"north": { "uv": [ 6.75, 5.375, 6.625, 5.75 ], "texture": "#texture" },
				"south": { "uv": [ 6.75, 7.625, 6.875, 8 ], "texture": "#texture" },
				"west": { "uv": [ 9.25, 15.625, 12.25, 16 ], "texture": "#texture" },
				"east": { "uv": [ 9.25, 15.625, 6.25, 16 ], "texture": "#texture" }
			}
		},
		{
			"__comment": "Voxels",
			"from": [ 1.5, 4, 14 ],
			"to": [ 15, 4.5, 14.5 ],
			"faces": {
				"down": { "uv": [ 9.25, 12.75, 12.625, 12.875 ], "texture": "#texture" },
				"up": { "uv": [ 12.625, 12.875, 16, 12.75 ], "texture": "#texture" },
				"north": { "uv": [ 9.125, 12.5, 5.75, 12.625 ], "texture": "#texture" },
				"south": { "uv": [ 5.75, 12.625, 9.125, 12.75 ], "texture": "#texture" },
				"east": { "uv": [ 7, 5.125, 6.875, 5.25 ], "texture": "#texture" }
			}
		},
		{
			"__comment": "Voxels",
			"from": [ 1.5, 4, 14.5 ],
			"to": [ 14.5, 4.5, 15 ],
			"faces": {
				"up": { "uv": [ 12.75, 13, 16, 12.875 ], "texture": "#texture" },
				"south": { "uv": [ 12, 12, 15.25, 12.125 ], "texture": "#texture" },
				"west": { "uv": [ 6.875, 5, 7, 5.125 ], "texture": "#texture" },
				"east": { "uv": [ 7, 4.625, 6.875, 4.75 ], "texture": "#texture" }
			}
		},
		{
			"__comment": "Voxels",
			"from": [ 1.5, 4.5, 1.5 ],
			"to": [ 14.5, 5, 2 ],
			"faces": {
				"up": { "uv": [ 9.125, 12.625, 12.375, 12.5 ], "texture": "#texture" },
				"north": { "uv": [ 5.5, 11.875, 2.25, 12 ], "texture": "#texture" },
				"south": { "uv": [ 8.75, 12.375, 12, 12.5 ], "texture": "#texture" },
				"west": { "uv": [ 6.875, 4.5, 7, 4.625 ], "texture": "#texture" },
				"east": { "uv": [ 7, 4.375, 6.875, 4.5 ], "texture": "#texture" }
			}
		},
		{
			"__comment": "Voxels",
			"from": [ 1.5, 4.5, 14 ],
			"to": [ 14.5, 5, 14.5 ],
			"faces": {
				"up": { "uv": [ 2.25, 12.5, 5.5, 12.375 ], "texture": "#texture" },
				"north": { "uv": [ 15.625, 12.625, 12.375, 12.75 ], "texture": "#texture" },
				"south": { "uv": [ 9.125, 12.625, 12.375, 12.75 ], "texture": "#texture" },
				"west": { "uv": [ 6.875, 4.25, 7, 4.375 ], "texture": "#texture" },
				"east": { "uv": [ 7, 4.125, 6.875, 4.25 ], "texture": "#texture" }
			}
		},
		{
			"__comment": "Voxels",
			"from": [ 1.5, 5.5, 3 ],
			"to": [ 2.5, 6, 13 ],
			"faces": {
				"down": { "uv": [ 0.25, 2, 0.5, 4.5 ], "texture": "#texture" },
				"up": { "uv": [ 0.25, 7, 0.5, 4.5 ], "texture": "#texture" },
				"north": { "uv": [ 4.5, 1.75, 4.25, 1.875 ], "texture": "#texture" },
				"south": { "uv": [ 4.75, 1, 5, 1.125 ], "texture": "#texture" },
				"west": { "uv": [ 2.25, 9, 4.75, 9.125 ], "texture": "#texture" },
				"east": { "uv": [ 4.75, 8.875, 2.25, 9 ], "texture": "#texture" }
			}
		},
		{
			"__comment": "Voxels",
			"from": [ 2, 1.5, 0 ],
			"to": [ 14, 2, 0.5 ],
			"faces": {
				"up": { "uv": [ 8.25, 11.125, 11.25, 11 ], "texture": "#texture" },
				"north": { "uv": [ 14.25, 11, 11.25, 11.125 ], "texture": "#texture", "cullface": "north" },
				"south": { "uv": [ 2.25, 10.875, 5.25, 11 ], "texture": "#texture" },
				"west": { "uv": [ 6.875, 4, 7, 4.125 ], "texture": "#texture" },
				"east": { "uv": [ 7, 3.875, 6.875, 4 ], "texture": "#texture" }
			}
		},
		{
			"__comment": "Voxels",
			"from": [ 2, 1.5, 15.5 ],
			"to": [ 14, 2, 16 ],
			"faces": {
				"up": { "uv": [ 8.25, 11, 11.25, 10.875 ], "texture": "#texture" },
				"north": { "uv": [ 14.25, 10.875, 11.25, 11 ], "texture": "#texture" },
				"south": { "uv": [ 2.25, 10.75, 5.25, 10.875 ], "texture": "#texture", "cullface": "south" },
				"west": { "uv": [ 6.875, 3.625, 7, 3.75 ], "texture": "#texture" },
				"east": { "uv": [ 7, 3.5, 6.875, 3.625 ], "texture": "#texture" }
			}
		},
		{
			"__comment": "Voxels",
			"from": [ 2, 2, 0.5 ],
			"to": [ 15, 3, 1 ],
			"faces": {
				"down": { "uv": [ 5.5, 12.25, 8.75, 12.375 ], "texture": "#texture" },
				"up": { "uv": [ 2.25, 11.875, 5.5, 11.75 ], "texture": "#texture" },
				"north": { "uv": [ 13.25, 15.125, 10, 15.375 ], "texture": "#texture" },
				"south": { "uv": [ 3.5, 15.125, 6.75, 15.375 ], "texture": "#texture" },
				"east": { "uv": [ 6.75, 1.875, 6.625, 2.125 ], "texture": "#texture" }
			}
		},
		{
			"__comment": "Voxels",
			"from": [ 2, 2, 15 ],
			"to": [ 15, 3, 15.5 ],
			"faces": {
				"down": { "uv": [ 8.75, 12.25, 12, 12.375 ], "texture": "#texture" },
				"up": { "uv": [ 2.25, 12.375, 5.5, 12.25 ], "texture": "#texture" },
				"north": { "uv": [ 13.75, 15.375, 10.5, 15.625 ], "texture": "#texture" },
				"south": { "uv": [ 0.25, 14.875, 3.5, 15.125 ], "texture": "#texture" },
				"east": { "uv": [ 6.875, 1.375, 6.75, 1.625 ], "texture": "#texture" }
			}
		},
		{
			"__comment": "Voxels",
			"from": [ 2, 5, 1.5 ],
			"to": [ 14, 5.5, 2 ],
			"faces": {
				"up": { "uv": [ 5.25, 11.75, 8.25, 11.625 ], "texture": "#texture" },
				"north": { "uv": [ 5.25, 11.5, 2.25, 11.625 ], "texture": "#texture" },
				"south": { "uv": [ 5.25, 11.5, 8.25, 11.625 ], "texture": "#texture" },
				"west": { "uv": [ 6.875, 2.125, 7, 2.25 ], "texture": "#texture" },
				"east": { "uv": [ 7, 2, 6.875, 2.125 ], "texture": "#texture" }
			}
		},
		{
			"__comment": "Voxels",
			"from": [ 2, 5, 14 ],
			"to": [ 14, 5.5, 14.5 ],
			"faces": {
				"up": { "uv": [ 11.25, 11.625, 14.25, 11.5 ], "texture": "#texture" },
				"north": { "uv": [ 5.25, 11.375, 2.25, 11.5 ], "texture": "#texture" },
				"south": { "uv": [ 5.25, 11.375, 8.25, 11.5 ], "texture": "#texture" },
				"west": { "uv": [ 6.875, 1.375, 7, 1.5 ], "texture": "#texture" },
				"east": { "uv": [ 7, 1.25, 6.875, 1.375 ], "texture": "#texture" }
			}
		},
		{
			"__comment": "Voxels",
			"from": [ 2, 5.5, 2 ],
			"to": [ 14, 6, 2.5 ],
			"faces": {
				"down": { "uv": [ 8.25, 11.375, 11.25, 11.5 ], "texture": "#texture" },
				"up": { "uv": [ 11.25, 11.5, 14.25, 11.375 ], "texture": "#texture" },
				"north": { "uv": [ 5.25, 11.25, 2.25, 11.375 ], "texture": "#texture" },
				"south": { "uv": [ 5.25, 11.25, 8.25, 11.375 ], "texture": "#texture" },
				"west": { "uv": [ 6.875, 1.125, 7, 1.25 ], "texture": "#texture" },
				"east": { "uv": [ 7, 1, 6.875, 1.125 ], "texture": "#texture" }
			}
		},
		{
			"__comment": "Voxels",
			"from": [ 2, 5.5, 2.5 ],
			"to": [ 2.5, 6.5, 3 ],
			"faces": {
				"down": { "uv": [ 8.25, 8.875, 8.375, 9 ], "texture": "#texture" },
				"up": { "uv": [ 8.375, 9, 8.5, 8.875 ], "texture": "#texture" },
				"north": { "uv": [ 6.75, 0.625, 6.625, 0.875 ], "texture": "#texture" },
				"south": { "uv": [ 6.75, 0.625, 6.875, 0.875 ], "texture": "#texture" },
				"west": { "uv": [ 6.875, 9, 7, 9.25 ], "texture": "#texture" },
				"east": { "uv": [ 7.125, 9, 7, 9.25 ], "texture": "#texture" }
			}
		},
		{
			"__comment": "Voxels",
			"from": [ 2, 5.5, 13 ],
			"to": [ 2.5, 6.5, 13.5 ],
			"faces": {
				"down": { "uv": [ 8.75, 8.875, 8.875, 9 ], "texture": "#texture" },
				"up": { "uv": [ 8.875, 9, 9, 8.875 ], "texture": "#texture" },
				"north": { "uv": [ 7.25, 9, 7.125, 9.25 ], "texture": "#texture" },
				"south": { "uv": [ 7.25, 9, 7.375, 9.25 ], "texture": "#texture" },
				"west": { "uv": [ 8, 9, 8.125, 9.25 ], "texture": "#texture" },
				"east": { "uv": [ 14.5, 9, 14.375, 9.25 ], "texture": "#texture" }
			}
		},
		{
			"__comment": "Voxels",
			"from": [ 2, 5.5, 13.5 ],
			"to": [ 14, 6, 14 ],
			"faces": {
				"down": { "uv": [ 2.25, 11, 5.25, 11.125 ], "texture": "#texture" },
				"up": { "uv": [ 8.25, 11.375, 11.25, 11.25 ], "texture": "#texture" },
				"north": { "uv": [ 14.25, 11.25, 11.25, 11.375 ], "texture": "#texture" },
				"south": { "uv": [ 2.25, 11.125, 5.25, 11.25 ], "texture": "#texture" },
				"west": { "uv": [ 12.75, 8.875, 12.875, 9 ], "texture": "#texture" },
				"east": { "uv": [ 12.75, 8.875, 12.625, 9 ], "texture": "#texture" }
			}
		},
		{
			"__comment": "Voxels",
			"from": [ 2, 6, 3 ],
			"to": [ 2.5, 7, 13 ],
			"faces": {
				"up": { "uv": [ 2.375, 3.875, 2.5, 1.375 ], "texture": "#texture" },
				"north": { "uv": [ 14.25, 9, 14.125, 9.25 ], "texture": "#texture" },
				"south": { "uv": [ 14, 9, 14.125, 9.25 ], "texture": "#texture" },
				"west": { "uv": [ 0.5, 14.25, 3, 14.5 ], "texture": "#texture" },
				"east": { "uv": [ 8, 14.25, 5.5, 14.5 ], "texture": "#texture" }
			}
		},
		{
			"__comment": "Voxels",
			"from": [ 2.5, 6, 2 ],
			"to": [ 13.5, 6.5, 2.5 ],
			"faces": {
				"up": { "uv": [ 2.25, 10.75, 5, 10.625 ], "texture": "#texture" },
				"north": { "uv": [ 5, 10.5, 2.25, 10.625 ], "texture": "#texture" },
				"south": { "uv": [ 2.25, 10.375, 5, 10.5 ], "texture": "#texture" },
				"west": { "uv": [ 12, 8.875, 12.125, 9 ], "texture": "#texture" },
				"east": { "uv": [ 12, 8.875, 11.875, 9 ], "texture": "#texture" }
			}
		},
		{
			"__comment": "Voxels",
			"from": [ 2.5, 6, 13.5 ],
			"to": [ 13.5, 6.5, 14 ],
			"faces": {
				"up": { "uv": [ 2.25, 10, 5, 9.875 ], "texture": "#texture" },
				"north": { "uv": [ 5, 9.625, 2.25, 9.75 ], "texture": "#texture" },
				"south": { "uv": [ 8, 10.75, 10.75, 10.875 ], "texture": "#texture" },
				"west": { "uv": [ 11.75, 8.875, 11.875, 9 ], "texture": "#texture" },
				"east": { "uv": [ 11.5, 8.875, 11.375, 9 ], "texture": "#texture" }
			}
		},
		{
			"__comment": "Voxels",
			"from": [ 2.5, 6.5, 2.5 ],
			"to": [ 13.5, 7, 3 ],
			"faces": {
				"down": { "uv": [ 2.25, 10, 5, 10.125 ], "texture": "#texture" },
				"up": { "uv": [ 2.25, 10.25, 5, 10.125 ], "texture": "#texture" },
				"north": { "uv": [ 5, 9.25, 2.25, 9.375 ], "texture": "#texture" },
				"south": { "uv": [ 2.25, 9.375, 5, 9.5 ], "texture": "#texture" },
				"west": { "uv": [ 11.25, 8.875, 11.375, 9 ], "texture": "#texture" },
				"east": { "uv": [ 11.25, 8.875, 11.125, 9 ], "texture": "#texture" }
			}
		},
		{
			"__comment": "Voxels",
			"from": [ 2.5, 6.5, 3 ],
			"to": [ 3, 7.5, 13 ],
			"faces": {
				"down": { "uv": [ 2.625, 1.375, 2.75, 3.875 ], "texture": "#texture" },
				"up": { "uv": [ 2.5, 3.875, 2.625, 1.375 ], "texture": "#texture" },
				"north": { "uv": [ 14, 9, 13.875, 9.25 ], "texture": "#texture" },
				"south": { "uv": [ 13.75, 9, 13.875, 9.25 ], "texture": "#texture" },
				"west": { "uv": [ 8, 14.25, 10.5, 14.5 ], "texture": "#texture" },
				"east": { "uv": [ 3, 14, 0.5, 14.25 ], "texture": "#texture" }
			}
		},
		{
			"__comment": "Voxels",
			"from": [ 2.5, 6.5, 13 ],
			"to": [ 13.5, 7, 13.5 ],
			"faces": {
				"down": { "uv": [ 2.25, 9.5, 5, 9.625 ], "texture": "#texture" },
				"up": { "uv": [ 2.25, 9.875, 5, 9.75 ], "texture": "#texture" },
				"north": { "uv": [ 13.5, 10.75, 10.75, 10.875 ], "texture": "#texture" },
				"south": { "uv": [ 2.25, 10.25, 5, 10.375 ], "texture": "#texture" },
				"west": { "uv": [ 10.5, 8.875, 10.625, 9 ], "texture": "#texture" },
				"east": { "uv": [ 10.5, 8.875, 10.375, 9 ], "texture": "#texture" }
			}
		},
		{
			"__comment": "Voxels",
			"from": [ 2.5, 7.5, 3.5 ],
			"to": [ 3.5, 8, 12.5 ],
			"faces": {
				"down": { "uv": [ 0.5, 7.25, 0.75, 9.5 ], "texture": "#texture" },
				"up": { "uv": [ 0.5, 7.25, 0.75, 5 ], "texture": "#texture" },
				"north": { "uv": [ 12.5, 9.25, 12.25, 9.375 ], "texture": "#texture" },
				"south": { "uv": [ 12, 9.25, 12.25, 9.375 ], "texture": "#texture" },
				"west": { "uv": [ 11.875, 10.625, 14.125, 10.75 ], "texture": "#texture" },
				"east": { "uv": [ 7.25, 10.5, 5, 10.625 ], "texture": "#texture" }
			}
		},
		{
			"__comment": "Voxels",
			"from": [ 3, 2, 0 ],
			"to": [ 13, 2.5, 0.5 ],
			"faces": {
				"up": { "uv": [ 2.25, 6.75, 4.75, 6.625 ], "texture": "#texture" },
				"north": { "uv": [ 4.75, 6.75, 2.25, 6.875 ], "texture": "#texture", "cullface": "north" },
				"west": { "uv": [ 9.75, 8.875, 9.875, 9 ], "texture": "#texture" },
				"east": { "uv": [ 7, 0.25, 6.875, 0.375 ], "texture": "#texture" }
			}
		},
		{
			"__comment": "Voxels",
			"from": [ 3, 2, 15.5 ],
			"to": [ 13, 2.5, 16 ],
			"faces": {
				"up": { "uv": [ 2.25, 7.375, 4.75, 7.25 ], "texture": "#texture" },
				"south": { "uv": [ 2.25, 7.5, 4.75, 7.625 ], "texture": "#texture", "cullface": "south" },
				"west": { "uv": [ 6.875, 0.375, 7, 0.5 ], "texture": "#texture" },
				"east": { "uv": [ 7, 0.75, 6.875, 0.875 ], "texture": "#texture" }
			}
		},
		{
			"__comment": "Voxels",
			"from": [ 3, 5.5, 1.5 ],
			"to": [ 13, 6, 2 ],
			"faces": {
				"up": { "uv": [ 2.25, 7.875, 4.75, 7.75 ], "texture": "#texture" },
				"north": { "uv": [ 4.75, 7.875, 2.25, 8 ], "texture": "#texture" },
				"west": { "uv": [ 6.875, 0.875, 7, 1 ], "texture": "#texture" },
				"east": { "uv": [ 7, 1.75, 6.875, 1.875 ], "texture": "#texture" }
			}
		},
		{
			"__comment": "Voxels",
			"from": [ 3, 5.5, 14 ],
			"to": [ 13, 6, 14.5 ],
			"faces": {
				"up": { "uv": [ 2.25, 8.375, 4.75, 8.25 ], "texture": "#texture" },
				"south": { "uv": [ 2.25, 8.5, 4.75, 8.625 ], "texture": "#texture" },
				"west": { "uv": [ 6.875, 1.875, 7, 2 ], "texture": "#texture" },
				"east": { "uv": [ 7, 2.25, 6.875, 2.375 ], "texture": "#texture" }
			}
		},
		{
			"__comment": "Voxels",
			"from": [ 3, 6.5, 2 ],
			"to": [ 13, 7, 2.5 ],
			"faces": {
				"up": { "uv": [ 2.25, 8.875, 4.75, 8.75 ], "texture": "#texture" },
				"north": { "uv": [ 4.75, 9.125, 2.25, 9.25 ], "texture": "#texture" },
				"west": { "uv": [ 6.875, 2.375, 7, 2.5 ], "texture": "#texture" },
				"east": { "uv": [ 7, 2.5, 6.875, 2.625 ], "texture": "#texture" }
			}
		},
		{
			"__comment": "Voxels",
			"from": [ 3, 6.5, 13.5 ],
			"to": [ 13, 7, 14 ],
			"faces": {
				"up": { "uv": [ 13.5, 14, 16, 13.875 ], "texture": "#texture" },
				"south": { "uv": [ 2.375, 6, 4.875, 6.125 ], "texture": "#texture" },
				"west": { "uv": [ 6.875, 2.625, 7, 2.75 ], "texture": "#texture" },
				"east": { "uv": [ 7, 3, 6.875, 3.125 ], "texture": "#texture" }
			}
		},
		{
			"__comment": "Voxels",
			"from": [ 3, 7, 2.5 ],
			"to": [ 13, 7.5, 3 ],
			"faces": {
				"up": { "uv": [ 2.375, 5.75, 4.875, 5.625 ], "texture": "#texture" },
				"north": { "uv": [ 4.875, 5.5, 2.375, 5.625 ], "texture": "#texture" },
				"south": { "uv": [ 2.375, 5.375, 4.875, 5.5 ], "texture": "#texture" },
				"west": { "uv": [ 6.875, 3.125, 7, 3.25 ], "texture": "#texture" },
				"east": { "uv": [ 7, 3.25, 6.875, 3.375 ], "texture": "#texture" }
			}
		},
		{
			"__comment": "Voxels",
			"from": [ 3, 7, 13 ],
			"to": [ 13, 7.5, 13.5 ],
			"faces": {
				"up": { "uv": [ 2.375, 5.25, 4.875, 5.125 ], "texture": "#texture" },
				"north": { "uv": [ 4.875, 5, 2.375, 5.125 ], "texture": "#texture" },
				"south": { "uv": [ 2.375, 4.875, 4.875, 5 ], "texture": "#texture" },
				"west": { "uv": [ 6.875, 3.375, 7, 3.5 ], "texture": "#texture" },
				"east": { "uv": [ 7, 3.75, 6.875, 3.875 ], "texture": "#texture" }
			}
		},
		{
			"__comment": "Voxels",
			"from": [ 3, 7.5, 3 ],
			"to": [ 13, 8.5, 3.5 ],
			"faces": {
				"down": { "uv": [ 2.375, 4.75, 4.875, 4.875 ], "texture": "#texture" },
				"up": { "uv": [ 2.375, 4.75, 4.875, 4.625 ], "texture": "#texture" },
				"north": { "uv": [ 5.5, 14.25, 3, 14.5 ], "texture": "#texture" },
				"south": { "uv": [ 12, 14.625, 14.5, 14.875 ], "texture": "#texture" },
				"west": { "uv": [ 11.25, 9, 11.375, 9.25 ], "texture": "#texture" },
				"east": { "uv": [ 11.25, 9, 11.125, 9.25 ], "texture": "#texture" }
			}
		},
		{
			"__comment": "Voxels",
			"from": [ 3, 7.5, 12.5 ],
			"to": [ 13, 8.5, 13 ],
			"faces": {
				"down": { "uv": [ 2.375, 4.375, 4.875, 4.5 ], "texture": "#texture" },
				"up": { "uv": [ 2.375, 4.375, 4.875, 4.25 ], "texture": "#texture" },
				"north": { "uv": [ 9.5, 14.625, 7, 14.875 ], "texture": "#texture" },
				"south": { "uv": [ 9.5, 14.625, 12, 14.875 ], "texture": "#texture" },
				"west": { "uv": [ 11, 9, 11.125, 9.25 ], "texture": "#texture" },
				"east": { "uv": [ 11, 9, 10.875, 9.25 ], "texture": "#texture" }
			}
		},
		{
			"__comment": "Voxels",
			"from": [ 3, 8, 3.5 ],
			"to": [ 3.5, 9, 12.5 ],
			"faces": {
				"up": { "uv": [ 2.875, 3.875, 3, 1.625 ], "texture": "#texture" },
				"north": { "uv": [ 10.875, 9, 10.75, 9.25 ], "texture": "#texture" },
				"south": { "uv": [ 10.375, 9, 10.5, 9.25 ], "texture": "#texture" },
				"west": { "uv": [ 13.75, 15.375, 16, 15.625 ], "texture": "#texture" },
				"east": { "uv": [ 5.25, 14, 3, 14.25 ], "texture": "#texture" }
			}
		},
		{
			"__comment": "Voxels",
			"from": [ 3.5, 7.5, 2.5 ],
			"to": [ 12.5, 8, 3 ],
			"faces": {
				"up": { "uv": [ 11.75, 10.5, 14, 10.375 ], "texture": "#texture" },
				"north": { "uv": [ 7.25, 10.25, 5, 10.375 ], "texture": "#texture" },
				"west": { "uv": [ 6.875, 6.375, 7, 6.5 ], "texture": "#texture" },
				"east": { "uv": [ 7, 6.75, 6.875, 6.875 ], "texture": "#texture" }
			}
		},
		{
			"__comment": "Voxels",
			"from": [ 3.5, 7.5, 13 ],
			"to": [ 12.5, 8, 13.5 ],
			"faces": {
				"up": { "uv": [ 11.75, 10.375, 14, 10.25 ], "texture": "#texture" },
				"south": { "uv": [ 5, 9.875, 7.25, 10 ], "texture": "#texture" },
				"west": { "uv": [ 6.875, 6.875, 7, 7 ], "texture": "#texture" },
				"east": { "uv": [ 7, 7, 6.875, 7.125 ], "texture": "#texture" }
			}
		},
		{
			"__comment": "Voxels",
			"from": [ 3.5, 8.5, 3 ],
			"to": [ 12.5, 9, 4 ],
			"faces": {
				"down": { "uv": [ 5.25, 14, 7.5, 14.25 ], "texture": "#texture" },
				"up": { "uv": [ 7.5, 14.25, 9.75, 14 ], "texture": "#texture" },
				"north": { "uv": [ 11.75, 10.125, 9.5, 10.25 ], "texture": "#texture" },
				"south": { "uv": [ 11.75, 10.125, 14, 10.25 ], "texture": "#texture" },
				"west": { "uv": [ 6.25, 3.375, 6.5, 3.5 ], "texture": "#texture" },
				"east": { "uv": [ 6.5, 3.5, 6.25, 3.625 ], "texture": "#texture" }
			}
		},
		{
			"__comment": "Voxels",
			"from": [ 3.5, 8.5, 4 ],
			"to": [ 4, 10, 12 ],
			"faces": {
				"down": { "uv": [ 3.625, 1.875, 3.75, 3.875 ], "texture": "#texture" },
				"up": { "uv": [ 3.75, 3.875, 3.875, 1.875 ], "texture": "#texture" },
				"north": { "uv": [ 6.75, 6.125, 6.625, 6.5 ], "texture": "#texture" },
				"south": { "uv": [ 6.75, 6.5, 6.875, 6.875 ], "texture": "#texture" },
				"west": { "uv": [ 2.25, 14.5, 4.25, 14.875 ], "texture": "#texture" },
				"east": { "uv": [ 2.25, 14.5, 0.25, 14.875 ], "texture": "#texture" }
			}
		},
		{
			"__comment": "Voxels",
			"from": [ 3.5, 8.5, 12 ],
			"to": [ 13, 9, 12.5 ],
			"faces": {
				"down": { "uv": [ 5, 10.625, 7.375, 10.75 ], "texture": "#texture" },
				"up": { "uv": [ 2.375, 4.125, 4.75, 4 ], "texture": "#texture" },
				"north": { "uv": [ 4.75, 4.125, 2.375, 4.25 ], "texture": "#texture" },
				"south": { "uv": [ 2.375, 3.875, 4.75, 4 ], "texture": "#texture" },
				"east": { "uv": [ 7, 8.25, 6.875, 8.375 ], "texture": "#texture" }
			}
		},
		{
			"__comment": "Voxels",
			"from": [ 3.5, 8.5, 12.5 ],
			"to": [ 12.5, 9, 13 ],
			"faces": {
				"up": { "uv": [ 7.25, 10.125, 9.5, 10 ], "texture": "#texture" },
				"south": { "uv": [ 7.25, 10.375, 9.5, 10.5 ], "texture": "#texture" },
				"west": { "uv": [ 6.875, 8.375, 7, 8.5 ], "texture": "#texture" },
				"east": { "uv": [ 7, 8.5, 6.875, 8.625 ], "texture": "#texture" }
			}
		},
		{
			"__comment": "Voxels",
			"from": [ 3.5, 9, 3.5 ],
			"to": [ 12.5, 9.5, 4 ],
			"faces": {
				"up": { "uv": [ 11.75, 10.625, 14, 10.5 ], "texture": "#texture" },
				"north": { "uv": [ 11.75, 10.5, 9.5, 10.625 ], "texture": "#texture" },
				"south": { "uv": [ 7.25, 10.5, 9.5, 10.625 ], "texture": "#texture" },
				"west": { "uv": [ 6.875, 8.625, 7, 8.75 ], "texture": "#texture" },
				"east": { "uv": [ 16, 9, 15.875, 9.125 ], "texture": "#texture" }
			}
		},
		{
			"__comment": "Voxels",
			"from": [ 3.5, 9, 12 ],
			"to": [ 12.5, 9.5, 12.5 ],
			"faces": {
				"up": { "uv": [ 5, 10.125, 7.25, 10 ], "texture": "#texture" },
				"north": { "uv": [ 9.625, 10.625, 7.375, 10.75 ], "texture": "#texture" },
				"south": { "uv": [ 9.5, 9.875, 11.75, 10 ], "texture": "#texture" },
				"west": { "uv": [ 15.75, 9, 15.875, 9.125 ], "texture": "#texture" },
				"east": { "uv": [ 15.5, 9, 15.375, 9.125 ], "texture": "#texture" }
			}
		},
		{
			"__comment": "Voxels",
			"from": [ 3.5, 10, 5 ],
			"to": [ 4.5, 10.5, 11 ],
			"faces": {
				"down": { "uv": [ 2, 9.875, 2.25, 11.375 ], "texture": "#texture" },
				"up": { "uv": [ 1.75, 12.875, 2, 11.375 ], "texture": "#texture" },
				"north": { "uv": [ 6.5, 4.125, 6.25, 4.25 ], "texture": "#texture" },
				"south": { "uv": [ 6.25, 4.5, 6.5, 4.625 ], "texture": "#texture" },
				"west": { "uv": [ 5, 8.625, 6.5, 8.75 ], "texture": "#texture" },
				"east": { "uv": [ 6.5, 8.5, 5, 8.625 ], "texture": "#texture" }
			}
		},
		{
			"__comment": "Voxels",
			"from": [ 4, 9.5, 3.5 ],
			"to": [ 12, 10, 4 ],
			"faces": {
				"up": { "uv": [ 11, 9.75, 13, 9.625 ], "texture": "#texture" },
				"north": { "uv": [ 9, 9.5, 7, 9.625 ], "texture": "#texture" },
				"south": { "uv": [ 14, 10.25, 16, 10.375 ], "texture": "#texture" },
				"west": { "uv": [ 15.125, 9.125, 15.25, 9.25 ], "texture": "#texture" },
				"east": { "uv": [ 14.75, 9, 14.625, 9.125 ], "texture": "#texture" }
			}
		},
		{
			"__comment": "Voxels",
			"from": [ 4, 9.5, 12 ],
			"to": [ 12, 10, 12.5 ],
			"faces": {
				"up": { "uv": [ 11, 9.875, 13, 9.75 ], "texture": "#texture" },
				"north": { "uv": [ 11, 9.625, 9, 9.75 ], "texture": "#texture" },
				"south": { "uv": [ 5, 9.5, 7, 9.625 ], "texture": "#texture" },
				"west": { "uv": [ 14.625, 9.125, 14.75, 9.25 ], "texture": "#texture" },
				"east": { "uv": [ 6.875, 0, 6.75, 0.125 ], "texture": "#texture" }
			}
		},
		{
			"__comment": "Voxels",
			"from": [ 4, 10, 4 ],
			"to": [ 12, 10.5, 4.5 ],
			"faces": {
				"down": { "uv": [ 14, 10.5, 16, 10.625 ], "texture": "#texture" },
				"up": { "uv": [ 7, 9.75, 9, 9.625 ], "texture": "#texture" },
				"north": { "uv": [ 7, 9.625, 5, 9.75 ], "texture": "#texture" },
				"south": { "uv": [ 5, 9.75, 7, 9.875 ], "texture": "#texture" },
				"west": { "uv": [ 6.625, 0, 6.75, 0.125 ], "texture": "#texture" },
				"east": { "uv": [ 16, 9.25, 15.875, 9.375 ], "texture": "#texture" }
			}
		},
		{
			"__comment": "Voxels",
			"from": [ 4, 10, 4.5 ],
			"to": [ 4.5, 11, 5 ],
			"faces": {
				"down": { "uv": [ 15.75, 9.25, 15.875, 9.375 ], "texture": "#texture" },
				"up": { "uv": [ 15.375, 9.375, 15.5, 9.25 ], "texture": "#texture" },
				"north": { "uv": [ 9.25, 9, 9.125, 9.25 ], "texture": "#texture" },
				"south": { "uv": [ 9, 9, 9.125, 9.25 ], "texture": "#texture" },
				"west": { "uv": [ 8.875, 9, 9, 9.25 ], "texture": "#texture" },
				"east": { "uv": [ 8.625, 9, 8.5, 9.25 ], "texture": "#texture" }
			}
		},
		{
			"__comment": "Voxels",
			"from": [ 4, 10, 11 ],
			"to": [ 4.5, 11, 11.5 ],
			"faces": {
				"down": { "uv": [ 14.5, 9.25, 14.625, 9.375 ], "texture": "#texture" },
				"up": { "uv": [ 6.375, 4.875, 6.5, 4.75 ], "texture": "#texture" },
				"north": { "uv": [ 7.5, 9, 7.375, 9.25 ], "texture": "#texture" },
				"south": { "uv": [ 6.75, 0.875, 6.875, 1.125 ], "texture": "#texture" },
				"west": { "uv": [ 6.625, 0.875, 6.75, 1.125 ], "texture": "#texture" },
				"east": { "uv": [ 6.875, 1.625, 6.75, 1.875 ], "texture": "#texture" }
			}
		},
		{
			"__comment": "Voxels",
			"from": [ 4, 10, 11.5 ],
			"to": [ 12, 10.5, 12 ],
			"faces": {
				"down": { "uv": [ 14, 10.125, 16, 10.25 ], "texture": "#texture" },
				"up": { "uv": [ 9, 9.875, 11, 9.75 ], "texture": "#texture" },
				"north": { "uv": [ 16, 10, 14, 10.125 ], "texture": "#texture" },
				"south": { "uv": [ 13, 9.75, 15, 9.875 ], "texture": "#texture" },
				"west": { "uv": [ 4.875, 5.25, 5, 5.375 ], "texture": "#texture" },
				"east": { "uv": [ 13.375, 8.875, 13.25, 9 ], "texture": "#texture" }
			}
		},
		{
			"__comment": "Voxels",
			"from": [ 4, 10.5, 5 ],
			"to": [ 4.5, 11.5, 11 ],
			"faces": {
				"up": { "uv": [ 5.125, 8.5, 5.25, 7 ], "texture": "#texture" },
				"north": { "uv": [ 6.75, 2.125, 6.625, 2.375 ], "texture": "#texture" },
				"south": { "uv": [ 5.625, 7, 5.75, 7.25 ], "texture": "#texture" },
				"west": { "uv": [ 0.75, 5.375, 2.25, 5.625 ], "texture": "#texture" },
				"east": { "uv": [ 2.25, 5.125, 0.75, 5.375 ], "texture": "#texture" }
			}
		},
		{
			"__comment": "Voxels",
			"from": [ 4.5, 10.5, 4 ],
			"to": [ 11.5, 11, 4.5 ],
			"faces": {
				"up": { "uv": [ 14.25, 11.625, 16, 11.5 ], "texture": "#texture" },
				"north": { "uv": [ 16, 11.25, 14.25, 11.375 ], "texture": "#texture" },
				"south": { "uv": [ 14.25, 10.875, 16, 11 ], "texture": "#texture" },
				"west": { "uv": [ 4.875, 6.25, 5, 6.375 ], "texture": "#texture" },
				"east": { "uv": [ 13, 8.875, 12.875, 9 ], "texture": "#texture" }
			}
		},
		{
			"__comment": "Voxels",
			"from": [ 4.5, 10.5, 11.5 ],
			"to": [ 11.5, 11, 12 ],
			"faces": {
				"up": { "uv": [ 3.125, 1.5, 4.875, 1.375 ], "texture": "#texture" },
				"north": { "uv": [ 16, 11, 14.25, 11.125 ], "texture": "#texture" },
				"south": { "uv": [ 14.25, 11.125, 16, 11.25 ], "texture": "#texture" },
				"west": { "uv": [ 12.5, 8.875, 12.625, 9 ], "texture": "#texture" },
				"east": { "uv": [ 12.25, 8.875, 12.125, 9 ], "texture": "#texture" }
			}
		},
		{
			"__comment": "Voxels",
			"from": [ 4.5, 11, 4.5 ],
			"to": [ 11.5, 12, 5 ],
			"faces": {
				"down": { "uv": [ 14.25, 11.375, 16, 11.5 ], "texture": "#texture" },
				"up": { "uv": [ 14.25, 11.75, 16, 11.625 ], "texture": "#texture" },
				"north": { "uv": [ 4, 13, 2.25, 13.25 ], "texture": "#texture" },
				"south": { "uv": [ 13.75, 14, 15.5, 14.25 ], "texture": "#texture" },
				"west": { "uv": [ 6.75, 2.375, 6.875, 2.625 ], "texture": "#texture" },
				"east": { "uv": [ 6.75, 2.375, 6.625, 2.625 ], "texture": "#texture" }
			}
		},
		{
			"__comment": "Voxels",
			"from": [ 4.5, 11, 5 ],
			"to": [ 5, 12.5, 11 ],
			"faces": {
				"down": { "uv": [ 5.25, 7, 5.375, 8.5 ], "texture": "#texture" },
				"up": { "uv": [ 5.375, 8.5, 5.5, 7 ], "texture": "#texture" },
				"north": { "uv": [ 6.625, 3.25, 6.5, 3.625 ], "texture": "#texture" },
				"south": { "uv": [ 6.5, 2.875, 6.625, 3.25 ], "texture": "#texture" },
				"west": { "uv": [ 0.75, 13.625, 2.25, 14 ], "texture": "#texture" },
				"east": { "uv": [ 16, 14.5, 14.5, 14.875 ], "texture": "#texture" }
			}
		},
		{
			"__comment": "Voxels",
			"from": [ 4.5, 11, 11 ],
			"to": [ 11.5, 12, 11.5 ],
			"faces": {
				"down": { "uv": [ 3.125, 1.625, 4.875, 1.75 ], "texture": "#texture" },
				"up": { "uv": [ 3.125, 1.375, 4.875, 1.25 ], "texture": "#texture" },
				"north": { "uv": [ 9.25, 13, 7.5, 13.25 ], "texture": "#texture" },
				"south": { "uv": [ 9.25, 13, 11, 13.25 ], "texture": "#texture" },
				"west": { "uv": [ 10, 9, 10.125, 9.25 ], "texture": "#texture" },
				"east": { "uv": [ 8.5, 9, 8.375, 9.25 ], "texture": "#texture" }
			}
		},
		{
			"__comment": "Voxels",
			"from": [ 5, 10, 3.5 ],
			"to": [ 11, 10.5, 4 ],
			"faces": {
				"up": { "uv": [ 5, 6.875, 6.5, 6.75 ], "texture": "#texture" },
				"north": { "uv": [ 6.5, 6.625, 5, 6.75 ], "texture": "#texture" },
				"west": { "uv": [ 9.375, 8.875, 9.5, 9 ], "texture": "#texture" },
				"east": { "uv": [ 9.375, 8.875, 9.25, 9 ], "texture": "#texture" }
			}
		},
		{
			"__comment": "Voxels",
			"from": [ 5, 10, 12 ],
			"to": [ 11, 10.5, 12.5 ],
			"faces": {
				"up": { "uv": [ 5, 6.375, 6.5, 6.25 ], "texture": "#texture" },
				"south": { "uv": [ 5, 6, 6.5, 6.125 ], "texture": "#texture" },
				"west": { "uv": [ 9.875, 8.875, 10, 9 ], "texture": "#texture" },
				"east": { "uv": [ 10.125, 8.875, 10, 9 ], "texture": "#texture" }
			}
		},
		{
			"__comment": "Voxels",
			"from": [ 5, 11, 4 ],
			"to": [ 11, 11.5, 4.5 ],
			"faces": {
				"up": { "uv": [ 5, 5.875, 6.5, 5.75 ], "texture": "#texture" },
				"north": { "uv": [ 6.5, 5.625, 5, 5.75 ], "texture": "#texture" },
				"west": { "uv": [ 14.75, 9.125, 14.875, 9.25 ], "texture": "#texture" },
				"east": { "uv": [ 14.875, 9, 14.75, 9.125 ], "texture": "#texture" }
			}
		},
		{
			"__comment": "Voxels",
			"from": [ 5, 11, 11.5 ],
			"to": [ 11, 11.5, 12 ],
			"faces": {
				"up": { "uv": [ 0.75, 0.5, 2.25, 0.375 ], "texture": "#texture" },
				"south": { "uv": [ 0.75, 0.125, 2.25, 0.25 ], "texture": "#texture" },
				"west": { "uv": [ 15, 9.125, 15.125, 9.25 ], "texture": "#texture" },
				"east": { "uv": [ 15.125, 9, 15, 9.125 ], "texture": "#texture" }
			}
		},
		{
			"__comment": "Voxels",
			"from": [ 5, 12, 4.5 ],
			"to": [ 11, 12.5, 5.5 ],
			"faces": {
				"down": { "uv": [ 0.75, 5.625, 2.25, 5.875 ], "texture": "#texture" },
				"up": { "uv": [ 0.75, 6.125, 2.25, 5.875 ], "texture": "#texture" },
				"north": { "uv": [ 2.25, 0, 0.75, 0.125 ], "texture": "#texture" },
				"south": { "uv": [ 14.5, 13.125, 16, 13.25 ], "texture": "#texture" },
				"west": { "uv": [ 6.25, 3.625, 6.5, 3.75 ], "texture": "#texture" },
				"east": { "uv": [ 6.5, 3.25, 6.25, 3.375 ], "texture": "#texture" }
			}
		},
		{
			"__comment": "Voxels",
			"from": [ 5, 12, 5.5 ],
			"to": [ 5.5, 13.5, 10.5 ],
			"faces": {
				"down": { "uv": [ 2.5, 0.125, 2.625, 1.375 ], "texture": "#texture" },
				"up": { "uv": [ 2.625, 1.375, 2.75, 0.125 ], "texture": "#texture" },
				"north": { "uv": [ 6.75, 6.875, 6.625, 7.25 ], "texture": "#texture" },
				"south": { "uv": [ 6.75, 7.25, 6.875, 7.625 ], "texture": "#texture" },
				"west": { "uv": [ 1, 12.875, 2.25, 13.25 ], "texture": "#texture" },
				"east": { "uv": [ 2.25, 13.25, 1, 13.625 ], "texture": "#texture" }
			}
		},
		{
			"__comment": "Voxels",
			"from": [ 5, 12, 10.5 ],
			"to": [ 11.5, 12.5, 11 ],
			"faces": {
				"down": { "uv": [ 3.125, 1, 4.75, 1.125 ], "texture": "#texture" },
				"up": { "uv": [ 3.125, 1, 4.75, 0.875 ], "texture": "#texture" },
				"north": { "uv": [ 4.75, 0.625, 3.125, 0.75 ], "texture": "#texture" },
				"south": { "uv": [ 3.125, 0.75, 4.75, 0.875 ], "texture": "#texture" },
				"east": { "uv": [ 13, 9.25, 12.875, 9.375 ], "texture": "#texture" }
			}
		},
		{
			"__comment": "Voxels",
			"from": [ 5, 12, 11 ],
			"to": [ 11, 12.5, 11.5 ],
			"faces": {
				"up": { "uv": [ 3.125, 0.625, 4.625, 0.5 ], "texture": "#texture" },
				"south": { "uv": [ 3.125, 0.25, 4.625, 0.375 ], "texture": "#texture" },
				"west": { "uv": [ 9, 8.875, 9.125, 9 ], "texture": "#texture" },
				"east": { "uv": [ 9.25, 8.875, 9.125, 9 ], "texture": "#texture" }
			}
		},
		{
			"__comment": "Voxels",
			"from": [ 5, 12.5, 5 ],
			"to": [ 11, 13, 5.5 ],
			"faces": {
				"up": { "uv": [ 3.125, 0.125, 4.625, 0 ], "texture": "#texture" },
				"north": { "uv": [ 15.625, 10.625, 14.125, 10.75 ], "texture": "#texture" },
				"south": { "uv": [ 11, 9.5, 12.5, 9.625 ], "texture": "#texture" },
				"west": { "uv": [ 10.125, 8.875, 10.25, 9 ], "texture": "#texture" },
				"east": { "uv": [ 10.375, 8.875, 10.25, 9 ], "texture": "#texture" }
			}
		},
		{
			"__comment": "Voxels",
			"from": [ 5, 12.5, 10.5 ],
			"to": [ 11, 13, 11 ],
			"faces": {
				"up": { "uv": [ 14, 9.625, 15.5, 9.5 ], "texture": "#texture" },
				"north": { "uv": [ 6.5, 9.375, 5, 9.5 ], "texture": "#texture" },
				"south": { "uv": [ 5, 9.25, 6.5, 9.375 ], "texture": "#texture" },
				"west": { "uv": [ 10.625, 8.875, 10.75, 9 ], "texture": "#texture" },
				"east": { "uv": [ 11.125, 8.875, 11, 9 ], "texture": "#texture" }
			}
		},
		{
			"__comment": "Voxels",
			"from": [ 5.5, 13, 5 ],
			"to": [ 10.5, 13.5, 6 ],
			"faces": {
				"down": { "uv": [ 0.75, 1.125, 2, 1.375 ], "texture": "#texture" },
				"up": { "uv": [ 0.75, 1.625, 2, 1.375 ], "texture": "#texture" },
				"north": { "uv": [ 6.25, 3.625, 5, 3.75 ], "texture": "#texture" },
				"south": { "uv": [ 5, 3.25, 6.25, 3.375 ], "texture": "#texture" },
				"west": { "uv": [ 6.25, 3.125, 6.5, 3.25 ], "texture": "#texture" },
				"east": { "uv": [ 6.5, 3, 6.25, 3.125 ], "texture": "#texture" }
			}
		},
		{
			"__comment": "Voxels",
			"from": [ 5.5, 13, 6 ],
			"to": [ 6, 14.5, 10 ],
			"faces": {
				"down": { "uv": [ 5.5, 7.25, 5.625, 8.25 ], "texture": "#texture" },
				"up": { "uv": [ 5.875, 8.25, 6, 7.25 ], "texture": "#texture" },
				"north": { "uv": [ 6.875, 5.75, 6.75, 6.125 ], "texture": "#texture" },
				"south": { "uv": [ 6.75, 5, 6.875, 5.375 ], "texture": "#texture" },
				"west": { "uv": [ 0.75, 4.375, 1.75, 4.75 ], "texture": "#texture" },
				"east": { "uv": [ 1.75, 4.75, 0.75, 5.125 ], "texture": "#texture" }
			}
		},
		{
			"__comment": "Voxels",
			"from": [ 5.5, 13, 10 ],
			"to": [ 11, 13.5, 10.5 ],
			"faces": {
				"down": { "uv": [ 5, 5, 6.375, 5.125 ], "texture": "#texture" },
				"up": { "uv": [ 5, 5.5, 6.375, 5.375 ], "texture": "#texture" },
				"north": { "uv": [ 6.375, 4.75, 5, 4.875 ], "texture": "#texture" },
				"south": { "uv": [ 5, 4.875, 6.375, 5 ], "texture": "#texture" },
				"east": { "uv": [ 5, 6, 4.875, 6.125 ], "texture": "#texture" }
			}
		},
		{
			"__comment": "Voxels",
			"from": [ 5.5, 13, 10.5 ],
			"to": [ 10.5, 13.5, 11 ],
			"faces": {
				"up": { "uv": [ 5, 4.625, 6.25, 4.5 ], "texture": "#texture" },
				"south": { "uv": [ 5, 3.875, 6.25, 4 ], "texture": "#texture" },
				"west": { "uv": [ 4.875, 5.875, 5, 6 ], "texture": "#texture" },
				"east": { "uv": [ 5, 5.75, 4.875, 5.875 ], "texture": "#texture" }
			}
		},
		{
			"__comment": "Voxels",
			"from": [ 5.5, 13.5, 5.5 ],
			"to": [ 10.5, 14, 6 ],
			"faces": {
				"up": { "uv": [ 5, 4.25, 6.25, 4.125 ], "texture": "#texture" },
				"north": { "uv": [ 6.25, 2.875, 5, 3 ], "texture": "#texture" },
				"south": { "uv": [ 5, 3, 6.25, 3.125 ], "texture": "#texture" },
				"west": { "uv": [ 4.875, 5.625, 5, 5.75 ], "texture": "#texture" },
				"east": { "uv": [ 5, 5.5, 4.875, 5.625 ], "texture": "#texture" }
			}
		},
		{
			"__comment": "Voxels",
			"from": [ 5.5, 13.5, 10 ],
			"to": [ 10.5, 14, 10.5 ],
			"faces": {
				"up": { "uv": [ 5, 4.5, 6.25, 4.375 ], "texture": "#texture" },
				"north": { "uv": [ 6.25, 4.25, 5, 4.375 ], "texture": "#texture" },
				"south": { "uv": [ 5, 3.5, 6.25, 3.625 ], "texture": "#texture" },
				"west": { "uv": [ 4.875, 5.375, 5, 5.5 ], "texture": "#texture" },
				"east": { "uv": [ 5, 5.125, 4.875, 5.25 ], "texture": "#texture" }
			}
		},
		{
			"__comment": "Voxels",
			"from": [ 5.5, 14.5, 7 ],
			"to": [ 6.5, 15, 9 ],
			"faces": {
				"down": { "uv": [ 1.75, 1.625, 2, 2.125 ], "texture": "#texture" },
				"up": { "uv": [ 4.25, 2.375, 4.5, 1.875 ], "texture": "#texture" },
				"north": { "uv": [ 6.5, 2.875, 6.25, 3 ], "texture": "#texture" },
				"south": { "uv": [ 15.75, 9.375, 16, 9.5 ], "texture": "#texture" },
				"west": { "uv": [ 6, 1.75, 6.5, 1.875 ], "texture": "#texture" },
				"east": { "uv": [ 6.5, 1.625, 6, 1.75 ], "texture": "#texture" }
			}
		},
		{
			"__comment": "Voxels",
			"from": [ 6, 14, 5.5 ],
			"to": [ 10, 14.5, 6 ],
			"faces": {
				"up": { "uv": [ 5, 1.75, 6, 1.625 ], "texture": "#texture" },
				"north": { "uv": [ 6, 1.125, 5, 1.25 ], "texture": "#texture" },
				"south": { "uv": [ 5, 2.5, 6, 2.625 ], "texture": "#texture" },
				"west": { "uv": [ 4.875, 5, 5, 5.125 ], "texture": "#texture" },
				"east": { "uv": [ 5, 4.875, 4.875, 5 ], "texture": "#texture" }
			}
		},
		{
			"__comment": "Voxels",
			"from": [ 6, 14, 10 ],
			"to": [ 10, 14.5, 10.5 ],
			"faces": {
				"up": { "uv": [ 5, 2.375, 6, 2.25 ], "texture": "#texture" },
				"north": { "uv": [ 6, 2.125, 5, 2.25 ], "texture": "#texture" },
				"south": { "uv": [ 5, 2, 6, 2.125 ], "texture": "#texture" },
				"west": { "uv": [ 4.875, 4.5, 5, 4.625 ], "texture": "#texture" },
				"east": { "uv": [ 5, 4.375, 4.875, 4.5 ], "texture": "#texture" }
			}
		},
		{
			"__comment": "Voxels",
			"from": [ 6, 14.5, 6 ],
			"to": [ 10, 15, 6.5 ],
			"faces": {
				"down": { "uv": [ 15, 9.75, 16, 9.875 ], "texture": "#texture" },
				"up": { "uv": [ 15, 9.75, 16, 9.625 ], "texture": "#texture" },
				"north": { "uv": [ 6.5, 8.375, 5.5, 8.5 ], "texture": "#texture" },
				"south": { "uv": [ 5.5, 8.25, 6.5, 8.375 ], "texture": "#texture" },
				"west": { "uv": [ 4.875, 4.25, 5, 4.375 ], "texture": "#texture" },
				"east": { "uv": [ 2.625, 0, 2.5, 0.125 ], "texture": "#texture" }
			}
		},
		{
			"__comment": "Voxels",
			"from": [ 6, 14.5, 6.5 ],
			"to": [ 6.5, 15.5, 7 ],
			"faces": {
				"down": { "uv": [ 2.625, 0, 2.75, 0.125 ], "texture": "#texture" },
				"up": { "uv": [ 2.875, 0.125, 3, 0 ], "texture": "#texture" },
				"north": { "uv": [ 1.375, 6.125, 1.25, 6.375 ], "texture": "#texture" },
				"south": { "uv": [ 1.375, 6.125, 1.5, 6.375 ], "texture": "#texture" },
				"west": { "uv": [ 1, 1.625, 1.125, 1.875 ], "texture": "#texture" },
				"east": { "uv": [ 1.25, 1.625, 1.125, 1.875 ], "texture": "#texture" }
			}
		},
		{
			"__comment": "Voxels",
			"from": [ 6, 14.5, 9 ],
			"to": [ 6.5, 15.5, 9.5 ],
			"faces": {
				"down": { "uv": [ 3, 0, 3.125, 0.125 ], "texture": "#texture" },
				"up": { "uv": [ 3.375, 1.875, 3.5, 1.75 ], "texture": "#texture" },
				"north": { "uv": [ 5, 3.625, 4.875, 3.875 ], "texture": "#texture" },
				"south": { "uv": [ 4.875, 3.375, 5, 3.625 ], "texture": "#texture" },
				"west": { "uv": [ 4.875, 3.125, 5, 3.375 ], "texture": "#texture" },
				"east": { "uv": [ 5, 2.875, 4.875, 3.125 ], "texture": "#texture" }
			}
		},
		{
			"__comment": "Voxels",
			"from": [ 6, 14.5, 9.5 ],
			"to": [ 10, 15, 10 ],
			"faces": {
				"down": { "uv": [ 5, 1.5, 6, 1.625 ], "texture": "#texture" },
				"up": { "uv": [ 5, 2, 6, 1.875 ], "texture": "#texture" },
				"north": { "uv": [ 6, 1.75, 5, 1.875 ], "texture": "#texture" },
				"south": { "uv": [ 5, 1.25, 6, 1.375 ], "texture": "#texture" },
				"west": { "uv": [ 3.75, 1.75, 3.875, 1.875 ], "texture": "#texture" },
				"east": { "uv": [ 5, 1.625, 4.875, 1.75 ], "texture": "#texture" }
			}
		},
		{
			"__comment": "Voxels",
			"from": [ 6, 15, 7 ],
			"to": [ 6.5, 16, 9 ],
			"faces": {
				"up": { "uv": [ 6.5, 4.875, 6.625, 4.375 ], "texture": "#texture", "cullface": "up" },
				"north": { "uv": [ 6.75, 2.875, 6.625, 3.125 ], "texture": "#texture" },
				"south": { "uv": [ 6.75, 2.875, 6.875, 3.125 ], "texture": "#texture" },
				"west": { "uv": [ 15.5, 14.25, 16, 14.5 ], "texture": "#texture" },
				"east": { "uv": [ 16, 14.875, 15.5, 15.125 ], "texture": "#texture" }
			}
		},
		{
			"__comment": "Voxels",
			"from": [ 6.5, 15, 6 ],
			"to": [ 9.5, 15.5, 6.5 ],
			"faces": {
				"up": { "uv": [ 5, 0.75, 5.75, 0.625 ], "texture": "#texture" },
				"north": { "uv": [ 5.75, 0.5, 5, 0.625 ], "texture": "#texture" },
				"south": { "uv": [ 5, 0.375, 5.75, 0.5 ], "texture": "#texture" },
				"west": { "uv": [ 4.875, 1.5, 5, 1.625 ], "texture": "#texture" },
				"east": { "uv": [ 5, 1.375, 4.875, 1.5 ], "texture": "#texture" }
			}
		},
		{
			"__comment": "Voxels",
			"from": [ 6.5, 15, 9.5 ],
			"to": [ 9.5, 15.5, 10 ],
			"faces": {
				"up": { "uv": [ 15.25, 12.25, 16, 12.125 ], "texture": "#texture" },
				"north": { "uv": [ 16, 11.875, 15.25, 12 ], "texture": "#texture" },
				"south": { "uv": [ 5, 0.75, 5.75, 0.875 ], "texture": "#texture" },
				"west": { "uv": [ 4.875, 1.25, 5, 1.375 ], "texture": "#texture" },
				"east": { "uv": [ 5, 1.125, 4.875, 1.25 ], "texture": "#texture" }
			}
		},
		{
			"__comment": "Voxels",
			"from": [ 6.5, 15.5, 6.5 ],
			"to": [ 9.5, 16.5, 7 ],
			"faces": {
				"down": { "uv": [ 6.5, 9.375, 7.25, 9.5 ], "texture": "#texture", "cullface": "up" },
				"up": { "uv": [ 5.75, 0.875, 6.5, 0.75 ], "texture": "#texture", "cullface": "up" },
				"north": { "uv": [ 2.25, 6.5, 1.5, 6.75 ], "texture": "#texture", "cullface": "up" },
				"south": { "uv": [ 1.5, 6.25, 2.25, 6.5 ], "texture": "#texture", "cullface": "up" },
				"west": { "uv": [ 8.125, 9, 8.25, 9.25 ], "texture": "#texture", "cullface": "up" },
				"east": { "uv": [ 8.375, 9, 8.25, 9.25 ], "texture": "#texture", "cullface": "up" }
			}
		},
		{
			"__comment": "Voxels",
			"from": [ 6.5, 15.5, 7 ],
			"to": [ 7, 17, 9 ],
			"faces": {
				"down": { "uv": [ 6.5, 8.375, 6.625, 8.875 ], "texture": "#texture", "cullface": "up" },
				"up": { "uv": [ 6.5, 9.375, 6.625, 8.875 ], "texture": "#texture", "cullface": "up" },
				"north": { "uv": [ 6.625, 1.375, 6.5, 1.75 ], "texture": "#texture", "cullface": "up" },
				"south": { "uv": [ 6.625, 4.625, 6.75, 5 ], "texture": "#texture", "cullface": "up" },
				"west": { "uv": [ 1.75, 4.75, 2.25, 5.125 ], "texture": "#texture", "cullface": "up" },
				"east": { "uv": [ 2.25, 4.375, 1.75, 4.75 ], "texture": "#texture", "cullface": "up" }
			}
		},
		{
			"__comment": "Voxels",
			"from": [ 6.5, 15.5, 9 ],
			"to": [ 9.5, 16.5, 9.5 ],
			"faces": {
				"down": { "uv": [ 1.5, 6.125, 2.25, 6.25 ], "texture": "#texture", "cullface": "up" },
				"up": { "uv": [ 15.25, 12.5, 16, 12.375 ], "texture": "#texture", "cullface": "up" },
				"north": { "uv": [ 4.875, 3.625, 4.125, 3.875 ], "texture": "#texture", "cullface": "up" },
				"south": { "uv": [ 4.125, 3.375, 4.875, 3.625 ], "texture": "#texture", "cullface": "up" },
				"west": { "uv": [ 10.5, 9, 10.625, 9.25 ], "texture": "#texture", "cullface": "up" },
				"east": { "uv": [ 10.75, 9, 10.625, 9.25 ], "texture": "#texture", "cullface": "up" }
			}
		},
		{
			"__comment": "Voxels",
			"from": [ 7, 14.5, 5.5 ],
			"to": [ 9, 15, 6 ],
			"faces": {
				"up": { "uv": [ 6, 2.625, 6.5, 2.5 ], "texture": "#texture" },
				"north": { "uv": [ 6.5, 2.125, 6, 2.25 ], "texture": "#texture" },
				"west": { "uv": [ 6.375, 5.125, 6.5, 5.25 ], "texture": "#texture" },
				"east": { "uv": [ 6.5, 5, 6.375, 5.125 ], "texture": "#texture" }
			}
		},
		{
			"__comment": "Voxels",
			"from": [ 7, 14.5, 10 ],
			"to": [ 9, 15, 10.5 ],
			"faces": {
				"up": { "uv": [ 6, 1.625, 6.5, 1.5 ], "texture": "#texture" },
				"south": { "uv": [ 6, 0.875, 6.5, 1 ], "texture": "#texture" },
				"west": { "uv": [ 6.375, 4.875, 6.5, 5 ], "texture": "#texture" },
				"east": { "uv": [ 12.625, 9.25, 12.5, 9.375 ], "texture": "#texture" }
			}
		},
		{
			"__comment": "Voxels",
			"from": [ 7, 15.5, 6 ],
			"to": [ 9, 16, 6.5 ],
			"faces": {
				"up": { "uv": [ 15.5, 9.625, 16, 9.5 ], "texture": "#texture", "cullface": "up" },
				"north": { "uv": [ 6.5, 2.375, 6, 2.5 ], "texture": "#texture" },
				"west": { "uv": [ 12.625, 9.25, 12.75, 9.375 ], "texture": "#texture" },
				"east": { "uv": [ 13.375, 9.25, 13.25, 9.375 ], "texture": "#texture" }
			}
		},
		{
			"__comment": "Voxels",
			"from": [ 7, 15.5, 9.5 ],
			"to": [ 9, 16, 10 ],
			"faces": {
				"up": { "uv": [ 6, 0.375, 6.5, 0.25 ], "texture": "#texture", "cullface": "up" },
				"south": { "uv": [ 6, 1.875, 6.5, 2 ], "texture": "#texture" },
				"west": { "uv": [ 13.375, 9.25, 13.5, 9.375 ], "texture": "#texture" },
				"east": { "uv": [ 13.625, 9.25, 13.5, 9.375 ], "texture": "#texture" }
			}
		},
		{
			"__comment": "Voxels",
			"from": [ 7, 16.5, 6.5 ],
			"to": [ 9, 17, 7.5 ],
			"faces": {
				"down": { "uv": [ 15.5, 14, 16, 14.25 ], "texture": "#texture", "cullface": "up" },
				"up": { "uv": [ 1.75, 1.125, 2.25, 0.875 ], "texture": "#texture", "cullface": "up" },
				"north": { "uv": [ 2.25, 0.75, 1.75, 0.875 ], "texture": "#texture", "cullface": "up" },
				"south": { "uv": [ 1.75, 0.625, 2.25, 0.75 ], "texture": "#texture", "cullface": "up" },
				"west": { "uv": [ 4.75, 8.75, 5, 8.875 ], "texture": "#texture", "cullface": "up" },
				"east": { "uv": [ 5, 8.625, 4.75, 8.75 ], "texture": "#texture", "cullface": "up" }
			}
		},
		{
			"__comment": "Voxels",
			"from": [ 7, 16.5, 7.5 ],
			"to": [ 7.5, 18, 8.5 ],
			"faces": {
				"down": { "uv": [ 6.625, 1.125, 6.75, 1.375 ], "texture": "#texture", "cullface": "up" },
				"up": { "uv": [ 6.75, 1.375, 6.875, 1.125 ], "texture": "#texture", "cullface": "up" },
				"north": { "uv": [ 6.625, 0.625, 6.5, 1 ], "texture": "#texture", "cullface": "up" },
				"south": { "uv": [ 6.5, 2.5, 6.625, 2.875 ], "texture": "#texture", "cullface": "up" },
				"west": { "uv": [ 6.25, 7.5, 6.5, 7.875 ], "texture": "#texture", "cullface": "up" },
				"east": { "uv": [ 4.875, 0, 4.625, 0.375 ], "texture": "#texture", "cullface": "up" }
			}
		},
		{
			"__comment": "Voxels",
			"from": [ 7, 16.5, 8.5 ],
			"to": [ 9.5, 17, 9 ],
			"faces": {
				"down": { "uv": [ 9.125, 9.375, 9.75, 9.5 ], "texture": "#texture", "cullface": "up" },
				"up": { "uv": [ 7.25, 9.5, 7.875, 9.375 ], "texture": "#texture", "cullface": "up" },
				"north": { "uv": [ 8.5, 9.375, 7.875, 9.5 ], "texture": "#texture", "cullface": "up" },
				"south": { "uv": [ 8.5, 9.375, 9.125, 9.5 ], "texture": "#texture", "cullface": "up" },
				"east": { "uv": [ 15.25, 9.25, 15.125, 9.375 ], "texture": "#texture", "cullface": "up" }
			}
		},
		{
			"__comment": "Voxels",
			"from": [ 7, 16.5, 9 ],
			"to": [ 9, 17, 9.5 ],
			"faces": {
				"up": { "uv": [ 6, 0.125, 6.5, 0 ], "texture": "#texture", "cullface": "up" },
				"south": { "uv": [ 10.25, 9.375, 10.75, 9.5 ], "texture": "#texture", "cullface": "up" },
				"west": { "uv": [ 14.5, 9, 14.625, 9.125 ], "texture": "#texture", "cullface": "up" },
				"east": { "uv": [ 15.25, 9, 15.125, 9.125 ], "texture": "#texture", "cullface": "up" }
			}
		},
		{
			"__comment": "Voxels",
			"from": [ 7, 17, 7 ],
			"to": [ 9, 17.5, 7.5 ],
			"faces": {
				"up": { "uv": [ 11.25, 9.5, 11.75, 9.375 ], "texture": "#texture", "cullface": "up" },
				"north": { "uv": [ 12.25, 9.375, 11.75, 9.5 ], "texture": "#texture", "cullface": "up" },
				"south": { "uv": [ 12.25, 9.375, 12.75, 9.5 ], "texture": "#texture", "cullface": "up" },
				"west": { "uv": [ 15.625, 9, 15.75, 9.125 ], "texture": "#texture", "cullface": "up" },
				"east": { "uv": [ 15.875, 9.125, 15.75, 9.25 ], "texture": "#texture", "cullface": "up" }
			}
		},
		{
			"__comment": "Voxels",
			"from": [ 7, 17, 8.5 ],
			"to": [ 9, 17.5, 9 ],
			"faces": {
				"up": { "uv": [ 13.25, 9.5, 13.75, 9.375 ], "texture": "#texture", "cullface": "up" },
				"north": { "uv": [ 14.25, 9.375, 13.75, 9.5 ], "texture": "#texture", "cullface": "up" },
				"south": { "uv": [ 14.25, 9.375, 14.75, 9.5 ], "texture": "#texture", "cullface": "up" },
				"west": { "uv": [ 6.875, 7.75, 7, 7.875 ], "texture": "#texture", "cullface": "up" },
				"east": { "uv": [ 7, 7.625, 6.875, 7.75 ], "texture": "#texture", "cullface": "up" }
			}
		},
		{
			"__comment": "Voxels",
			"from": [ 7.5, 17.5, 7 ],
			"to": [ 8.5, 18, 9 ],
			"faces": {
				"down": { "uv": [ 4.5, 2.375, 4.75, 2.875 ], "texture": "#texture", "cullface": "up" },
				"up": { "uv": [ 4.75, 2.875, 5, 2.375 ], "texture": "#texture", "cullface": "up" },
				"north": { "uv": [ 5, 8.5, 4.75, 8.625 ], "texture": "#texture", "cullface": "up" },
				"south": { "uv": [ 4.75, 8.375, 5, 8.5 ], "texture": "#texture", "cullface": "up" },
				"west": { "uv": [ 6.625, 9.25, 7.125, 9.375 ], "texture": "#texture", "cullface": "up" },
				"east": { "uv": [ 7.625, 9.25, 7.125, 9.375 ], "texture": "#texture", "cullface": "up" }
			}
		},
		{
			"__comment": "Voxels",
			"from": [ 7.5, 18, 7.5 ],
			"to": [ 8.5, 18.5, 8.5 ],
			"faces": {
				"up": { "uv": [ 15.625, 12.75, 15.875, 12.5 ], "texture": "#texture", "cullface": "up" },
				"north": { "uv": [ 5, 8, 4.75, 8.125 ], "texture": "#texture", "cullface": "up" },
				"south": { "uv": [ 4.75, 7.875, 5, 8 ], "texture": "#texture", "cullface": "up" },
				"west": { "uv": [ 4.75, 7.75, 5, 7.875 ], "texture": "#texture", "cullface": "up" },
				"east": { "uv": [ 5, 7.625, 4.75, 7.75 ], "texture": "#texture", "cullface": "up" }
			}
		},
		{
			"__comment": "Voxels",
			"from": [ 8.5, 16.5, 7.5 ],
			"to": [ 9.5, 17, 8.5 ],
			"faces": {
				"down": { "uv": [ 4.75, 3.875, 5, 4.125 ], "texture": "#texture", "cullface": "up" },
				"up": { "uv": [ 6.625, 9.25, 6.875, 9 ], "texture": "#texture", "cullface": "up" },
				"north": { "uv": [ 5, 7.375, 4.75, 7.5 ], "texture": "#texture", "cullface": "up" },
				"west": { "uv": [ 4.75, 7.125, 5, 7.25 ], "texture": "#texture", "cullface": "up" },
				"east": { "uv": [ 6.5, 4, 6.25, 4.125 ], "texture": "#texture", "cullface": "up" }
			}
		},
		{
			"__comment": "Voxels",
			"from": [ 8.5, 17, 7.5 ],
			"to": [ 9, 18, 8.5 ],
			"faces": {
				"up": { "uv": [ 5.875, 7.25, 6, 7 ], "texture": "#texture", "cullface": "up" },
				"north": { "uv": [ 6.625, 0, 6.5, 0.25 ], "texture": "#texture", "cullface": "up" },
				"south": { "uv": [ 6.625, 4.375, 6.75, 4.625 ], "texture": "#texture", "cullface": "up" },
				"west": { "uv": [ 2, 1.375, 2.25, 1.625 ], "texture": "#texture", "cullface": "up" },
				"east": { "uv": [ 6.875, 8.75, 6.625, 9 ], "texture": "#texture", "cullface": "up" }
			}
		},
		{
			"__comment": "Voxels",
			"from": [ 9, 15.5, 7 ],
			"to": [ 10, 16, 9 ],
			"faces": {
				"down": { "uv": [ 4.25, 2.375, 4.5, 2.875 ], "texture": "#texture" },
				"up": { "uv": [ 2, 2.125, 2.25, 1.625 ], "texture": "#texture", "cullface": "up" },
				"north": { "uv": [ 5, 7, 4.75, 7.125 ], "texture": "#texture" },
				"south": { "uv": [ 4.75, 6.875, 5, 7 ], "texture": "#texture" },
				"west": { "uv": [ 7.625, 9.25, 8.125, 9.375 ], "texture": "#texture" },
				"east": { "uv": [ 8.625, 9.25, 8.125, 9.375 ], "texture": "#texture" }
			}
		},
		{
			"__comment": "Voxels",
			"from": [ 9, 16, 7 ],
			"to": [ 9.5, 17, 7.5 ],
			"faces": {
				"up": { "uv": [ 8.625, 9, 8.75, 8.875 ], "texture": "#texture", "cullface": "up" },
				"north": { "uv": [ 6.875, 3.625, 6.75, 3.875 ], "texture": "#texture", "cullface": "up" },
				"south": { "uv": [ 6.625, 3.375, 6.75, 3.625 ], "texture": "#texture", "cullface": "up" },
				"west": { "uv": [ 6.75, 3.375, 6.875, 3.625 ], "texture": "#texture", "cullface": "up" },
				"east": { "uv": [ 6.75, 3.125, 6.625, 3.375 ], "texture": "#texture", "cullface": "up" }
			}
		},
		{
			"__comment": "Voxels",
			"from": [ 9, 16, 7.5 ],
			"to": [ 9.5, 16.5, 9 ],
			"faces": {
				"up": { "uv": [ 6.75, 8.75, 6.875, 8.375 ], "texture": "#texture", "cullface": "up" },
				"west": { "uv": [ 4.625, 0.5, 5, 0.625 ], "texture": "#texture", "cullface": "up" },
				"east": { "uv": [ 5, 0.375, 4.625, 0.5 ], "texture": "#texture", "cullface": "up" }
			}
		},
		{
			"__comment": "Voxels",
			"from": [ 9.5, 14.5, 6.5 ],
			"to": [ 10, 15.5, 9.5 ],
			"faces": {
				"down": { "uv": [ 5.75, 0, 5.875, 0.75 ], "texture": "#texture" },
				"up": { "uv": [ 5.875, 0.75, 6, 0 ], "texture": "#texture" },
				"north": { "uv": [ 6.75, 2.625, 6.625, 2.875 ], "texture": "#texture" },
				"south": { "uv": [ 6.75, 2.625, 6.875, 2.875 ], "texture": "#texture" },
				"west": { "uv": [ 4.125, 3.125, 4.875, 3.375 ], "texture": "#texture" },
				"east": { "uv": [ 4.875, 2.875, 4.125, 3.125 ], "texture": "#texture" }
			}
		},
		{
			"__comment": "Voxels",
			"from": [ 10, 13, 6 ],
			"to": [ 11, 13.5, 10 ],
			"faces": {
				"down": { "uv": [ 2, 2.125, 2.25, 3.125 ], "texture": "#texture" },
				"up": { "uv": [ 1.75, 3.125, 2, 2.125 ], "texture": "#texture" },
				"north": { "uv": [ 5, 6.375, 4.75, 6.5 ], "texture": "#texture" },
				"west": { "uv": [ 5, 0.875, 6, 1 ], "texture": "#texture" },
				"east": { "uv": [ 6, 1, 5, 1.125 ], "texture": "#texture" }
			}
		},
		{
			"__comment": "Voxels",
			"from": [ 10, 13.5, 6 ],
			"to": [ 10.5, 14.5, 10 ],
			"faces": {
				"up": { "uv": [ 5.625, 8.25, 5.75, 7.25 ], "texture": "#texture" },
				"north": { "uv": [ 6.875, 1.875, 6.75, 2.125 ], "texture": "#texture" },
				"south": { "uv": [ 6.625, 1.625, 6.75, 1.875 ], "texture": "#texture" },
				"west": { "uv": [ 0.75, 0.625, 1.75, 0.875 ], "texture": "#texture" },
				"east": { "uv": [ 1.75, 0.875, 0.75, 1.125 ], "texture": "#texture" }
			}
		},
		{
			"__comment": "Voxels",
			"from": [ 10, 14.5, 7 ],
			"to": [ 10.5, 15, 9 ],
			"faces": {
				"up": { "uv": [ 6.5, 5.875, 6.625, 5.375 ], "texture": "#texture" },
				"north": { "uv": [ 5, 4.75, 4.875, 4.875 ], "texture": "#texture" },
				"south": { "uv": [ 4.875, 4.625, 5, 4.75 ], "texture": "#texture" },
				"east": { "uv": [ 6.5, 1.125, 6, 1.25 ], "texture": "#texture" }
			}
		},
		{
			"__comment": "Voxels",
			"from": [ 10.5, 12, 5.5 ],
			"to": [ 11.5, 12.5, 10.5 ],
			"faces": {
				"down": { "uv": [ 1.75, 3.125, 2, 4.375 ], "texture": "#texture" },
				"up": { "uv": [ 2, 4.375, 2.25, 3.125 ], "texture": "#texture" },
				"north": { "uv": [ 5, 0.875, 4.75, 1 ], "texture": "#texture" },
				"west": { "uv": [ 5, 4.625, 6.25, 4.75 ], "texture": "#texture" },
				"east": { "uv": [ 16, 11.75, 14.75, 11.875 ], "texture": "#texture" }
			}
		},
		{
			"__comment": "Voxels",
			"from": [ 10.5, 12.5, 5.5 ],
			"to": [ 11, 13.5, 6 ],
			"faces": {
				"up": { "uv": [ 3.625, 1.875, 3.75, 1.75 ], "texture": "#texture" },
				"north": { "uv": [ 6.75, 0.375, 6.625, 0.625 ], "texture": "#texture" },
				"south": { "uv": [ 6.75, 0.375, 6.875, 0.625 ], "texture": "#texture" },
				"west": { "uv": [ 6.625, 0.125, 6.75, 0.375 ], "texture": "#texture" },
				"east": { "uv": [ 6.875, 0.125, 6.75, 0.375 ], "texture": "#texture" }
			}
		},
		{
			"__comment": "Voxels",
			"from": [ 10.5, 12.5, 6 ],
			"to": [ 11, 13, 10.5 ],
			"faces": {
				"up": { "uv": [ 2.75, 1.375, 2.875, 0.25 ], "texture": "#texture" },
				"west": { "uv": [ 5, 2.625, 6.125, 2.75 ], "texture": "#texture" },
				"east": { "uv": [ 6.125, 2.75, 5, 2.875 ], "texture": "#texture" }
			}
		},
		{
			"__comment": "Voxels",
			"from": [ 11, 11, 5 ],
			"to": [ 12, 11.5, 11 ],
			"faces": {
				"down": { "uv": [ 1.75, 9.875, 2, 11.375 ], "texture": "#texture" },
				"up": { "uv": [ 2, 12.875, 2.25, 11.375 ], "texture": "#texture" },
				"north": { "uv": [ 5, 0.625, 4.75, 0.75 ], "texture": "#texture" },
				"south": { "uv": [ 6, 7, 6.25, 7.125 ], "texture": "#texture" },
				"west": { "uv": [ 5, 9.125, 6.5, 9.25 ], "texture": "#texture" },
				"east": { "uv": [ 6.5, 9, 5, 9.125 ], "texture": "#texture" }
			}
		},
		{
			"__comment": "Voxels",
			"from": [ 11, 11.5, 5 ],
			"to": [ 11.5, 12.5, 5.5 ],
			"faces": {
				"up": { "uv": [ 13.125, 9.375, 13.25, 9.25 ], "texture": "#texture" },
				"north": { "uv": [ 7.625, 9, 7.5, 9.25 ], "texture": "#texture" },
				"south": { "uv": [ 7.625, 9, 7.75, 9.25 ], "texture": "#texture" },
				"west": { "uv": [ 7.75, 9, 7.875, 9.25 ], "texture": "#texture" },
				"east": { "uv": [ 8, 9, 7.875, 9.25 ], "texture": "#texture" }
			}
		},
		{
			"__comment": "Voxels",
			"from": [ 11, 11.5, 5.5 ],
			"to": [ 11.5, 12, 11 ],
			"faces": {
				"up": { "uv": [ 2.375, 1.375, 2.5, 0 ], "texture": "#texture" },
				"west": { "uv": [ 5, 5.25, 6.375, 5.375 ], "texture": "#texture" },
				"east": { "uv": [ 6.375, 5.125, 5, 5.25 ], "texture": "#texture" }
			}
		},
		{
			"__comment": "Voxels",
			"from": [ 11.5, 10, 4.5 ],
			"to": [ 12, 11, 11.5 ],
			"faces": {
				"down": { "uv": [ 4, 2.125, 4.125, 3.875 ], "texture": "#texture" },
				"up": { "uv": [ 3.875, 3.875, 4, 2.125 ], "texture": "#texture" },
				"north": { "uv": [ 8.75, 9, 8.625, 9.25 ], "texture": "#texture" },
				"south": { "uv": [ 8.75, 9, 8.875, 9.25 ], "texture": "#texture" },
				"west": { "uv": [ 4, 12.5, 5.75, 12.75 ], "texture": "#texture" },
				"east": { "uv": [ 4, 12.5, 2.25, 12.75 ], "texture": "#texture" }
			}
		},
		{
			"__comment": "Voxels",
			"from": [ 12, 8.5, 4 ],
			"to": [ 13, 9, 12 ],
			"faces": {
				"down": { "uv": [ 0.5, 3, 0.75, 5 ], "texture": "#texture" },
				"up": { "uv": [ 0.25, 2, 0.5, 0 ], "texture": "#texture" },
				"north": { "uv": [ 6.5, 7, 6.25, 7.125 ], "texture": "#texture" },
				"west": { "uv": [ 14, 10.375, 16, 10.5 ], "texture": "#texture" },
				"east": { "uv": [ 11, 9.5, 9, 9.625 ], "texture": "#texture" }
			}
		},
		{
			"__comment": "Voxels",
			"from": [ 12, 9, 4 ],
			"to": [ 12.5, 10, 12 ],
			"faces": {
				"up": { "uv": [ 3.375, 3.875, 3.5, 1.875 ], "texture": "#texture" },
				"north": { "uv": [ 9.375, 9, 9.25, 9.25 ], "texture": "#texture" },
				"south": { "uv": [ 9.375, 9, 9.5, 9.25 ], "texture": "#texture" },
				"west": { "uv": [ 11.75, 14, 13.75, 14.25 ], "texture": "#texture" },
				"east": { "uv": [ 11.75, 14, 9.75, 14.25 ], "texture": "#texture" }
			}
		},
		{
			"__comment": "Voxels",
			"from": [ 12, 10, 5 ],
			"to": [ 12.5, 10.5, 11 ],
			"faces": {
				"up": { "uv": [ 3, 1.625, 3.125, 0.125 ], "texture": "#texture" },
				"north": { "uv": [ 15, 9.125, 14.875, 9.25 ], "texture": "#texture" },
				"south": { "uv": [ 14.875, 9, 15, 9.125 ], "texture": "#texture" },
				"east": { "uv": [ 6.5, 8.75, 5, 8.875 ], "texture": "#texture" }
			}
		},
		{
			"__comment": "Voxels",
			"from": [ 12.5, 7.5, 3.5 ],
			"to": [ 13.5, 8, 12.5 ],
			"faces": {
				"down": { "uv": [ 0.5, 11.75, 0.75, 14 ], "texture": "#texture" },
				"up": { "uv": [ 0.5, 11.75, 0.75, 9.5 ], "texture": "#texture" },
				"north": { "uv": [ 6.5, 4.375, 6.25, 4.5 ], "texture": "#texture" },
				"south": { "uv": [ 6.25, 4.25, 6.5, 4.375 ], "texture": "#texture" },
				"west": { "uv": [ 9.5, 10, 11.75, 10.125 ], "texture": "#texture" },
				"east": { "uv": [ 9.5, 9.875, 7.25, 10 ], "texture": "#texture" }
			}
		},
		{
			"__comment": "Voxels",
			"from": [ 12.5, 8, 3.5 ],
			"to": [ 13, 9, 4 ],
			"faces": {
				"up": { "uv": [ 15.5, 9.125, 15.625, 9 ], "texture": "#texture" },
				"north": { "uv": [ 9.625, 9, 9.5, 9.25 ], "texture": "#texture" },
				"south": { "uv": [ 9.625, 9, 9.75, 9.25 ], "texture": "#texture" },
				"west": { "uv": [ 9.75, 9, 9.875, 9.25 ], "texture": "#texture" },
				"east": { "uv": [ 10, 9, 9.875, 9.25 ], "texture": "#texture" }
			}
		},
		{
			"__comment": "Voxels",
			"from": [ 12.5, 8, 4 ],
			"to": [ 13, 8.5, 12.5 ],
			"faces": {
				"up": { "uv": [ 3.125, 3.875, 3.25, 1.75 ], "texture": "#texture" },
				"west": { "uv": [ 13.875, 9.875, 16, 10 ], "texture": "#texture" },
				"east": { "uv": [ 13.875, 9.875, 11.75, 10 ], "texture": "#texture" }
			}
		},
		{
			"__comment": "Voxels",
			"from": [ 13, 6.5, 3 ],
			"to": [ 14, 7, 13 ],
			"faces": {
				"down": { "uv": [ 0, 0.375, 0.25, 2.875 ], "texture": "#texture" },
				"up": { "uv": [ 0.25, 14.5, 0.5, 12 ], "texture": "#texture" },
				"north": { "uv": [ 6.5, 3.875, 6.25, 4 ], "texture": "#texture" },
				"south": { "uv": [ 6.25, 3.75, 6.5, 3.875 ], "texture": "#texture" },
				"west": { "uv": [ 2.375, 4.5, 4.875, 4.625 ], "texture": "#texture" },
				"east": { "uv": [ 16, 13.75, 13.5, 13.875 ], "texture": "#texture" }
			}
		},
		{
			"__comment": "Voxels",
			"from": [ 13, 7, 3 ],
			"to": [ 13.5, 7.5, 13 ],
			"faces": {
				"up": { "uv": [ 1.125, 4.375, 1.25, 1.875 ], "texture": "#texture" },
				"north": { "uv": [ 7, 7.375, 6.875, 7.5 ], "texture": "#texture" },
				"south": { "uv": [ 6.875, 7.25, 7, 7.375 ], "texture": "#texture" },
				"west": { "uv": [ 9.5, 14.5, 12, 14.625 ], "texture": "#texture" },
				"east": { "uv": [ 9.5, 14.5, 7, 14.625 ], "texture": "#texture" }
			}
		},
		{
			"__comment": "Voxels",
			"from": [ 13.5, 5.5, 2.5 ],
			"to": [ 14, 6.5, 13.5 ],
			"faces": {
				"down": { "uv": [ 0.875, 1.625, 1, 4.375 ], "texture": "#texture" },
				"up": { "uv": [ 0.75, 4.375, 0.875, 1.625 ], "texture": "#texture" },
				"north": { "uv": [ 10.25, 9, 10.125, 9.25 ], "texture": "#texture" },
				"south": { "uv": [ 10.25, 9, 10.375, 9.25 ], "texture": "#texture" },
				"west": { "uv": [ 4.25, 14.625, 7, 14.875 ], "texture": "#texture" },
				"east": { "uv": [ 16, 15.125, 13.25, 15.375 ], "texture": "#texture" }
			}
		},
		{
			"__comment": "Voxels",
			"from": [ 14, 1.5, 0.5 ],
			"to": [ 15.5, 2, 1 ],
			"faces": {
				"down": { "uv": [ 15.625, 10.625, 16, 10.75 ], "texture": "#texture" },
				"up": { "uv": [ 6.125, 2.875, 6.5, 2.75 ], "texture": "#texture" },
				"north": { "uv": [ 6.5, 2.625, 6.125, 2.75 ], "texture": "#texture" },
				"south": { "uv": [ 8.625, 9.25, 9, 9.375 ], "texture": "#texture" },
				"west": { "uv": [ 6.875, 5.625, 7, 5.75 ], "texture": "#texture" },
				"east": { "uv": [ 7, 5.5, 6.875, 5.625 ], "texture": "#texture" }
			}
		},
		{
			"__comment": "Voxels",
			"from": [ 14, 1.5, 15 ],
			"to": [ 15.5, 2, 15.5 ],
			"faces": {
				"down": { "uv": [ 9, 9.25, 9.375, 9.375 ], "texture": "#texture" },
				"up": { "uv": [ 9.375, 9.375, 9.75, 9.25 ], "texture": "#texture" },
				"north": { "uv": [ 10.125, 9.25, 9.75, 9.375 ], "texture": "#texture" },
				"south": { "uv": [ 10.125, 9.25, 10.5, 9.375 ], "texture": "#texture" },
				"west": { "uv": [ 6.875, 4.875, 7, 5 ], "texture": "#texture" },
				"east": { "uv": [ 7, 4.75, 6.875, 4.875 ], "texture": "#texture" }
			}
		},
		{
			"__comment": "Voxels",
			"from": [ 14, 4, 2 ],
			"to": [ 15, 4.5, 14 ],
			"faces": {
				"down": { "uv": [ 0, 2.875, 0.25, 5.875 ], "texture": "#texture" },
				"up": { "uv": [ 0, 8.875, 0.25, 5.875 ], "texture": "#texture" },
				"north": { "uv": [ 11, 9.25, 10.75, 9.375 ], "texture": "#texture" },
				"west": { "uv": [ 11.75, 11.75, 14.75, 11.875 ], "texture": "#texture" },
				"east": { "uv": [ 14.25, 11.125, 11.25, 11.25 ], "texture": "#texture" }
			}
		},
		{
			"__comment": "Voxels",
			"from": [ 14, 4.5, 2 ],
			"to": [ 14.5, 5.5, 14 ],
			"faces": {
				"up": { "uv": [ 1.5, 12.875, 1.625, 9.875 ], "texture": "#texture" },
				"north": { "uv": [ 11.5, 9, 11.375, 9.25 ], "texture": "#texture" },
				"south": { "uv": [ 11.5, 9, 11.625, 9.25 ], "texture": "#texture" },
				"west": { "uv": [ 9.5, 14.875, 12.5, 15.125 ], "texture": "#texture" },
				"east": { "uv": [ 9.5, 14.875, 6.5, 15.125 ], "texture": "#texture" }
			}
		},
		{
			"__comment": "Voxels",
			"from": [ 14, 5.5, 3 ],
			"to": [ 14.5, 6, 13 ],
			"faces": {
				"up": { "uv": [ 1.25, 4.375, 1.375, 1.875 ], "texture": "#texture" },
				"north": { "uv": [ 7, 2.875, 6.875, 3 ], "texture": "#texture" },
				"south": { "uv": [ 6.875, 2.75, 7, 2.875 ], "texture": "#texture" },
				"east": { "uv": [ 16, 13.5, 13.5, 13.625 ], "texture": "#texture" }
			}
		},
		{
			"__comment": "Voxels",
			"from": [ 14.5, 3, 1.5 ],
			"to": [ 15.5, 3.5, 14.5 ],
			"faces": {
				"down": { "uv": [ 0, 12.125, 0.25, 15.375 ], "texture": "#texture" },
				"up": { "uv": [ 0, 12.125, 0.25, 8.875 ], "texture": "#texture" },
				"north": { "uv": [ 11.5, 9.25, 11.25, 9.375 ], "texture": "#texture" },
				"south": { "uv": [ 11.5, 9.25, 11.75, 9.375 ], "texture": "#texture" },
				"west": { "uv": [ 5.5, 12.125, 8.75, 12.25 ], "texture": "#texture" },
				"east": { "uv": [ 12, 12.125, 8.75, 12.25 ], "texture": "#texture" }
			}
		},
		{
			"__comment": "Voxels",
			"from": [ 14.5, 3.5, 1.5 ],
			"to": [ 15, 4.5, 2 ],
			"faces": {
				"up": { "uv": [ 6.875, 1.625, 7, 1.5 ], "texture": "#texture" },
				"north": { "uv": [ 11.75, 9, 11.625, 9.25 ], "texture": "#texture" },
				"south": { "uv": [ 11.75, 9, 11.875, 9.25 ], "texture": "#texture" },
				"west": { "uv": [ 11.875, 9, 12, 9.25 ], "texture": "#texture" },
				"east": { "uv": [ 12.125, 9, 12, 9.25 ], "texture": "#texture" }
			}
		},
		{
			"__comment": "Voxels",
			"from": [ 14.5, 3.5, 2 ],
			"to": [ 15, 4, 14.5 ],
			"faces": {
				"up": { "uv": [ 1.5, 9.875, 1.625, 6.75 ], "texture": "#texture" },
				"west": { "uv": [ 5.5, 11.75, 8.625, 11.875 ], "texture": "#texture" },
				"east": { "uv": [ 11.75, 11.75, 8.625, 11.875 ], "texture": "#texture" }
			}
		},
		{
			"__comment": "Voxels",
			"from": [ 15, 1, 0.5 ],
			"to": [ 15.5, 1.5, 1 ],
			"faces": {
				"down": { "uv": [ 6.875, 0.125, 7, 0.25 ], "texture": "#texture" },
				"north": { "uv": [ 7.125, 8.875, 7, 9 ], "texture": "#texture" },
				"south": { "uv": [ 7.125, 8.875, 7.25, 9 ], "texture": "#texture" },
				"west": { "uv": [ 7.25, 8.875, 7.375, 9 ], "texture": "#texture" },
				"east": { "uv": [ 7.5, 8.875, 7.375, 9 ], "texture": "#texture" }
			}
		},
		{
			"__comment": "Voxels",
			"from": [ 15, 1, 15 ],
			"to": [ 15.5, 1.5, 15.5 ],
			"faces": {
				"down": { "uv": [ 7.5, 8.875, 7.625, 9 ], "texture": "#texture" },
				"north": { "uv": [ 7.875, 8.875, 7.75, 9 ], "texture": "#texture" },
				"south": { "uv": [ 7.875, 8.875, 8, 9 ], "texture": "#texture" },
				"west": { "uv": [ 8, 8.875, 8.125, 9 ], "texture": "#texture" },
				"east": { "uv": [ 8.25, 8.875, 8.125, 9 ], "texture": "#texture" }
			}
		},
		{
			"__comment": "Voxels",
			"from": [ 15, 1.5, 1 ],
			"to": [ 15.5, 3, 2 ],
			"faces": {
				"down": { "uv": [ 12.125, 9, 12.25, 9.25 ], "texture": "#texture" },
				"up": { "uv": [ 12.25, 9.25, 12.375, 9 ], "texture": "#texture" },
				"north": { "uv": [ 6.875, 6.125, 6.75, 6.5 ], "texture": "#texture" },
				"south": { "uv": [ 6.625, 5.75, 6.75, 6.125 ], "texture": "#texture" },
				"west": { "uv": [ 6, 7.125, 6.25, 7.5 ], "texture": "#texture" },
				"east": { "uv": [ 6.5, 7.125, 6.25, 7.5 ], "texture": "#texture" }
			}
		},
		{
			"__comment": "Voxels",
			"from": [ 15, 1.5, 14 ],
			"to": [ 15.5, 3, 15 ],
			"faces": {
				"down": { "uv": [ 12.75, 9, 12.875, 9.25 ], "texture": "#texture" },
				"up": { "uv": [ 12.875, 9.25, 13, 9 ], "texture": "#texture" },
				"north": { "uv": [ 6.875, 5.375, 6.75, 5.75 ], "texture": "#texture" },
				"south": { "uv": [ 6.625, 5, 6.75, 5.375 ], "texture": "#texture" },
				"west": { "uv": [ 5, 0, 5.25, 0.375 ], "texture": "#texture" },
				"east": { "uv": [ 5.5, 0, 5.25, 0.375 ], "texture": "#texture" }
			}
		},
		{
			"__comment": "Voxels",
			"from": [ 15, 2, 2 ],
			"to": [ 15.5, 3, 14 ],
			"faces": {
				"down": { "uv": [ 1.375, 9.875, 1.5, 12.875 ], "texture": "#texture" },
				"west": { "uv": [ 12.5, 14.875, 15.5, 15.125 ], "texture": "#texture" },
				"east": { "uv": [ 6.5, 14.875, 3.5, 15.125 ], "texture": "#texture" }
			}
		},
		{
			"__comment": "Voxels",
			"from": [ 15.5, 0.5, 0.5 ],
			"to": [ 16, 1, 15.5 ],
			"faces": {
				"down": { "uv": [ 0.75, 6.125, 0.875, 9.875 ], "texture": "#texture" },
				"up": { "uv": [ 0.875, 13.625, 1, 9.875 ], "texture": "#texture" },
				"north": { "uv": [ 10.875, 8.875, 10.75, 9 ], "texture": "#texture" },
				"south": { "uv": [ 10.875, 8.875, 11, 9 ], "texture": "#texture" },
				"west": { "uv": [ 9.75, 13.75, 13.5, 13.875 ], "texture": "#texture" },
				"east": { "uv": [ 6, 13.625, 2.25, 13.75 ], "texture": "#texture", "cullface": "east" }
			}
		},
		{
			"__comment": "Voxels",
			"from": [ 15.5, 1, 1 ],
			"to": [ 16, 1.5, 15 ],
			"faces": {
				"up": { "uv": [ 1.125, 9.875, 1.25, 6.375 ], "texture": "#texture" },
				"north": { "uv": [ 11.625, 8.875, 11.5, 9 ], "texture": "#texture" },
				"south": { "uv": [ 11.625, 8.875, 11.75, 9 ], "texture": "#texture" },
				"west": { "uv": [ 12.25, 15.625, 15.75, 15.75 ], "texture": "#texture" },
				"east": { "uv": [ 5.75, 13.375, 2.25, 13.5 ], "texture": "#texture", "cullface": "east" }
			}
		},
		{
			"__comment": "Voxels",
			"from": [ 15.5, 1.5, 2 ],
			"to": [ 16, 2, 14 ],
			"faces": {
				"up": { "uv": [ 1, 12.875, 1.125, 9.875 ], "texture": "#texture" },
				"north": { "uv": [ 12.375, 8.875, 12.25, 9 ], "texture": "#texture" },
				"south": { "uv": [ 12.375, 8.875, 12.5, 9 ], "texture": "#texture" },
				"west": { "uv": [ 8.25, 11.125, 11.25, 11.25 ], "texture": "#texture" },
				"east": { "uv": [ 8.25, 11.125, 5.25, 11.25 ], "texture": "#texture", "cullface": "east" }
			}
		},
		{
			"__comment": "Voxels",
			"from": [ 15.5, 2, 3 ],
			"to": [ 16, 2.5, 13 ],
			"faces": {
				"up": { "uv": [ 1.625, 4.375, 1.75, 1.875 ], "texture": "#texture" },
				"north": { "uv": [ 13.125, 8.875, 13, 9 ], "texture": "#texture" },
				"south": { "uv": [ 13.125, 8.875, 13.25, 9 ], "texture": "#texture" },
				"east": { "uv": [ 4.75, 6.875, 2.25, 7 ], "texture": "#texture", "cullface": "east" }
			}
		}
	],
	"display": {
		"thirdperson_righthand": {
			"rotation":  [ 8, 10, 0 ],
			"translation":  [ 0, 2.7826, 0 ],
			"scale":  [ 0.4, 0.4, 0.4 ]
		},
		"thirdperson_lefthand": {
			"rotation":  [ 8, 10, 0 ],
			"translation":  [ 0, 2.7826, 0 ],
			"scale":  [ 0.4, 0.4, 0.4 ]
		},
		"firstperson_righthand": {
			"rotation":  [ -25, -45, 0 ],
			"translation":  [ 0, 4, 0 ],
			"scale":  [ 0.4, 0.4, 0.4 ]
		},
		"firstperson_lefthand": {
			"rotation":  [ -25, -45, 0 ],
			"translation":  [ 0, 4, 0 ],
			"scale":  [ 0.4, 0.4, 0.4 ]
		},
		"gui": {
			"rotation":  [ 30, 135, 0 ],
			"translation":  [ 0, 1, 0 ],
			"scale":  [ 0.625, 0.625, 0.625 ]
		},
		"head": {
			"rotation":  [ 2, 0, 0 ],
			"translation":  [ 0, 11.9, 0.5 ]
		},
		"ground": {
			"translation":  [ 0, 5, 0 ]
		},
		"fixed": {
			"rotation":  [ -90, 0, 0 ],
			"translation":  [ 0, 0, -10 ],
			"scale":  [ 1.5, 1.5, 1.5 ]
		}
	}
}