{
    "parent": "minecraft:item/generated",
    "textures": {
        "layer0": "dasmp:item/tools/bastard_slayer"
    },
    "display": {
        "thirdperson_righthand": {
            "rotation": [0, -90, 55],
            "translation": [0, 10.0, -0.5],
            "scale": [1.5, 1.5, 1.5]
        },
        "thirdperson_lefthand": {
            "rotation": [0, 90, -55],
            "translation": [0, 10.0, -0.5],
            "scale": [1.5, 1.5, 1.5]
        },
        "firstperson_righthand": {
            "rotation": [0, -90, 25],
            "translation": [1.13, 4.2, 0],
            "scale": [1.36, 1.36, 1.36]
        },
        "firstperson_lefthand": {
            "rotation": [0, 90, -25],
            "translation": [1.13, 4.2, 0],
            "scale": [1.36, 1.36, 1.36]
        }
    }
}
