{
	"credit": "Made with Blockbench",
	"texture_size": [32, 32],
	"textures": {
		"0": "dasmp:item/tools/requiem_3d"
	},
	"elements": [
		{
			"from": [7.8, 8, 7.2],
			"to": [8.2, 24, 8.8],
			"rotation": {"angle": 0, "axis": "y", "origin": [7.5, 9, 7]},
			"faces": {
				"north": {"uv": [2, 0, 2.5, 7.5], "texture": "#0"},
				"east": {"uv": [0, 0, 1, 7.5], "texture": "#0"},
				"south": {"uv": [2.5, 0, 3, 7.5], "texture": "#0"},
				"west": {"uv": [1, 0, 2, 7.5], "texture": "#0"},
				"up": {"uv": [6, 1, 5.5, 0], "texture": "#0"},
				"down": {"uv": [6, 1, 5.5, 2], "texture": "#0"}
			}
		},
		{
			"from": [7.79901, 23.85179, 8.9089],
			"to": [8.19899, 25.67677, 9.15888],
			"rotation": {"angle": -22.5, "axis": "x", "origin": [7.499, 23.02678, 8.60889]},
			"faces": {
				"north": {"uv": [6.5, 5, 7, 5.5], "texture": "#0"},
				"east": {"uv": [6.5, 5.5, 7, 6], "texture": "#0"},
				"south": {"uv": [6.5, 6, 7, 6.5], "texture": "#0"},
				"west": {"uv": [6.5, 6.5, 7, 7], "texture": "#0"},
				"up": {"uv": [7.5, 0.5, 7, 0], "texture": "#0"},
				"down": {"uv": [7.5, 0.5, 7, 1], "texture": "#0"}
			}
		},
		{
			"from": [7.799, 23.96547, 7.76223],
			"to": [8.199, 25.34047, 8.23723],
			"rotation": {"angle": 0, "axis": "y", "origin": [7.499, 23.84047, 6.58723]},
			"faces": {
				"north": {"uv": [5.5, 6.5, 5, 7], "rotation": 180, "texture": "#0"},
				"east": {"uv": [6.5, 3.5, 7, 4], "rotation": 270, "texture": "#0"},
				"south": {"uv": [7, 5, 6.5, 4.5], "texture": "#0"},
				"west": {"uv": [4.5, 6.5, 5, 7], "rotation": 90, "texture": "#0"},
				"up": {"uv": [6.5, 3, 7, 3.5], "rotation": 180, "texture": "#0"},
				"down": {"uv": [6.5, 4, 7, 4.5], "texture": "#0"}
			}
		},
		{
			"from": [7.799, 26.92215, 7.31165],
			"to": [8.199, 27.07215, 7.46165],
			"rotation": {"angle": 45, "axis": "x", "origin": [7.499, 25.59715, 6.11165]},
			"faces": {
				"north": {"uv": [5.5, 6.5, 5, 7], "rotation": 180, "texture": "#0"},
				"east": {"uv": [6.5, 3.5, 7, 4], "rotation": 270, "texture": "#0"},
				"south": {"uv": [7, 5, 6.5, 4.5], "texture": "#0"},
				"west": {"uv": [4.5, 6.5, 5, 7], "rotation": 90, "texture": "#0"},
				"up": {"uv": [6.5, 3, 7, 3.5], "rotation": 180, "texture": "#0"},
				"down": {"uv": [6.5, 4, 7, 4.5], "texture": "#0"}
			}
		},
		{
			"from": [7.799, 23.96547, 7.96223],
			"to": [8.199, 24.74047, 8.43723],
			"rotation": {"angle": 0, "axis": "y", "origin": [7.499, 23.84047, 6.88723]},
			"faces": {
				"north": {"uv": [5.5, 6.5, 5, 7], "rotation": 180, "texture": "#0"},
				"east": {"uv": [6.5, 3.5, 7, 4], "rotation": 270, "texture": "#0"},
				"south": {"uv": [7, 5, 6.5, 4.5], "texture": "#0"},
				"west": {"uv": [4.5, 6.5, 5, 7], "rotation": 90, "texture": "#0"},
				"up": {"uv": [6.5, 3, 7, 3.5], "rotation": 180, "texture": "#0"},
				"down": {"uv": [6.5, 4, 7, 4.5], "texture": "#0"}
			}
		},
		{
			"from": [7.799, 23.96547, 7.56277],
			"to": [8.199, 24.74047, 8.03777],
			"rotation": {"angle": 0, "axis": "y", "origin": [7.499, 23.84047, 9.11277]},
			"faces": {
				"north": {"uv": [6.5, 5, 7, 4.5], "texture": "#0"},
				"east": {"uv": [6.5, 4, 7, 3.5], "rotation": 270, "texture": "#0"},
				"south": {"uv": [5, 6.5, 5.5, 7], "rotation": 180, "texture": "#0"},
				"west": {"uv": [4.5, 7, 5, 6.5], "rotation": 90, "texture": "#0"},
				"up": {"uv": [6.5, 3.5, 7, 3], "rotation": 180, "texture": "#0"},
				"down": {"uv": [6.5, 4.5, 7, 4], "texture": "#0"}
			}
		},
		{
			"from": [7.799, 23.96547, 7.46277],
			"to": [8.199, 24.24047, 7.93777],
			"rotation": {"angle": 0, "axis": "y", "origin": [7.499, 23.84047, 9.01277]},
			"faces": {
				"north": {"uv": [6.5, 5, 7, 4.5], "texture": "#0"},
				"east": {"uv": [6.5, 4, 7, 3.5], "rotation": 270, "texture": "#0"},
				"south": {"uv": [5, 6.5, 5.5, 7], "rotation": 180, "texture": "#0"},
				"west": {"uv": [4.5, 7, 5, 6.5], "rotation": 90, "texture": "#0"},
				"up": {"uv": [6.5, 3.5, 7, 3], "rotation": 180, "texture": "#0"},
				"down": {"uv": [6.5, 4.5, 7, 4], "texture": "#0"}
			}
		},
		{
			"from": [7.799, 23.96547, 8.06223],
			"to": [8.199, 24.24047, 8.53723],
			"rotation": {"angle": 0, "axis": "y", "origin": [7.499, 23.84047, 6.98723]},
			"faces": {
				"north": {"uv": [5.5, 6.5, 5, 7], "rotation": 180, "texture": "#0"},
				"east": {"uv": [6.5, 3.5, 7, 4], "rotation": 270, "texture": "#0"},
				"south": {"uv": [7, 5, 6.5, 4.5], "texture": "#0"},
				"west": {"uv": [4.5, 6.5, 5, 7], "rotation": 90, "texture": "#0"},
				"up": {"uv": [6.5, 3, 7, 3.5], "rotation": 180, "texture": "#0"},
				"down": {"uv": [6.5, 4, 7, 4.5], "texture": "#0"}
			}
		},
		{
			"from": [7.799, 23.85178, 6.84111],
			"to": [8.199, 25.67678, 7.09111],
			"rotation": {"angle": 22.5, "axis": "x", "origin": [7.499, 23.02678, 7.39111]},
			"faces": {
				"north": {"uv": [6.5, 0, 7, 0.5], "texture": "#0"},
				"east": {"uv": [6.5, 0.5, 7, 1], "texture": "#0"},
				"south": {"uv": [6.5, 1, 7, 1.5], "texture": "#0"},
				"west": {"uv": [6.5, 1.5, 7, 2], "texture": "#0"},
				"up": {"uv": [7, 2.5, 6.5, 2], "texture": "#0"},
				"down": {"uv": [7, 2.5, 6.5, 3], "texture": "#0"}
			}
		},
		{
			"from": [7.199, 8.624, 7.674],
			"to": [8.801, 9.351, 8.426],
			"rotation": {"angle": 45, "axis": "x", "origin": [7, 8.425, 6.6]},
			"faces": {
				"north": {"uv": [5.5, 2, 6.5, 2.5], "texture": "#0"},
				"east": {"uv": [7, 1, 7.5, 1.5], "texture": "#0"},
				"south": {"uv": [5.5, 2.5, 6.5, 3], "texture": "#0"},
				"west": {"uv": [7, 1.5, 7.5, 2], "texture": "#0"},
				"up": {"uv": [6.5, 3.5, 5.5, 3], "texture": "#0"},
				"down": {"uv": [6.5, 3.5, 5.5, 4], "texture": "#0"}
			}
		},
		{
			"from": [7.299, 8.424, 7.499],
			"to": [8.701, 9.526, 8.601],
			"rotation": {"angle": 45, "axis": "x", "origin": [7, 8.425, 6.6]},
			"faces": {
				"north": {"uv": [5.5, 2, 6.5, 2.5], "texture": "#0"},
				"east": {"uv": [7, 1, 7.5, 1.5], "texture": "#0"},
				"south": {"uv": [5.5, 2.5, 6.5, 3], "texture": "#0"},
				"west": {"uv": [7, 1.5, 7.5, 2], "texture": "#0"},
				"up": {"uv": [6.5, 3.5, 5.5, 3], "texture": "#0"},
				"down": {"uv": [6.5, 3.5, 5.5, 4], "texture": "#0"}
			}
		},
		{
			"from": [7.449, 7.999, 6.899],
			"to": [8.551, 9.701, 8.601],
			"rotation": {"angle": 45, "axis": "x", "origin": [7, 8, 6.6]},
			"faces": {
				"north": {"uv": [5.5, 5, 6, 6], "texture": "#0"},
				"east": {"uv": [4.5, 0, 5.5, 1], "texture": "#0"},
				"south": {"uv": [6, 0, 6.5, 1], "texture": "#0"},
				"west": {"uv": [4.5, 1, 5.5, 2], "texture": "#0"},
				"up": {"uv": [6.5, 2, 6, 1], "texture": "#0"},
				"down": {"uv": [3.5, 6, 3, 7], "texture": "#0"}
			}
		},
		{
			"name": "Handle",
			"from": [7.701, 2.001, 7.251],
			"to": [8.299, 7.999, 8.749],
			"rotation": {"angle": 0, "axis": "y", "origin": [7, 2, 7]},
			"faces": {
				"north": {"uv": [4, 0, 4.5, 3], "texture": "#0"},
				"east": {"uv": [3, 0, 4, 3], "texture": "#0"},
				"south": {"uv": [4, 3, 4.5, 6], "texture": "#0"},
				"west": {"uv": [3, 3, 4, 6], "texture": "#0"},
				"up": {"uv": [4, 7, 3.5, 6], "texture": "#0"},
				"down": {"uv": [4.5, 6, 4, 7], "texture": "#0"}
			}
		},
		{
			"from": [7.45, 7.96747, 10.14935],
			"to": [8.548, 8.66547, 10.87235],
			"rotation": {"angle": 0, "axis": "y", "origin": [6.999, 7.96647, 11.07335]},
			"faces": {
				"north": {"uv": [7, 2, 7.5, 2.5], "texture": "#0"},
				"east": {"uv": [7, 2.5, 7.5, 3], "texture": "#0"},
				"south": {"uv": [3, 7, 3.5, 7.5], "texture": "#0"},
				"west": {"uv": [7, 3, 7.5, 3.5], "texture": "#0"},
				"up": {"uv": [4, 7.5, 3.5, 7], "texture": "#0"},
				"down": {"uv": [7.5, 3.5, 7, 4], "texture": "#0"}
			}
		},
		{
			"from": [7.45, 7.96747, 5.12765],
			"to": [8.548, 8.66547, 5.85065],
			"rotation": {"angle": 0, "axis": "y", "origin": [6.999, 7.96647, 4.92665]},
			"faces": {
				"north": {"uv": [4, 7, 4.5, 7.5], "texture": "#0"},
				"east": {"uv": [7, 4, 7.5, 4.5], "texture": "#0"},
				"south": {"uv": [4.5, 7, 5, 7.5], "texture": "#0"},
				"west": {"uv": [7, 4.5, 7.5, 5], "texture": "#0"},
				"up": {"uv": [5.5, 7.5, 5, 7], "texture": "#0"},
				"down": {"uv": [7.5, 5, 7, 5.5], "texture": "#0"}
			}
		},
		{
			"from": [7.451, 7.001, 5.751],
			"to": [8.549, 7.999, 6.499],
			"rotation": {"angle": 22.5, "axis": "x", "origin": [7, 7, 6.5]},
			"faces": {
				"north": {"uv": [5.5, 7, 6, 7.5], "texture": "#0"},
				"east": {"uv": [7, 5.5, 7.5, 6], "texture": "#0"},
				"south": {"uv": [6, 7, 6.5, 7.5], "texture": "#0"},
				"west": {"uv": [7, 6, 7.5, 6.5], "texture": "#0"},
				"up": {"uv": [7, 7.5, 6.5, 7], "texture": "#0"},
				"down": {"uv": [7.5, 6.5, 7, 7], "texture": "#0"}
			}
		},
		{
			"from": [7.449, 7.52258, 5.78417],
			"to": [8.551, 8.52458, 6.73617],
			"rotation": {"angle": 45, "axis": "x", "origin": [7, 8.52358, 5.98517]},
			"faces": {
				"north": {"uv": [7, 7, 7.5, 7.5], "texture": "#0"},
				"east": {"uv": [0, 7.5, 0.5, 8], "texture": "#0"},
				"south": {"uv": [7.5, 0, 8, 0.5], "texture": "#0"},
				"west": {"uv": [0.5, 7.5, 1, 8], "texture": "#0"},
				"up": {"uv": [8, 1, 7.5, 0.5], "texture": "#0"},
				"down": {"uv": [1.5, 7.5, 1, 8], "texture": "#0"}
			}
		},
		{
			"from": [7.449, 7.52258, 9.26383],
			"to": [8.551, 8.52458, 10.21583],
			"rotation": {"angle": -45, "axis": "x", "origin": [7, 8.52358, 10.01483]},
			"faces": {
				"north": {"uv": [7.5, 1, 8, 1.5], "texture": "#0"},
				"east": {"uv": [1.5, 7.5, 2, 8], "texture": "#0"},
				"south": {"uv": [7.5, 1.5, 8, 2], "texture": "#0"},
				"west": {"uv": [2, 7.5, 2.5, 8], "texture": "#0"},
				"up": {"uv": [8, 2.5, 7.5, 2], "texture": "#0"},
				"down": {"uv": [3, 7.5, 2.5, 8], "texture": "#0"}
			}
		},
		{
			"from": [7.451, 7.001, 9.501],
			"to": [8.549, 7.999, 10.249],
			"rotation": {"angle": -22.5, "axis": "x", "origin": [7, 7, 9.5]},
			"faces": {
				"north": {"uv": [7.5, 2.5, 8, 3], "texture": "#0"},
				"east": {"uv": [3, 7.5, 3.5, 8], "texture": "#0"},
				"south": {"uv": [7.5, 3, 8, 3.5], "texture": "#0"},
				"west": {"uv": [3.5, 7.5, 4, 8], "texture": "#0"},
				"up": {"uv": [8, 4, 7.5, 3.5], "texture": "#0"},
				"down": {"uv": [4.5, 7.5, 4, 8], "texture": "#0"}
			}
		},
		{
			"name": "Handguard",
			"from": [7.45, 7, 6.5],
			"to": [8.55, 8, 9.5],
			"rotation": {"angle": 0, "axis": "y", "origin": [7, 8, 7]},
			"faces": {
				"north": {"uv": [7.5, 4, 8, 4.5], "texture": "#0"},
				"east": {"uv": [4.5, 4, 6, 4.5], "texture": "#0"},
				"south": {"uv": [4.5, 7.5, 5, 8], "texture": "#0"},
				"west": {"uv": [4.5, 4.5, 6, 5], "texture": "#0"},
				"up": {"uv": [5, 6.5, 4.5, 5], "texture": "#0"},
				"down": {"uv": [5.5, 5, 5, 6.5], "texture": "#0"}
			}
		},
		{
			"from": [7.45, 7.69247, 6.87435],
			"to": [8.548, 8.21547, 7.47235],
			"rotation": {"angle": 45, "axis": "x", "origin": [6.999, 8.41647, 7.47335]},
			"faces": {
				"north": {"uv": [7.5, 4.5, 8, 5], "texture": "#0"},
				"east": {"uv": [5, 7.5, 5.5, 8], "texture": "#0"},
				"south": {"uv": [7.5, 5, 8, 5.5], "texture": "#0"},
				"west": {"uv": [5.5, 7.5, 6, 8], "texture": "#0"},
				"up": {"uv": [8, 6, 7.5, 5.5], "texture": "#0"},
				"down": {"uv": [6.5, 7.5, 6, 8], "texture": "#0"}
			}
		},
		{
			"from": [7.45, 7.69247, 8.52765],
			"to": [8.548, 8.21547, 9.12565],
			"rotation": {"angle": -45, "axis": "x", "origin": [6.999, 8.41647, 8.52665]},
			"faces": {
				"north": {"uv": [7.5, 6, 8, 6.5], "texture": "#0"},
				"east": {"uv": [6.5, 7.5, 7, 8], "texture": "#0"},
				"south": {"uv": [7.5, 6.5, 8, 7], "texture": "#0"},
				"west": {"uv": [7, 7.5, 7.5, 8], "texture": "#0"},
				"up": {"uv": [8, 7.5, 7.5, 7], "texture": "#0"},
				"down": {"uv": [8, 7.5, 7.5, 8], "texture": "#0"}
			}
		},
		{
			"from": [7.45, 8.44932, 6.14534],
			"to": [8.552, 8.97632, 6.64734],
			"rotation": {"angle": -22.5, "axis": "x", "origin": [7.001, 9.37532, 6.64634]},
			"faces": {
				"north": {"uv": [0, 8, 0.5, 8.5], "texture": "#0"},
				"east": {"uv": [8, 0, 8.5, 0.5], "texture": "#0"},
				"south": {"uv": [0.5, 8, 1, 8.5], "texture": "#0"},
				"west": {"uv": [8, 0.5, 8.5, 1], "texture": "#0"},
				"up": {"uv": [1.5, 8.5, 1, 8], "texture": "#0"},
				"down": {"uv": [8.5, 1, 8, 1.5], "texture": "#0"}
			}
		},
		{
			"from": [7.45, 8.44932, 9.35266],
			"to": [8.552, 8.97632, 9.85466],
			"rotation": {"angle": 22.5, "axis": "x", "origin": [7.001, 9.37532, 9.35366]},
			"faces": {
				"north": {"uv": [1.5, 8, 2, 8.5], "texture": "#0"},
				"east": {"uv": [8, 1.5, 8.5, 2], "texture": "#0"},
				"south": {"uv": [2, 8, 2.5, 8.5], "texture": "#0"},
				"west": {"uv": [8, 2, 8.5, 2.5], "texture": "#0"},
				"up": {"uv": [3, 8.5, 2.5, 8], "texture": "#0"},
				"down": {"uv": [8.5, 2.5, 8, 3], "texture": "#0"}
			}
		},
		{
			"from": [7.45, 8.81497, 6.33617],
			"to": [8.55, 9.13997, 6.83617],
			"rotation": {"angle": 0, "axis": "y", "origin": [7, 9.73997, 6.83617]},
			"faces": {
				"north": {"uv": [3, 8, 3.5, 8.5], "texture": "#0"},
				"east": {"uv": [8, 3, 8.5, 3.5], "texture": "#0"},
				"south": {"uv": [3.5, 8, 4, 8.5], "texture": "#0"},
				"west": {"uv": [8, 3.5, 8.5, 4], "texture": "#0"},
				"up": {"uv": [4.5, 8.5, 4, 8], "texture": "#0"},
				"down": {"uv": [8.5, 4, 8, 4.5], "texture": "#0"}
			}
		},
		{
			"from": [7.45, 8.81497, 9.16383],
			"to": [8.55, 9.13997, 9.66383],
			"rotation": {"angle": 0, "axis": "y", "origin": [7, 9.73997, 9.16383]},
			"faces": {
				"north": {"uv": [4.5, 8, 5, 8.5], "texture": "#0"},
				"east": {"uv": [8, 4.5, 8.5, 5], "texture": "#0"},
				"south": {"uv": [5, 8, 5.5, 8.5], "texture": "#0"},
				"west": {"uv": [8, 5, 8.5, 5.5], "texture": "#0"},
				"up": {"uv": [6, 8.5, 5.5, 8], "texture": "#0"},
				"down": {"uv": [8.5, 5.5, 8, 6], "texture": "#0"}
			}
		},
		{
			"from": [7.448, 8.88624, 6.65169],
			"to": [8.55, 9.21324, 7.12869],
			"rotation": {"angle": 22.5, "axis": "x", "origin": [6.999, 9.81224, 7.12769]},
			"faces": {
				"north": {"uv": [6, 8, 6.5, 8.5], "texture": "#0"},
				"east": {"uv": [8, 6, 8.5, 6.5], "texture": "#0"},
				"south": {"uv": [6.5, 8, 7, 8.5], "texture": "#0"},
				"west": {"uv": [8, 6.5, 8.5, 7], "texture": "#0"},
				"up": {"uv": [7.5, 8.5, 7, 8], "texture": "#0"},
				"down": {"uv": [8.5, 7, 8, 7.5], "texture": "#0"}
			}
		},
		{
			"from": [7.448, 8.88624, 8.87131],
			"to": [8.55, 9.21324, 9.34831],
			"rotation": {"angle": -22.5, "axis": "x", "origin": [6.999, 9.81224, 8.87231]},
			"faces": {
				"north": {"uv": [7.5, 8, 8, 8.5], "texture": "#0"},
				"east": {"uv": [8, 7.5, 8.5, 8], "texture": "#0"},
				"south": {"uv": [8, 8, 8.5, 8.5], "texture": "#0"},
				"west": {"uv": [0, 8.5, 0.5, 9], "texture": "#0"},
				"up": {"uv": [9, 0.5, 8.5, 0], "texture": "#0"},
				"down": {"uv": [1, 8.5, 0.5, 9], "texture": "#0"}
			}
		},
		{
			"from": [7.448, 9.40312, 6.60248],
			"to": [8.548, 9.73812, 6.93948],
			"rotation": {"angle": -22.5, "axis": "x", "origin": [6.998, 9.22812, 7.27748]},
			"faces": {
				"north": {"uv": [8.5, 0.5, 9, 1], "texture": "#0"},
				"east": {"uv": [1, 8.5, 1.5, 9], "texture": "#0"},
				"south": {"uv": [8.5, 1, 9, 1.5], "texture": "#0"},
				"west": {"uv": [1.5, 8.5, 2, 9], "texture": "#0"},
				"up": {"uv": [9, 2, 8.5, 1.5], "texture": "#0"},
				"down": {"uv": [2.5, 8.5, 2, 9], "texture": "#0"}
			}
		},
		{
			"from": [7.448, 9.40312, 9.06052],
			"to": [8.548, 9.73812, 9.39752],
			"rotation": {"angle": 22.5, "axis": "x", "origin": [6.998, 9.22812, 8.72252]},
			"faces": {
				"north": {"uv": [8.5, 2, 9, 2.5], "texture": "#0"},
				"east": {"uv": [2.5, 8.5, 3, 9], "texture": "#0"},
				"south": {"uv": [8.5, 2.5, 9, 3], "texture": "#0"},
				"west": {"uv": [3, 8.5, 3.5, 9], "texture": "#0"},
				"up": {"uv": [9, 3.5, 8.5, 3], "texture": "#0"},
				"down": {"uv": [4, 8.5, 3.5, 9], "texture": "#0"}
			}
		},
		{
			"name": "Pommel",
			"from": [7.45, 0, 7],
			"to": [8.55, 2, 9],
			"rotation": {"angle": 0, "axis": "y", "origin": [7, 0, 7]},
			"faces": {
				"north": {"uv": [6, 4, 6.5, 5], "texture": "#0"},
				"east": {"uv": [4.5, 2, 5.5, 3], "texture": "#0"},
				"south": {"uv": [6, 5, 6.5, 6], "texture": "#0"},
				"west": {"uv": [4.5, 3, 5.5, 4], "texture": "#0"},
				"up": {"uv": [6, 7, 5.5, 6], "texture": "#0"},
				"down": {"uv": [6.5, 6, 6, 7], "texture": "#0"}
			}
		}
	],
	"display": {
		"thirdperson_righthand": {
			"translation": [0, 1.5, 1]
		},
		"gui": {
			"rotation": [0, 0, 315]
		},
		"ground": {
			"rotation": [315, 0, 0]
		}
	},
	"groups": [
		{
			"name": "Requiem",
			"origin": [8, 8, 8],
			"color": 0,
			"children": [
				{
					"name": "Blade 1",
					"origin": [8, 8, 8],
					"color": 0,
					"children": [
						0,
						{
							"name": "group",
							"origin": [7.499, 22.02678, 7.39111],
							"color": 0,
							"children": [1, 2, 3, 4, 5, 6, 7, 8]
						}
					]
				},
				{
					"name": "Bottom Half",
					"origin": [8, 8, 8],
					"color": 0,
					"children": [
						9,
						10,
						{
							"name": "Gem",
							"origin": [7, 8, 6.6],
							"color": 0,
							"children": [11]
						},
						12,
						{
							"name": "Handguard Bottom",
							"origin": [7, 8, 7],
							"color": 0,
							"children": [13, 14, 15, 16, 17, 18, 19]
						},
						{
							"name": "Handguard Top",
							"origin": [8, 8, 8],
							"color": 0,
							"children": [20, 21, 22, 23, 24, 25, 26, 27, 28, 29]
						},
						30
					]
				}
			]
		}
	]
}
