{
    "parent": "minecraft:item/generated",
    "textures": {
        "layer0": "minecraft:item/apple"
    },
    "overrides": [{
            "predicate": {
                "custom_model_data": 100
            },
            "model": "dasmp:item/food/hard_cotton_candy"
        },
        {
            "predicate": {
                "custom_model_data": 101
            },
            "model": "dasmp:item/food/chocolate_bar"
        },
        {
            "predicate": {
                "custom_model_data": 102
            },
            "model": "dasmp:item/food/lollipop"
        },
        {
            "predicate": {
                "custom_model_data": 103
            },
            "model": "dasmp:item/food/candy_apple"
        },
        {
            "predicate": {
                "custom_model_data": 104
            },
            "model": "dasmp:item/food/donut"
        },
        {
            "predicate": {
                "custom_model_data": 105
            },
            "model": "dasmp:item/food/cupcake"
        },
        {
            "predicate": {
                "custom_model_data": 106
            },
            "model": "dasmp:item/food/orange_rock_candy"
        },
        {
            "predicate": {
                "custom_model_data": 107
            },
            "model": "dasmp:item/food/green_rock_candy"
        },
        {
            "predicate": {
                "custom_model_data": 108
            },
            "model": "dasmp:item/food/blue_rock_candy"
        },
        {
            "predicate": {
                "custom_model_data": 109
            },
            "model": "dasmp:item/food/red_rock_candy"
        },
        {
            "predicate": {
                "custom_model_data": 110
            },
            "model": "dasmp:item/food/candy_corn"
        },
        {
            "predicate": {
                "custom_model_data": 111
            },
            "model": "dasmp:item/food/purple_rock_candy"
        }
    ]
}
