{
    "parent": "minecraft:item/generated",
    "textures": {
        "layer0": "minecraft:item/apple"
    },
    "overrides": [{
            "predicate": {
                "custom_model_data": 100
            },
            "model": "dasmp:item/food/hard_cotton_candy"
        },
        {
            "predicate": {
                "custom_model_data": 101
            },
            "model": "dasmp:item/food/chocolate_bar"
        },
        {
            "predicate": {
                "custom_model_data": 102
            },
            "model": "dasmp:item/food/lollipop"
        },
        {
            "predicate": {
                "custom_model_data": 103
            },
            "model": "dasmp:item/food/candy_apple"
        },
        {
            "predicate": {
                "custom_model_data": 104
            },
            "model": "dasmp:item/food/donut"
        },
        {
            "predicate": {
                "custom_model_data": 105
            },
            "model": "dasmp:item/food/cupcake"
        },
        {
            "predicate": {
                "custom_model_data": 106
            },
            "model": "dasmp:item/food/orange_rock_candy"
        },
        {
            "predicate": {
                "custom_model_data": 107
            },
            "model": "dasmp:item/food/green_rock_candy"
        },
        {
            "predicate": {
                "custom_model_data": 108
            },
            "model": "dasmp:item/food/blue_rock_candy"
        },
        {
            "predicate": {
                "custom_model_data": 109
            },
            "model": "dasmp:item/food/red_rock_candy"
        },
        {
            "predicate": {
                "custom_model_data": 110
            },
            "model": "dasmp:item/food/candy_corn"
        },
        {
            "predicate": {
                "custom_model_data": 111
            },
            "model": "dasmp:item/food/purple_rock_candy"
        },
        {
            "predicate": {
                "custom_model_data": 112
            },
            "model": "dasmp:item/moss_block"
        },
        {
            "predicate": {
                "custom_model_data": 113
            },
            "model": "dasmp:item/food/banana"
        },
        {
            "predicate": {
                "custom_model_data": 114
            },
            "model": "dasmp:item/food/mango"
        },
        {
            "predicate": {
                "custom_model_data": 115
            },
            "model": "dasmp:item/food/pomegranate"
        },
        {
            "predicate": {
                "custom_model_data": 116
            },
            "model": "dasmp:item/food/plum"
        },
        {
            "predicate": {
                "custom_model_data": 117
            },
            "model": "dasmp:item/food/peach"
        },
        {
            "predicate": {
                "custom_model_data": 118
            },
            "model": "dasmp:item/food/orange"
        },
        {
            "predicate": {
                "custom_model_data": 119
            },
            "model": "dasmp:item/food/opened_pomegranate"
        },
        {
            "predicate": {
                "custom_model_data": 120
            },
            "model": "dasmp:item/food/candy_cane"
        },
        {
            "predicate": {
                "custom_model_data": 121
            },
            "model": "dasmp:item/food/peppermint"
        },
        {
            "predicate": {
                "custom_model_data": 122
            },
            "model": "dasmp:item/food/blueberries"
        }
    ]
}
