{
  "parent": "minecraft:item/handheld_rod",
  "textures": {
    "layer0": "minecraft:item/carrot_on_a_stick"
  },
  "overrides": [
    {
      "predicate": {
        "custom_model_data": 100
      },
      "model": "dasmp:item/bowtie"
    },
    {
      "predicate": {
        "custom_model_data": 101
      },
      "model": "dasmp:item/pride_flags/asexual"
    },
    {
      "predicate": {
        "custom_model_data": 102
      },
      "model": "dasmp:item/pride_flags/bisexual"
    },
    {
      "predicate": {
        "custom_model_data": 103
      },
      "model": "dasmp:item/pride_flags/transgender"
    },
    {
      "predicate": {
        "custom_model_data": 104
      },
      "model": "dasmp:item/pride_flags/nonbinary"
    },
    {
      "predicate": {
        "custom_model_data": 105
      },
      "model": "dasmp:item/pride_flags/pansexual"
    },
    {
      "predicate": {
        "custom_model_data": 106
      },
      "model": "dasmp:item/pride_flags/rainbow"
    },
    {
      "predicate": {
        "custom_model_data": 107
      },
      "model": "dasmp:item/pride_flags/genderfluid"
    },
    {
      "predicate": {
        "custom_model_data": 108
      },
      "model": "dasmp:item/pride_flags/aromantic"
    },
    {
      "predicate": {
        "custom_model_data": 109
      },
      "model": "dasmp:item/pride_flags/agender"
    },
    {
      "predicate": {
        "custom_model_data": 110
      },
      "model": "dasmp:item/pride_flags/lesbian"
    },
    {
      "predicate": {
        "custom_model_data": 111
      },
      "model": "dasmp:item/pride_flags/undecided"
    },
    {
      "predicate": {
        "custom_model_data": 112
      },
      "model": "dasmp:item/pride_flags/demi/boy"
    },
    {
      "predicate": {
        "custom_model_data": 113
      },
      "model": "dasmp:item/pride_flags/demi/girl"
    },
    {
      "predicate": {
        "custom_model_data": 114
      },
      "model": "dasmp:item/pride_flags/demi/sexual"
    },
    {
      "predicate": {
        "custom_model_data": 115
      },
      "model": "dasmp:item/pride_flags/demi/romantic"
    },
    {
      "predicate": {
        "custom_model_data": 116
      },
      "model": "dasmp:item/pride_flags/demi/rose"
    }
  ]
}
