{
    "parent": "minecraft:block/carved_pumpkin",
    "overrides": [{
            "predicate": {
                "custom_model_data": 100
            },
            "model": "dasmp:item/hats/black_santa_hat"
        },
        {
            "predicate": {
                "custom_model_data": 101
            },
            "model": "dasmp:item/hats/blue_santa_hat"
        },
        {
            "predicate": {
                "custom_model_data": 102
            },
            "model": "dasmp:item/hats/brown_santa_hat"
        },
        {
            "predicate": {
                "custom_model_data": 103
            },
            "model": "dasmp:item/hats/gray_santa_hat"
        },
        {
            "predicate": {
                "custom_model_data": 104
            },
            "model": "dasmp:item/hats/green_santa_hat"
        },
        {
            "predicate": {
                "custom_model_data": 105
            },
            "model": "dasmp:item/hats/light_blue_santa_hat"
        },
        {
            "predicate": {
                "custom_model_data": 106
            },
            "model": "dasmp:item/hats/light_gray_santa_hat"
        },
        {
            "predicate": {
                "custom_model_data": 107
            },
            "model": "dasmp:item/hats/lime_santa_hat"
        },
        {
            "predicate": {
                "custom_model_data": 108
            },
            "model": "dasmp:item/hats/magenta_santa_hat"
        },
        {
            "predicate": {
                "custom_model_data": 109
            },
            "model": "dasmp:item/hats/orange_santa_hat"
        },
        {
            "predicate": {
                "custom_model_data": 110
            },
            "model": "dasmp:item/hats/pink_santa_hat"
        },
        {
            "predicate": {
                "custom_model_data": 111
            },
            "model": "dasmp:item/hats/purple_santa_hat"
        },
        {
            "predicate": {
                "custom_model_data": 112
            },
            "model": "dasmp:item/hats/red_santa_hat"
        },
        {
            "predicate": {
                "custom_model_data": 113
            },
            "model": "dasmp:item/hats/white_santa_hat"
        },
        {
            "predicate": {
                "custom_model_data": 114
            },
            "model": "dasmp:item/hats/yellow_santa_hat"
        },
        {
            "predicate": {
                "custom_model_data": 115
            },
            "model": "dasmp:item/hats/cyan_santa_hat"
        },
        {
            "predicate": {
                "custom_model_data": 116
            },
            "model": "dasmp:item/hats/brown_antlers"
        },
        {
            "predicate": {
                "custom_model_data": 117
            },
            "model": "dasmp:item/hats/white_antlers"
        },
        {
            "predicate": {
                "custom_model_data": 118
            },
            "model": "dasmp:item/hats/black_antlers"
        }
    ]
}
