{
    "parent": "minecraft:item/generated",
    "textures": {
        "layer0": "minecraft:item/cookie"
    },
    "overrides": [{
            "predicate": {
                "custom_model_data": 100
            },
            "model": "dasmp:item/heart_cookies/black"
        },
        {
            "predicate": {
                "custom_model_data": 101
            },
            "model": "dasmp:item/heart_cookies/blue"
        },
        {
            "predicate": {
                "custom_model_data": 102
            },
            "model": "dasmp:item/heart_cookies/brown"
        },
        {
            "predicate": {
                "custom_model_data": 104
            },
            "model": "dasmp:item/heart_cookies/green"
        },
        {
            "predicate": {
                "custom_model_data": 105
            },
            "model": "dasmp:item/heart_cookies/light_blue"
        },
        {
            "predicate": {
                "custom_model_data": 107
            },
            "model": "dasmp:item/heart_cookies/lime"
        },
        {
            "predicate": {
                "custom_model_data": 108
            },
            "model": "dasmp:item/heart_cookies/magenta"
        },
        {
            "predicate": {
                "custom_model_data": 109
            },
            "model": "dasmp:item/heart_cookies/orange"
        },
        {
            "predicate": {
                "custom_model_data": 110
            },
            "model": "dasmp:item/heart_cookies/pink"
        },
        {
            "predicate": {
                "custom_model_data": 111
            },
            "model": "dasmp:item/heart_cookies/purple"
        },
        {
            "predicate": {
                "custom_model_data": 112
            },
            "model": "dasmp:item/heart_cookies/red"
        },
        {
            "predicate": {
                "custom_model_data": 113
            },
            "model": "dasmp:item/heart_cookies/white"
        },
        {
            "predicate": {
                "custom_model_data": 114
            },
            "model": "dasmp:item/heart_cookies/yellow"
        },
        {
            "predicate": {
                "custom_model_data": 115
            },
            "model": "dasmp:item/heart_cookies/cyan"
        }
    ]
}
