{
    "parent": "minecraft:item/generated",
    "textures": {
        "layer0": "minecraft:item/ender_pearl"
    },
    "overrides": [{
            "predicate": {
                "custom_model_data": 100
            },
            "model": "dasmp:item/colored_ender_pearls/black"
        },
        {
            "predicate": {
                "custom_model_data": 101
            },
            "model": "dasmp:item/colored_ender_pearls/blue"
        },
        {
            "predicate": {
                "custom_model_data": 102
            },
            "model": "dasmp:item/colored_ender_pearls/brown"
        },
        {
            "predicate": {
                "custom_model_data": 103
            },
            "model": "dasmp:item/colored_ender_pearls/gray"
        },
        {
            "predicate": {
                "custom_model_data": 104
            },
            "model": "dasmp:item/colored_ender_pearls/green"
        },
        {
            "predicate": {
                "custom_model_data": 105
            },
            "model": "dasmp:item/colored_ender_pearls/light_blue"
        },
        {
            "predicate": {
                "custom_model_data": 106
            },
            "model": "dasmp:item/colored_ender_pearls/light_gray"
        },
        {
            "predicate": {
                "custom_model_data": 107
            },
            "model": "dasmp:item/colored_ender_pearls/lime"
        },
        {
            "predicate": {
                "custom_model_data": 108
            },
            "model": "dasmp:item/colored_ender_pearls/magenta"
        },
        {
            "predicate": {
                "custom_model_data": 109
            },
            "model": "dasmp:item/colored_ender_pearls/orange"
        },
        {
            "predicate": {
                "custom_model_data": 110
            },
            "model": "dasmp:item/colored_ender_pearls/pink"
        },
        {
            "predicate": {
                "custom_model_data": 111
            },
            "model": "dasmp:item/colored_ender_pearls/purple"
        },
        {
            "predicate": {
                "custom_model_data": 112
            },
            "model": "dasmp:item/colored_ender_pearls/red"
        },
        {
            "predicate": {
                "custom_model_data": 113
            },
            "model": "dasmp:item/colored_ender_pearls/white"
        },
        {
            "predicate": {
                "custom_model_data": 114
            },
            "model": "dasmp:item/colored_ender_pearls/yellow"
        }
    ]
}
