{
  "parent": "minecraft:item/generated",
  "textures": {
    "layer0": "minecraft:item/music_disc_11"
  },
  "overrides": [
    {
      "predicate": {
        "custom_model_data": 100
      },
      "model": "dasmp:item/discs/summer_natures_crescendo"
    },
    {
      "predicate": {
        "custom_model_data": 101
      },
      "model": "dasmp:item/discs/train_rush"
    },
    {
      "predicate": {
        "custom_model_data": 102
      },
      "model": "dasmp:item/discs/click_clock_wood_spring"
    },
    {
      "predicate": {
        "custom_model_data": 103
      },
      "model": "dasmp:item/discs/freezeezy_peak"
    },
    {
      "predicate": {
        "custom_model_data": 104
      },
      "model": "dasmp:item/discs/your_contract_has_expired"
    },
    {
      "predicate": {
        "custom_model_data": 105
      },
      "model": "dasmp:item/discs/welcome_to_mafia_town"
    },
    {
      "predicate": {
        "custom_model_data": 106
      },
      "model": "dasmp:item/discs/heartbeat_heartbreak"
    },
    {
      "predicate": {
        "custom_model_data": 107
      },
      "model": "dasmp:item/discs/burn_my_dread"
    },
    {
      "predicate": {
        "custom_model_data": 108
      },
      "model": "dasmp:item/discs/life_will_change"
    },
    {
      "predicate": {
        "custom_model_data": 109
      },
      "model": "dasmp:item/discs/lost_in_paradise"
    },
    {
      "predicate": {
        "custom_model_data": 110
      },
      "model": "dasmp:item/discs/faster_car"
    },
    {
      "predicate": {
        "custom_model_data": 111
      },
      "model": "dasmp:item/discs/deal_with_destiny"
    }
  ]
}
