{
    "parent": "item/generated",
    "textures": {
        "layer0": "item/potion_overlay",
        "layer1": "item/potion"
    },
    "overrides": [{
        "predicate": {
            "custom_model_data": 100
        },
        "model": "dasmp:item/mug"
    }, {
        "predicate": {
            "custom_model_data": 101
        },
        "model": "dasmp:item/tall_glass"
    }, {
        "predicate": {
            "custom_model_data": 102
        },
        "model": "dasmp:item/tall_glass_boba"
    }, {
       "predicate": {
           "custom_model_data": 103
       },
       "model": "dasmp:item/arrow/right"
    }]
}
