{
	"credit": "Made with Blockbench",
	"texture_size": [
		32,
		32
	],
	"textures": {
		"2": "dasmp:item/radio"
	},
	"elements": [
		{
			"name": "Main Body",
			"from": [
				6,
				0.3,
				2
			],
			"to": [
				10,
				6.3,
				14
			],
			"rotation": {
				"angle": 0,
				"axis": "y",
				"origin": [
					9,
					0.3,
					7
				]
			},
			"faces": {
				"north": {
					"uv": [
						2,
						6,
						4,
						9
					],
					"texture": "#2"
				},
				"east": {
					"uv": [
						0,
						0,
						6,
						3
					],
					"texture": "#2"
				},
				"south": {
					"uv": [
						4,
						6,
						6,
						9
					],
					"texture": "#2"
				},
				"west": {
					"uv": [
						0,
						3,
						6,
						6
					],
					"texture": "#2"
				},
				"up": {
					"uv": [
						2,
						12,
						0,
						6
					],
					"texture": "#2"
				},
				"down": {
					"uv": [
						8,
						0,
						6,
						6
					],
					"texture": "#2"
				}
			}
		},
		{
			"from": [
				5.5,
				1.8,
				5
			],
			"to": [
				6,
				4.8,
				11
			],
			"rotation": {
				"angle": 0,
				"axis": "y",
				"origin": [
					4,
					1.8,
					7
				]
			},
			"faces": {
				"north": {
					"uv": [
						8,
						9,
						8.5,
						10.5
					],
					"texture": "#2"
				},
				"east": {
					"uv": [
						6,
						6,
						9,
						7.5
					],
					"texture": "#2"
				},
				"south": {
					"uv": [
						9,
						8,
						9.5,
						9.5
					],
					"texture": "#2"
				},
				"west": {
					"uv": [
						6,
						7.5,
						9,
						9
					],
					"texture": "#2"
				},
				"up": {
					"uv": [
						8.5,
						5,
						8,
						2
					],
					"texture": "#2"
				},
				"down": {
					"uv": [
						9,
						2,
						8.5,
						5
					],
					"texture": "#2"
				}
			}
		},
		{
			"from": [
				5.8,
				5.3,
				1.8
			],
			"to": [
				7,
				6.5,
				3
			],
			"rotation": {
				"angle": 0,
				"axis": "y",
				"origin": [
					5,
					5.3,
					1
				]
			},
			"faces": {
				"north": {
					"uv": [
						9.5,
						6.5,
						10,
						7
					],
					"texture": "#2"
				},
				"east": {
					"uv": [
						11,
						8.5,
						11.5,
						9
					],
					"texture": "#2"
				},
				"south": {
					"uv": [
						9,
						11,
						9.5,
						11.5
					],
					"texture": "#2"
				},
				"west": {
					"uv": [
						9.5,
						11,
						10,
						11.5
					],
					"texture": "#2"
				},
				"up": {
					"uv": [
						11.5,
						10,
						11,
						9.5
					],
					"texture": "#2"
				},
				"down": {
					"uv": [
						11.5,
						10,
						11,
						10.5
					],
					"texture": "#2"
				}
			}
		},
		{
			"from": [
				5.8,
				0.1,
				1.8
			],
			"to": [
				7,
				1.3,
				3
			],
			"rotation": {
				"angle": 0,
				"axis": "y",
				"origin": [
					5,
					1.3,
					1
				]
			},
			"faces": {
				"north": {
					"uv": [
						11,
						10.5,
						11.5,
						11
					],
					"texture": "#2"
				},
				"east": {
					"uv": [
						11,
						11,
						11.5,
						11.5
					],
					"texture": "#2"
				},
				"south": {
					"uv": [
						11.5,
						0,
						12,
						0.5
					],
					"texture": "#2"
				},
				"west": {
					"uv": [
						11.5,
						0.5,
						12,
						1
					],
					"texture": "#2"
				},
				"up": {
					"uv": [
						12,
						1.5,
						11.5,
						1
					],
					"texture": "#2"
				},
				"down": {
					"uv": [
						12,
						1.5,
						11.5,
						2
					],
					"texture": "#2"
				}
			}
		},
		{
			"from": [
				5.8,
				5.3,
				13
			],
			"to": [
				7,
				6.5,
				14.2
			],
			"rotation": {
				"angle": 0,
				"axis": "y",
				"origin": [
					5,
					5.3,
					15
				]
			},
			"faces": {
				"north": {
					"uv": [
						11.5,
						2,
						12,
						2.5
					],
					"texture": "#2"
				},
				"east": {
					"uv": [
						11.5,
						2.5,
						12,
						3
					],
					"texture": "#2"
				},
				"south": {
					"uv": [
						11.5,
						3,
						12,
						3.5
					],
					"texture": "#2"
				},
				"west": {
					"uv": [
						3.5,
						11.5,
						4,
						12
					],
					"texture": "#2"
				},
				"up": {
					"uv": [
						12,
						4,
						11.5,
						3.5
					],
					"texture": "#2"
				},
				"down": {
					"uv": [
						4.5,
						11.5,
						4,
						12
					],
					"texture": "#2"
				}
			}
		},
		{
			"from": [
				5.8,
				0.1,
				13
			],
			"to": [
				7,
				1.3,
				14.2
			],
			"rotation": {
				"angle": 0,
				"axis": "y",
				"origin": [
					5,
					1.3,
					15
				]
			},
			"faces": {
				"north": {
					"uv": [
						11.5,
						4,
						12,
						4.5
					],
					"texture": "#2"
				},
				"east": {
					"uv": [
						11.5,
						4.5,
						12,
						5
					],
					"texture": "#2"
				},
				"south": {
					"uv": [
						5.5,
						11.5,
						6,
						12
					],
					"texture": "#2"
				},
				"west": {
					"uv": [
						11.5,
						5.5,
						12,
						6
					],
					"texture": "#2"
				},
				"up": {
					"uv": [
						6.5,
						12,
						6,
						11.5
					],
					"texture": "#2"
				},
				"down": {
					"uv": [
						12,
						6,
						11.5,
						6.5
					],
					"texture": "#2"
				}
			}
		},
		{
			"from": [
				9,
				5.3,
				1.8
			],
			"to": [
				10.2,
				6.5,
				3
			],
			"rotation": {
				"angle": 0,
				"axis": "y",
				"origin": [
					11,
					5.3,
					1
				]
			},
			"faces": {
				"north": {
					"uv": [
						11.5,
						6.5,
						12,
						7
					],
					"texture": "#2"
				},
				"east": {
					"uv": [
						11.5,
						7,
						12,
						7.5
					],
					"texture": "#2"
				},
				"south": {
					"uv": [
						11.5,
						7.5,
						12,
						8
					],
					"texture": "#2"
				},
				"west": {
					"uv": [
						8,
						11.5,
						8.5,
						12
					],
					"texture": "#2"
				},
				"up": {
					"uv": [
						12,
						8.5,
						11.5,
						8
					],
					"texture": "#2"
				},
				"down": {
					"uv": [
						9,
						11.5,
						8.5,
						12
					],
					"texture": "#2"
				}
			}
		},
		{
			"from": [
				9,
				0.1,
				1.8
			],
			"to": [
				10.2,
				1.3,
				3
			],
			"rotation": {
				"angle": 0,
				"axis": "y",
				"origin": [
					11,
					1.3,
					1
				]
			},
			"faces": {
				"north": {
					"uv": [
						11.5,
						8.5,
						12,
						9
					],
					"texture": "#2"
				},
				"east": {
					"uv": [
						9,
						11.5,
						9.5,
						12
					],
					"texture": "#2"
				},
				"south": {
					"uv": [
						11.5,
						9,
						12,
						9.5
					],
					"texture": "#2"
				},
				"west": {
					"uv": [
						9.5,
						11.5,
						10,
						12
					],
					"texture": "#2"
				},
				"up": {
					"uv": [
						12,
						10,
						11.5,
						9.5
					],
					"texture": "#2"
				},
				"down": {
					"uv": [
						10.5,
						11.5,
						10,
						12
					],
					"texture": "#2"
				}
			}
		},
		{
			"from": [
				9,
				5.3,
				13
			],
			"to": [
				10.2,
				6.5,
				14.2
			],
			"rotation": {
				"angle": 0,
				"axis": "y",
				"origin": [
					11,
					5.3,
					15
				]
			},
			"faces": {
				"north": {
					"uv": [
						11.5,
						10,
						12,
						10.5
					],
					"texture": "#2"
				},
				"east": {
					"uv": [
						10.5,
						11.5,
						11,
						12
					],
					"texture": "#2"
				},
				"south": {
					"uv": [
						11.5,
						10.5,
						12,
						11
					],
					"texture": "#2"
				},
				"west": {
					"uv": [
						11,
						11.5,
						11.5,
						12
					],
					"texture": "#2"
				},
				"up": {
					"uv": [
						12,
						11.5,
						11.5,
						11
					],
					"texture": "#2"
				},
				"down": {
					"uv": [
						12,
						11.5,
						11.5,
						12
					],
					"texture": "#2"
				}
			}
		},
		{
			"from": [
				9,
				0.1,
				13
			],
			"to": [
				10.2,
				1.3,
				14.2
			],
			"rotation": {
				"angle": 0,
				"axis": "y",
				"origin": [
					11,
					1.3,
					15
				]
			},
			"faces": {
				"north": {
					"uv": [
						0,
						12,
						0.5,
						12.5
					],
					"texture": "#2"
				},
				"east": {
					"uv": [
						12,
						0,
						12.5,
						0.5
					],
					"texture": "#2"
				},
				"south": {
					"uv": [
						0.5,
						12,
						1,
						12.5
					],
					"texture": "#2"
				},
				"west": {
					"uv": [
						12,
						0.5,
						12.5,
						1
					],
					"texture": "#2"
				},
				"up": {
					"uv": [
						1.5,
						12.5,
						1,
						12
					],
					"texture": "#2"
				},
				"down": {
					"uv": [
						12.5,
						1,
						12,
						1.5
					],
					"texture": "#2"
				}
			}
		},
		{
			"from": [
				8.75,
				6.3,
				9.775
			],
			"to": [
				9.25,
				6.5,
				10.275
			],
			"rotation": {
				"angle": 0,
				"axis": "y",
				"origin": [
					7.25,
					6.3,
					9.275
				]
			},
			"faces": {
				"north": {
					"uv": [
						1.5,
						12,
						2,
						12.5
					],
					"texture": "#2"
				},
				"east": {
					"uv": [
						12,
						1.5,
						12.5,
						2
					],
					"texture": "#2"
				},
				"south": {
					"uv": [
						2,
						12,
						2.5,
						12.5
					],
					"texture": "#2"
				},
				"west": {
					"uv": [
						12,
						2,
						12.5,
						2.5
					],
					"texture": "#2"
				},
				"up": {
					"uv": [
						3,
						12.5,
						2.5,
						12
					],
					"texture": "#2"
				},
				"down": {
					"uv": [
						12.5,
						2.5,
						12,
						3
					],
					"texture": "#2"
				}
			}
		},
		{
			"from": [
				8.75,
				6.3,
				8.475
			],
			"to": [
				9.25,
				6.5,
				8.975
			],
			"rotation": {
				"angle": 0,
				"axis": "y",
				"origin": [
					7.25,
					6.3,
					7.975
				]
			},
			"faces": {
				"north": {
					"uv": [
						3,
						12,
						3.5,
						12.5
					],
					"texture": "#2"
				},
				"east": {
					"uv": [
						12,
						3,
						12.5,
						3.5
					],
					"texture": "#2"
				},
				"south": {
					"uv": [
						3.5,
						12,
						4,
						12.5
					],
					"texture": "#2"
				},
				"west": {
					"uv": [
						12,
						3.5,
						12.5,
						4
					],
					"texture": "#2"
				},
				"up": {
					"uv": [
						4.5,
						12.5,
						4,
						12
					],
					"texture": "#2"
				},
				"down": {
					"uv": [
						12.5,
						4,
						12,
						4.5
					],
					"texture": "#2"
				}
			}
		},
		{
			"from": [
				8.75,
				6.3,
				7
			],
			"to": [
				9.25,
				6.5,
				7.5
			],
			"rotation": {
				"angle": 0,
				"axis": "y",
				"origin": [
					7.25,
					6.3,
					6.5
				]
			},
			"faces": {
				"north": {
					"uv": [
						4.5,
						12,
						5,
						12.5
					],
					"texture": "#2"
				},
				"east": {
					"uv": [
						12,
						4.5,
						12.5,
						5
					],
					"texture": "#2"
				},
				"south": {
					"uv": [
						5,
						12,
						5.5,
						12.5
					],
					"texture": "#2"
				},
				"west": {
					"uv": [
						12,
						5,
						12.5,
						5.5
					],
					"texture": "#2"
				},
				"up": {
					"uv": [
						6,
						12.5,
						5.5,
						12
					],
					"texture": "#2"
				},
				"down": {
					"uv": [
						12.5,
						5.5,
						12,
						6
					],
					"texture": "#2"
				}
			}
		},
		{
			"from": [
				8.75,
				6.3,
				5.775
			],
			"to": [
				9.25,
				6.5,
				6.275
			],
			"rotation": {
				"angle": 0,
				"axis": "y",
				"origin": [
					7.25,
					6.3,
					5.275
				]
			},
			"faces": {
				"north": {
					"uv": [
						6,
						12,
						6.5,
						12.5
					],
					"texture": "#2"
				},
				"east": {
					"uv": [
						12,
						6,
						12.5,
						6.5
					],
					"texture": "#2"
				},
				"south": {
					"uv": [
						6.5,
						12,
						7,
						12.5
					],
					"texture": "#2"
				},
				"west": {
					"uv": [
						12,
						6.5,
						12.5,
						7
					],
					"texture": "#2"
				},
				"up": {
					"uv": [
						7.5,
						12.5,
						7,
						12
					],
					"texture": "#2"
				},
				"down": {
					"uv": [
						12.5,
						7,
						12,
						7.5
					],
					"texture": "#2"
				}
			}
		},
		{
			"from": [
				7.5,
				6.3,
				4
			],
			"to": [
				8.5,
				10.3,
				5
			],
			"rotation": {
				"angle": 0,
				"axis": "y",
				"origin": [
					8,
					6.3,
					6
				]
			},
			"faces": {
				"north": {
					"uv": [
						2.5,
						9,
						3,
						11
					],
					"texture": "#2"
				},
				"east": {
					"uv": [
						3,
						9,
						3.5,
						11
					],
					"texture": "#2"
				},
				"south": {
					"uv": [
						3.5,
						9,
						4,
						11
					],
					"texture": "#2"
				},
				"west": {
					"uv": [
						4,
						9,
						4.5,
						11
					],
					"texture": "#2"
				},
				"up": {
					"uv": [
						8,
						12.5,
						7.5,
						12
					],
					"texture": "#2"
				},
				"down": {
					"uv": [
						12.5,
						7.5,
						12,
						8
					],
					"texture": "#2"
				}
			}
		},
		{
			"from": [
				7.5,
				6.3,
				3
			],
			"to": [
				8.5,
				9.3,
				4
			],
			"rotation": {
				"angle": 0,
				"axis": "y",
				"origin": [
					8,
					6.3,
					5
				]
			},
			"faces": {
				"north": {
					"uv": [
						8.5,
						9,
						9,
						10.5
					],
					"texture": "#2"
				},
				"east": {
					"uv": [
						9.5,
						2,
						10,
						3.5
					],
					"texture": "#2"
				},
				"south": {
					"uv": [
						9.5,
						3.5,
						10,
						5
					],
					"texture": "#2"
				},
				"west": {
					"uv": [
						9.5,
						5,
						10,
						6.5
					],
					"texture": "#2"
				},
				"up": {
					"uv": [
						8.5,
						12.5,
						8,
						12
					],
					"texture": "#2"
				},
				"down": {
					"uv": [
						12.5,
						8,
						12,
						8.5
					],
					"texture": "#2"
				}
			}
		},
		{
			"from": [
				7.5,
				6.3,
				11
			],
			"to": [
				8.5,
				10.3,
				12
			],
			"rotation": {
				"angle": 0,
				"axis": "y",
				"origin": [
					8,
					6.3,
					10
				]
			},
			"faces": {
				"north": {
					"uv": [
						4.5,
						9,
						5,
						11
					],
					"texture": "#2"
				},
				"east": {
					"uv": [
						5,
						9,
						5.5,
						11
					],
					"texture": "#2"
				},
				"south": {
					"uv": [
						9,
						5,
						9.5,
						7
					],
					"texture": "#2"
				},
				"west": {
					"uv": [
						5.5,
						9,
						6,
						11
					],
					"texture": "#2"
				},
				"up": {
					"uv": [
						9,
						12.5,
						8.5,
						12
					],
					"texture": "#2"
				},
				"down": {
					"uv": [
						12.5,
						8.5,
						12,
						9
					],
					"texture": "#2"
				}
			}
		},
		{
			"from": [
				7.501,
				10.01816,
				11.46963
			],
			"to": [
				8.499,
				11.01616,
				12.87763
			],
			"rotation": {
				"angle": 45,
				"axis": "x",
				"origin": [
					7.5,
					10.01716,
					10.86863
				]
			},
			"faces": {
				"north": {
					"uv": [
						9,
						12,
						9.5,
						12.5
					],
					"texture": "#2"
				},
				"east": {
					"uv": [
						12,
						9,
						12.5,
						9.5
					],
					"texture": "#2"
				},
				"south": {
					"uv": [
						9.5,
						12,
						10,
						12.5
					],
					"texture": "#2"
				},
				"west": {
					"uv": [
						12,
						9.5,
						12.5,
						10
					],
					"texture": "#2"
				},
				"up": {
					"uv": [
						10.5,
						12.5,
						10,
						12
					],
					"texture": "#2"
				},
				"down": {
					"uv": [
						12.5,
						10,
						12,
						10.5
					],
					"texture": "#2"
				}
			}
		},
		{
			"from": [
				7.5,
				6.3,
				12
			],
			"to": [
				8.5,
				9.3,
				13
			],
			"rotation": {
				"angle": 0,
				"axis": "y",
				"origin": [
					8,
					6.3,
					11
				]
			},
			"faces": {
				"north": {
					"uv": [
						9.5,
						8,
						10,
						9.5
					],
					"texture": "#2"
				},
				"east": {
					"uv": [
						9,
						9.5,
						9.5,
						11
					],
					"texture": "#2"
				},
				"south": {
					"uv": [
						9.5,
						9.5,
						10,
						11
					],
					"texture": "#2"
				},
				"west": {
					"uv": [
						10,
						2,
						10.5,
						3.5
					],
					"texture": "#2"
				},
				"up": {
					"uv": [
						11,
						12.5,
						10.5,
						12
					],
					"texture": "#2"
				},
				"down": {
					"uv": [
						12.5,
						10.5,
						12,
						11
					],
					"texture": "#2"
				}
			}
		},
		{
			"from": [
				7.501,
				10.01816,
				3.12237
			],
			"to": [
				8.499,
				11.01616,
				4.53037
			],
			"rotation": {
				"angle": -45,
				"axis": "x",
				"origin": [
					7.5,
					10.01716,
					5.13137
				]
			},
			"faces": {
				"north": {
					"uv": [
						11,
						12,
						11.5,
						12.5
					],
					"texture": "#2"
				},
				"east": {
					"uv": [
						12,
						11,
						12.5,
						11.5
					],
					"texture": "#2"
				},
				"south": {
					"uv": [
						11.5,
						12,
						12,
						12.5
					],
					"texture": "#2"
				},
				"west": {
					"uv": [
						12,
						11.5,
						12.5,
						12
					],
					"texture": "#2"
				},
				"up": {
					"uv": [
						12.5,
						12.5,
						12,
						12
					],
					"texture": "#2"
				},
				"down": {
					"uv": [
						0.5,
						12.5,
						0,
						13
					],
					"texture": "#2"
				}
			}
		},
		{
			"from": [
				7.5,
				8.3,
				5
			],
			"to": [
				8.5,
				10.3,
				11
			],
			"rotation": {
				"angle": 0,
				"axis": "y",
				"origin": [
					9,
					10.3,
					6
				]
			},
			"faces": {
				"north": {
					"uv": [
						10,
						3.5,
						10.5,
						4.5
					],
					"texture": "#2"
				},
				"east": {
					"uv": [
						8,
						0,
						11,
						1
					],
					"texture": "#2"
				},
				"south": {
					"uv": [
						10,
						4.5,
						10.5,
						5.5
					],
					"texture": "#2"
				},
				"west": {
					"uv": [
						8,
						1,
						11,
						2
					],
					"texture": "#2"
				},
				"up": {
					"uv": [
						2.5,
						12,
						2,
						9
					],
					"texture": "#2"
				},
				"down": {
					"uv": [
						9.5,
						2,
						9,
						5
					],
					"texture": "#2"
				}
			}
		},
		{
			"from": [
				10,
				2.3,
				4
			],
			"to": [
				10.25,
				4.3,
				6
			],
			"rotation": {
				"angle": 0,
				"axis": "y",
				"origin": [
					12,
					2.3,
					4
				]
			},
			"faces": {
				"north": {
					"uv": [
						10,
						5.5,
						10.5,
						6.5
					],
					"texture": "#2"
				},
				"east": {
					"uv": [
						8,
						5,
						9,
						6
					],
					"texture": "#2"
				},
				"south": {
					"uv": [
						6,
						10,
						6.5,
						11
					],
					"texture": "#2"
				},
				"west": {
					"uv": [
						6,
						9,
						7,
						10
					],
					"texture": "#2"
				},
				"up": {
					"uv": [
						7,
						11,
						6.5,
						10
					],
					"texture": "#2"
				},
				"down": {
					"uv": [
						10.5,
						6.5,
						10,
						7.5
					],
					"texture": "#2"
				}
			}
		},
		{
			"from": [
				10,
				2.3,
				6
			],
			"to": [
				10.5,
				4.3,
				7
			],
			"rotation": {
				"angle": 0,
				"axis": "y",
				"origin": [
					12,
					2.3,
					6
				]
			},
			"faces": {
				"north": {
					"uv": [
						7,
						10,
						7.5,
						11
					],
					"texture": "#2"
				},
				"east": {
					"uv": [
						7.5,
						10,
						8,
						11
					],
					"texture": "#2"
				},
				"south": {
					"uv": [
						10,
						7.5,
						10.5,
						8.5
					],
					"texture": "#2"
				},
				"west": {
					"uv": [
						10,
						8.5,
						10.5,
						9.5
					],
					"texture": "#2"
				},
				"up": {
					"uv": [
						13,
						0.5,
						12.5,
						0
					],
					"texture": "#2"
				},
				"down": {
					"uv": [
						1,
						12.5,
						0.5,
						13
					],
					"texture": "#2"
				}
			}
		},
		{
			"from": [
				10,
				4.3,
				4
			],
			"to": [
				10.5,
				5.3,
				6
			],
			"rotation": {
				"angle": 0,
				"axis": "y",
				"origin": [
					12,
					4.3,
					6
				]
			},
			"faces": {
				"north": {
					"uv": [
						12.5,
						0.5,
						13,
						1
					],
					"texture": "#2"
				},
				"east": {
					"uv": [
						10,
						9.5,
						11,
						10
					],
					"texture": "#2"
				},
				"south": {
					"uv": [
						1,
						12.5,
						1.5,
						13
					],
					"texture": "#2"
				},
				"west": {
					"uv": [
						10,
						10,
						11,
						10.5
					],
					"texture": "#2"
				},
				"up": {
					"uv": [
						11,
						3,
						10.5,
						2
					],
					"texture": "#2"
				},
				"down": {
					"uv": [
						11,
						3,
						10.5,
						4
					],
					"texture": "#2"
				}
			}
		},
		{
			"from": [
				10,
				1.3,
				4
			],
			"to": [
				10.5,
				2.3,
				6
			],
			"rotation": {
				"angle": 0,
				"axis": "y",
				"origin": [
					12,
					1.3,
					6
				]
			},
			"faces": {
				"north": {
					"uv": [
						12.5,
						1,
						13,
						1.5
					],
					"texture": "#2"
				},
				"east": {
					"uv": [
						10.5,
						4,
						11.5,
						4.5
					],
					"texture": "#2"
				},
				"south": {
					"uv": [
						1.5,
						12.5,
						2,
						13
					],
					"texture": "#2"
				},
				"west": {
					"uv": [
						10.5,
						4.5,
						11.5,
						5
					],
					"texture": "#2"
				},
				"up": {
					"uv": [
						11,
						6,
						10.5,
						5
					],
					"texture": "#2"
				},
				"down": {
					"uv": [
						11,
						6,
						10.5,
						7
					],
					"texture": "#2"
				}
			}
		},
		{
			"from": [
				10,
				2.3,
				3
			],
			"to": [
				10.5,
				4.3,
				4
			],
			"rotation": {
				"angle": 0,
				"axis": "y",
				"origin": [
					12,
					2.3,
					3
				]
			},
			"faces": {
				"north": {
					"uv": [
						10.5,
						7,
						11,
						8
					],
					"texture": "#2"
				},
				"east": {
					"uv": [
						8,
						10.5,
						8.5,
						11.5
					],
					"texture": "#2"
				},
				"south": {
					"uv": [
						10.5,
						8,
						11,
						9
					],
					"texture": "#2"
				},
				"west": {
					"uv": [
						8.5,
						10.5,
						9,
						11.5
					],
					"texture": "#2"
				},
				"up": {
					"uv": [
						13,
						2,
						12.5,
						1.5
					],
					"texture": "#2"
				},
				"down": {
					"uv": [
						2.5,
						12.5,
						2,
						13
					],
					"texture": "#2"
				}
			}
		},
		{
			"from": [
				10.001,
				4.31521,
				2.75836
			],
			"to": [
				10.499,
				5.71321,
				3.75636
			],
			"rotation": {
				"angle": -45,
				"axis": "x",
				"origin": [
					8,
					4.3,
					7
				]
			},
			"faces": {
				"north": {
					"uv": [
						12.5,
						2,
						13,
						2.5
					],
					"texture": "#2"
				},
				"east": {
					"uv": [
						2.5,
						12.5,
						3,
						13
					],
					"texture": "#2"
				},
				"south": {
					"uv": [
						12.5,
						2.5,
						13,
						3
					],
					"texture": "#2"
				},
				"west": {
					"uv": [
						3,
						12.5,
						3.5,
						13
					],
					"texture": "#2"
				},
				"up": {
					"uv": [
						13,
						3.5,
						12.5,
						3
					],
					"texture": "#2"
				},
				"down": {
					"uv": [
						4,
						12.5,
						3.5,
						13
					],
					"texture": "#2"
				}
			}
		},
		{
			"from": [
				10.001,
				4.31521,
				6.24364
			],
			"to": [
				10.499,
				5.71321,
				7.24164
			],
			"rotation": {
				"angle": 45,
				"axis": "x",
				"origin": [
					8,
					4.3,
					3
				]
			},
			"faces": {
				"north": {
					"uv": [
						12.5,
						3.5,
						13,
						4
					],
					"texture": "#2"
				},
				"east": {
					"uv": [
						4,
						12.5,
						4.5,
						13
					],
					"texture": "#2"
				},
				"south": {
					"uv": [
						12.5,
						4,
						13,
						4.5
					],
					"texture": "#2"
				},
				"west": {
					"uv": [
						4.5,
						12.5,
						5,
						13
					],
					"texture": "#2"
				},
				"up": {
					"uv": [
						13,
						5,
						12.5,
						4.5
					],
					"texture": "#2"
				},
				"down": {
					"uv": [
						5.5,
						12.5,
						5,
						13
					],
					"texture": "#2"
				}
			}
		},
		{
			"from": [
				10.001,
				0.89725,
				6.23259
			],
			"to": [
				10.501,
				2.29725,
				7.23259
			],
			"rotation": {
				"angle": -45,
				"axis": "x",
				"origin": [
					8.001,
					2.31146,
					2.98995
				]
			},
			"faces": {
				"north": {
					"uv": [
						12.5,
						5,
						13,
						5.5
					],
					"texture": "#2"
				},
				"east": {
					"uv": [
						5.5,
						12.5,
						6,
						13
					],
					"texture": "#2"
				},
				"south": {
					"uv": [
						12.5,
						5.5,
						13,
						6
					],
					"texture": "#2"
				},
				"west": {
					"uv": [
						6,
						12.5,
						6.5,
						13
					],
					"texture": "#2"
				},
				"up": {
					"uv": [
						13,
						6.5,
						12.5,
						6
					],
					"texture": "#2"
				},
				"down": {
					"uv": [
						7,
						12.5,
						6.5,
						13
					],
					"texture": "#2"
				}
			}
		},
		{
			"from": [
				10.002,
				0.89825,
				2.76841
			],
			"to": [
				10.5,
				2.29625,
				3.76641
			],
			"rotation": {
				"angle": 45,
				"axis": "x",
				"origin": [
					8.001,
					2.31146,
					7.01005
				]
			},
			"faces": {
				"north": {
					"uv": [
						12.5,
						6.5,
						13,
						7
					],
					"texture": "#2"
				},
				"east": {
					"uv": [
						7,
						12.5,
						7.5,
						13
					],
					"texture": "#2"
				},
				"south": {
					"uv": [
						12.5,
						7,
						13,
						7.5
					],
					"texture": "#2"
				},
				"west": {
					"uv": [
						7.5,
						12.5,
						8,
						13
					],
					"texture": "#2"
				},
				"up": {
					"uv": [
						13,
						8,
						12.5,
						7.5
					],
					"texture": "#2"
				},
				"down": {
					"uv": [
						8.5,
						12.5,
						8,
						13
					],
					"texture": "#2"
				}
			}
		},
		{
			"from": [
				10,
				2.3,
				10
			],
			"to": [
				10.25,
				4.3,
				12
			],
			"rotation": {
				"angle": 0,
				"axis": "y",
				"origin": [
					12,
					2.3,
					10
				]
			},
			"faces": {
				"north": {
					"uv": [
						10,
						10.5,
						10.5,
						11.5
					],
					"texture": "#2"
				},
				"east": {
					"uv": [
						7,
						9,
						8,
						10
					],
					"texture": "#2"
				},
				"south": {
					"uv": [
						10.5,
						10.5,
						11,
						11.5
					],
					"texture": "#2"
				},
				"west": {
					"uv": [
						9,
						7,
						10,
						8
					],
					"texture": "#2"
				},
				"up": {
					"uv": [
						11.5,
						1,
						11,
						0
					],
					"texture": "#2"
				},
				"down": {
					"uv": [
						11.5,
						1,
						11,
						2
					],
					"texture": "#2"
				}
			}
		},
		{
			"from": [
				10,
				2.3,
				12
			],
			"to": [
				10.5,
				4.3,
				13
			],
			"rotation": {
				"angle": 0,
				"axis": "y",
				"origin": [
					12,
					2.3,
					12
				]
			},
			"faces": {
				"north": {
					"uv": [
						11,
						2,
						11.5,
						3
					],
					"texture": "#2"
				},
				"east": {
					"uv": [
						2.5,
						11,
						3,
						12
					],
					"texture": "#2"
				},
				"south": {
					"uv": [
						3,
						11,
						3.5,
						12
					],
					"texture": "#2"
				},
				"west": {
					"uv": [
						11,
						3,
						11.5,
						4
					],
					"texture": "#2"
				},
				"up": {
					"uv": [
						13,
						8.5,
						12.5,
						8
					],
					"texture": "#2"
				},
				"down": {
					"uv": [
						9,
						12.5,
						8.5,
						13
					],
					"texture": "#2"
				}
			}
		},
		{
			"from": [
				10,
				4.3,
				10
			],
			"to": [
				10.5,
				5.3,
				12
			],
			"rotation": {
				"angle": 0,
				"axis": "y",
				"origin": [
					12,
					4.3,
					12
				]
			},
			"faces": {
				"north": {
					"uv": [
						12.5,
						8.5,
						13,
						9
					],
					"texture": "#2"
				},
				"east": {
					"uv": [
						10.5,
						9,
						11.5,
						9.5
					],
					"texture": "#2"
				},
				"south": {
					"uv": [
						9,
						12.5,
						9.5,
						13
					],
					"texture": "#2"
				},
				"west": {
					"uv": [
						3.5,
						11,
						4.5,
						11.5
					],
					"texture": "#2"
				},
				"up": {
					"uv": [
						5,
						12,
						4.5,
						11
					],
					"texture": "#2"
				},
				"down": {
					"uv": [
						5.5,
						11,
						5,
						12
					],
					"texture": "#2"
				}
			}
		},
		{
			"from": [
				10,
				1.3,
				10
			],
			"to": [
				10.5,
				2.3,
				12
			],
			"rotation": {
				"angle": 0,
				"axis": "y",
				"origin": [
					12,
					1.3,
					12
				]
			},
			"faces": {
				"north": {
					"uv": [
						12.5,
						9,
						13,
						9.5
					],
					"texture": "#2"
				},
				"east": {
					"uv": [
						11,
						5,
						12,
						5.5
					],
					"texture": "#2"
				},
				"south": {
					"uv": [
						9.5,
						12.5,
						10,
						13
					],
					"texture": "#2"
				},
				"west": {
					"uv": [
						5.5,
						11,
						6.5,
						11.5
					],
					"texture": "#2"
				},
				"up": {
					"uv": [
						11.5,
						6.5,
						11,
						5.5
					],
					"texture": "#2"
				},
				"down": {
					"uv": [
						7,
						11,
						6.5,
						12
					],
					"texture": "#2"
				}
			}
		},
		{
			"from": [
				10,
				2.3,
				9
			],
			"to": [
				10.5,
				4.3,
				10
			],
			"rotation": {
				"angle": 0,
				"axis": "y",
				"origin": [
					12,
					2.3,
					9
				]
			},
			"faces": {
				"north": {
					"uv": [
						11,
						6.5,
						11.5,
						7.5
					],
					"texture": "#2"
				},
				"east": {
					"uv": [
						7,
						11,
						7.5,
						12
					],
					"texture": "#2"
				},
				"south": {
					"uv": [
						7.5,
						11,
						8,
						12
					],
					"texture": "#2"
				},
				"west": {
					"uv": [
						11,
						7.5,
						11.5,
						8.5
					],
					"texture": "#2"
				},
				"up": {
					"uv": [
						13,
						10,
						12.5,
						9.5
					],
					"texture": "#2"
				},
				"down": {
					"uv": [
						10.5,
						12.5,
						10,
						13
					],
					"texture": "#2"
				}
			}
		},
		{
			"from": [
				10.001,
				4.31521,
				8.75836
			],
			"to": [
				10.499,
				5.71321,
				9.75636
			],
			"rotation": {
				"angle": -45,
				"axis": "x",
				"origin": [
					8,
					4.3,
					13
				]
			},
			"faces": {
				"north": {
					"uv": [
						12.5,
						10,
						13,
						10.5
					],
					"texture": "#2"
				},
				"east": {
					"uv": [
						10.5,
						12.5,
						11,
						13
					],
					"texture": "#2"
				},
				"south": {
					"uv": [
						12.5,
						10.5,
						13,
						11
					],
					"texture": "#2"
				},
				"west": {
					"uv": [
						11,
						12.5,
						11.5,
						13
					],
					"texture": "#2"
				},
				"up": {
					"uv": [
						13,
						11.5,
						12.5,
						11
					],
					"texture": "#2"
				},
				"down": {
					"uv": [
						12,
						12.5,
						11.5,
						13
					],
					"texture": "#2"
				}
			}
		},
		{
			"from": [
				10.001,
				4.31521,
				12.24364
			],
			"to": [
				10.499,
				5.71321,
				13.24164
			],
			"rotation": {
				"angle": 45,
				"axis": "x",
				"origin": [
					8,
					4.3,
					9
				]
			},
			"faces": {
				"north": {
					"uv": [
						12.5,
						11.5,
						13,
						12
					],
					"texture": "#2"
				},
				"east": {
					"uv": [
						12,
						12.5,
						12.5,
						13
					],
					"texture": "#2"
				},
				"south": {
					"uv": [
						12.5,
						12,
						13,
						12.5
					],
					"texture": "#2"
				},
				"west": {
					"uv": [
						12.5,
						12.5,
						13,
						13
					],
					"texture": "#2"
				},
				"up": {
					"uv": [
						0.5,
						13.5,
						0,
						13
					],
					"texture": "#2"
				},
				"down": {
					"uv": [
						13.5,
						0,
						13,
						0.5
					],
					"texture": "#2"
				}
			}
		},
		{
			"from": [
				10.001,
				0.89725,
				12.23259
			],
			"to": [
				10.501,
				2.29725,
				13.23259
			],
			"rotation": {
				"angle": -45,
				"axis": "x",
				"origin": [
					8.001,
					2.31146,
					8.98995
				]
			},
			"faces": {
				"north": {
					"uv": [
						0.5,
						13,
						1,
						13.5
					],
					"texture": "#2"
				},
				"east": {
					"uv": [
						13,
						0.5,
						13.5,
						1
					],
					"texture": "#2"
				},
				"south": {
					"uv": [
						1,
						13,
						1.5,
						13.5
					],
					"texture": "#2"
				},
				"west": {
					"uv": [
						13,
						1,
						13.5,
						1.5
					],
					"texture": "#2"
				},
				"up": {
					"uv": [
						2,
						13.5,
						1.5,
						13
					],
					"texture": "#2"
				},
				"down": {
					"uv": [
						13.5,
						1.5,
						13,
						2
					],
					"texture": "#2"
				}
			}
		},
		{
			"from": [
				10.001,
				0.89725,
				8.76741
			],
			"to": [
				10.501,
				2.29725,
				9.76741
			],
			"rotation": {
				"angle": 45,
				"axis": "x",
				"origin": [
					8.001,
					2.31146,
					13.01005
				]
			},
			"faces": {
				"north": {
					"uv": [
						2,
						13,
						2.5,
						13.5
					],
					"texture": "#2"
				},
				"east": {
					"uv": [
						13,
						2,
						13.5,
						2.5
					],
					"texture": "#2"
				},
				"south": {
					"uv": [
						2.5,
						13,
						3,
						13.5
					],
					"texture": "#2"
				},
				"west": {
					"uv": [
						13,
						2.5,
						13.5,
						3
					],
					"texture": "#2"
				},
				"up": {
					"uv": [
						3.5,
						13.5,
						3,
						13
					],
					"texture": "#2"
				},
				"down": {
					"uv": [
						13.5,
						3,
						13,
						3.5
					],
					"texture": "#2"
				}
			}
		}
	],
	"display": {
		"thirdperson_righthand": {
			"rotation": [
				90,
				0,
				0
			],
			"translation": [
				0,
				-2,
				0.5
			]
		},
		"firstperson_righthand": {
			"rotation": [
				45,
				0,
				0
			],
			"translation": [
				0,
				0,
				0
			]
		},
		"head": {
			"rotation": [
				0,
				90,
				0
			],
			"translation": [
				0,
				16,
				0
			]
		},
		"gui": {
			"rotation": [
				22.5,
				270,
				0
			],
			"translation": [
				0,
				2,
				0
			]
		},
		"ground": {
			"rotation": [
				0,
				0,
				0
			],
			"translation": [
				0,
				5,
				0
			]
		}
	},
	"groups": [
		{
			"name": "Jukebox",
			"origin": [
				8,
				8,
				8
			],
			"color": 0,
			"children": [
				0,
				1,
				{
					"name": "Corners",
					"origin": [
						8,
						8,
						8
					],
					"color": 0,
					"children": [
						2,
						3,
						4,
						5,
						6,
						7,
						8,
						9
					]
				},
				{
					"name": "Buttons",
					"origin": [
						8,
						8,
						8
					],
					"color": 0,
					"children": [
						10,
						11,
						12,
						13
					]
				},
				{
					"name": "Handle",
					"origin": [
						8,
						8,
						8
					],
					"color": 0,
					"children": [
						14,
						15,
						16,
						17,
						18,
						19,
						20
					]
				},
				{
					"name": "Speaker 1",
					"origin": [
						4,
						2,
						4
					],
					"color": 1,
					"children": [
						21,
						22,
						23,
						24,
						25,
						26,
						27,
						28,
						29
					]
				},
				{
					"name": "Speaker 2",
					"origin": [
						4,
						2,
						4
					],
					"color": 1,
					"children": [
						30,
						31,
						32,
						33,
						34,
						35,
						36,
						37,
						38
					]
				}
			]
		}
	]
}