{
    "music.click_clock_wood_spring":
    {
        "sounds":
        [
            {
                "name": "spring2021:music/click_clock_wood_spring",
                "stream": true
            }
        ]
    },
    "music.trial_by_jinjo":
    {
        "sounds":
        [
            {
                "name": "spring2021:music/trial_by_jinjo",
                "stream": true
            }
        ]
    },
    "music.summer_nature_crescendo":
    {
        "sounds":
        [
            {
                "name": "spring2021:music/summer_nature_crescendo",
                "stream": true
            }
        ]
    }
}
