{
    "music.summer_natures_crescendo": {
        "sounds": [
            {
                "name": "dasmp:music/summer_natures_crescendo",
                "stream": true
            }
        ]
    },
    "music.train_rush": {
        "sounds": [
            {
                "name": "dasmp:music/train_rush",
                "stream": true
            }
        ]
    },
    "music.click_clock_wood_spring": {
        "sounds": [
            {
                "name": "dasmp:music/click_clock_wood_spring",
                "stream": true
            }
        ]
    },
    "music.freezeezy_peak": {
        "sounds": [
            {
                "name": "dasmp:music/freezeezy_peak",
                "stream": true
            }
        ]
    },
    "music.your_contract_has_expired": {
        "sounds": [
            {
                "name": "dasmp:music/your_contract_has_expired",
                "stream": true
            }
        ]
    },
    "music.welcome_to_mafia_town": {
        "sounds": [
            {
                "name": "dasmp:music/welcome_to_mafia_town",
                "stream": true
            }
        ]
    },
    "music.heartbeat_heartbreak": {
        "sounds": [
            {
                "name": "dasmp:music/heartbeat_heartbreak",
                "stream": true
            }
        ]
    },
    "music.burn_my_dread": {
        "sounds": [
            {
                "name": "dasmp:music/burn_my_dread",
                "stream": true
            }
        ]
    },
    "music.life_will_change": {
        "sounds": [
            {
                "name": "dasmp:music/life_will_change",
                "stream": true
            }
        ]
    },
    "music.lost_in_paradise": {
        "sounds": [
            {
                "name": "dasmp:music/lost_in_paradise",
                "stream": true
            }
        ]
    },
    "music.faster_car": {
        "sounds": [
            {
                "name": "dasmp:music/faster_car",
                "stream": true
            }
        ]
    },
    "music.deal_with_destiny": {
        "sounds": [
            {
                "name": "dasmp:music/deal_with_destiny",
                "stream": true
            }
        ]
    },
    "music.spider_dance_remix": {
        "sounds": [
            {
                "name": "dasmp:music/spider_dance_remix",
                "stream": true
            }
        ]
    },
    "music.shelter": {
        "sounds": [
            {
                "name": "dasmp:music/shelter",
                "stream": true
            }
        ]
    }
}
